ich	5890279
sie	3806767
das	3122198
ist	3025610
du	2947020
nicht	2756783
die	2484854
es	2303025
und	2289891
der	1726001
wir	1721620
was	1696010
zu	1424706
er	1352161
ein	1315301
in	1231372
ja	1054114
mir	1019451
mit	1014541
wie	928920
den	920646
mich	893076
auf	881418
dass	879520
aber	854492
eine	839485
so	813903
hat	799017
hier	754243
haben	742327
für	735252
sind	727078
war	712337
von	706490
wenn	694462
dich	688780
ihr	655351
nein	641479
habe	636175
an	627600
bin	576589
noch	572486
nur	564245
da	564244
dir	554802
sich	533395
einen	532402
uns	523604
hast	511491
dem	465044
kann	461755
gut	452726
auch	449250
schon	442343
als	440490
sein	440142
mal	435631
jetzt	435411
ihn	435147
dann	429424
aus	425184
meine	420280
um	417759
im	403737
wird	394216
mein	384765
bist	381498
doch	381456
alles	366575
weiß	357869
keine	349315
oder	341214
nach	326208
nichts	308672
man	300922
muss	295567
werden	294676
will	293445
ihnen	292370
geht	290919
wo	288363
etwas	286968
oh	284455
mehr	281301
bei	277087
also	276548
immer	260238
warum	251177
vor	247840
können	240905
sagen	236702
machen	228412
sehr	226425
alle	224850
denn	224543
tun	219102
ihm	217025
zum	216201
gehen	213952
sehen	212948
vielleicht	212216
einem	210889
wer	210823
ihre	208915
diese	208607
euch	206931
hab	202157
einer	202097
komm	201117
über	196855
gibt	196771
okay	196683
wissen	192456
wieder	192406
deine	191923
müssen	191257
soll	191100
werde	187290
nie	185925
wirklich	185166
hey	185011
danke	182349
kein	177553
viel	176767
tut	172752
am	170913
des	169182
einfach	168892
leben	167721
hatte	162793
weil	159743
willst	159106
Bitte	156928
kommen	156754
dein	155913
heute	154162
kommt	153845
wollen	152595
damit	150635
ganz	149683
wäre	149557
wollte	148643
ok	147191
Los	145525
sicher	145360
gesagt	144870
nun	143552
bis	142166
wurde	141236
na	140395
kannst	136795
macht	134768
dieser	134205
Mann	133624
zurück	133326
lassen	131393
hallo	128561
meinen	128288
Gott	127498
seine	126038
hätte	125345
weißt	118091
könnte	117870
genau	117667
waren	117474
zur	115474
lass	115316
klar	113688
Leute	109956
Weg	105074
Würde	105028
ab	104853
bitte	104619
gesehen	103106
sollte	98826
sagte	98657
unsere	98478
jemand	98283
durch	97587
los	97017
ob	97001
keinen	96394
Zeit	96235
raus	95012
mach	93345
besser	92556
musst	92429
wieso	92191
Sir	92012
dieses	91148
morgen	89633
mann	89082
möchte	89068
ohne	88934
her	87571
vater	87238
sag	87203
meiner	86264
Frau	86235
anderen	86205
helfen	85664
schön	85335
glaube	84752
Leid	84384
diesen	83932
gute	83835
wirst	83791
natürlich	82710
ach	82252
meinem	82233
gar	82082
reden	81593
ins	80529
sei	80433
wohl	80390
dort	79951
geben	78926
seit	78517
sagt	78008
ihren	76796
richtig	76789
ordnung	76635
vom	76597
sieht	75968
davon	75947
gemacht	75408
dafür	75302
geh	74468
passiert	74416
dachte	74293
diesem	74234
wegen	74062
Zwei	73575
sollten	72777
hin	72272
selbst	72108
gehört	71567
sollen	71445
hör	70668
viele	70545
weg	70049
würde	70018
deinen	69621
guten	68866
unser	68722
nacht	68081
machst	67926
finden	67189
lange	66297
unter	66173
habt	66045
andere	65229
tot	64995
getan	64404
darf	64161
zeit	64157
rein	64028
nehmen	63773
eines	63710
weiter	63678
Gerade	62478
gleich	62464
ganze	62461
genug	62381
Tag	62135
scheiße	61982
gegen	61438
Moment	61265
hören	60887
sonst	60478
Liebe	59580
Geld	58831
seid	58799
ihrer	58510
hause	58447
mädchen	58148
dabei	57923
frau	57490
Mutter	57209
niemand	56907
denke	56659
Paar	56290
leid	56256
bevor	56210
Jahre	56075
drei	55859
einmal	55398
warte	54725
Sohn	54396
wann	54105
menschen	54104
essen	54075
angst	53799
bleiben	53790
beim	53673
zusammen	53508
beide	53120
gefunden	53083
hatten	53008
schnell	52808
verdammt	52499
ne	52438
jeder	52254
warst	52211
gern	52147
konnte	51818
darüber	51711
siehst	51444
verstehe	51294
erst	51273
Jahren	51158
stimmt	51116
kam	51041
kinder	50972
Kind	50922
wusste	50878
glauben	50861
wahr	50700
bringen	50628
Hab	50539
seinen	50311
dazu	50144
daran	50081
ihrem	50046
könnten	49708
brauchen	49432
lieber	49123
zwei	49050
deiner	48756
steht	48665
sehe	48293
egal	48287
Wieder	48101
deinem	48010
musik	47600
mache	47510
komme	47282
mag	47150
sieh	47133
echt	46884
Gib	46863
eigentlich	46744
Recht	46716
fragen	46681
jeden	46594
dad	46472
gab	46178
heißt	45844
Danke	45587
warten	45528
sofort	45284
Namen	44998
gehe	44502
darauf	43236
brauche	43039
fertig	42990
allein	42976
bald	42834
Abend	42825
Haus	42585
sprechen	42585
meinst	42522
toll	42438
eins	42157
bereit	41925
Freund	41751
gerade	41652
weit	41558
ahnung	41525
seiner	41478
bisschen	41471
tag	41423
halten	41352
eure	40647
hätten	40190
bruder	40109
Welt	40092
draußen	40075
denken	39929
liebe	39720
fast	39542
würden	39314
runter	39290
geld	39220
vorbei	38763
gerne	38739
dran	38593
wurden	38564
kennen	38491
vergessen	38311
mom	38250
mutter	38139
verrückt	38126
neue	38119
ging	38051
hinter	37964
einzige	37724
paar	37527
jemanden	37451
darum	37424
Braucht	37187
drin	36941
ruhig	36940
sah	36936
ganzen	36929
ziemlich	36820
solltest	36770
Name	36668
sogar	36650
stadt	36649
Kerl	36512
Junge	36505
baby	36347
liegt	36313
finde	36286
je	36205
woher	36061
fahren	36048
keiner	35951
seinem	35907
bekommen	35881
hört	35796
hi	35722
Arbeit	35585
überhaupt	35566
kleine	35470
später	35456
Teufel	35421
letzte	35396
verloren	35282
freunde	35130
Jahr	35092
all	35046
kommst	34951
Herr	34920
Mama	34883
gewesen	34766
Tod	34408
Familie	34372
hoffe	34207
töten	34188
oben	34115
gestern	34095
dinge	34048
endlich	33924
he	33922
nimm	33866
etwa	33845
erzählt	33821
läuft	33798
minuten	33711
vielen	33637
anders	33554
miss	33536
musste	33428
lässt	33377
Versucht	33190
auto	33097
gekommen	33073
Geschichte	33070
wenig	33015
Problem	32869
bedeutet	32688
nett	32685
Wahrheit	32627
jungs	32626
bringt	32528
augen	32474
deshalb	32451
stehen	32375
welche	32349
sterben	32267
Halt	32233
bestimmt	32232
sagst	32048
ah	31832
kenne	31800
Sache	31698
Hilfe	31607
niemals	31303
getötet	31223
recht	31144
treffen	31006
arbeiten	30808
beste	30671
unserer	30644
denen	30608
bleibt	30520
manchmal	30500
glaubst	30407
lasst	30331
zwischen	30326
eben	30288
während	30284
sorgen	30275
nehme	30019
guter	29956
tochter	29900
Chance	29888
freundin	29850
gefällt	29665
Weißt	29522
Dank	29493
spät	29467
Fall	29425
kurz	29303
anderes	29170
frauen	29165
tage	29111
suchen	29035
wichtig	29007
gehst	28954
allen	28945
lang	28823
job	28796
the	28674
verstehen	28554
abend	28550
Frage	28507
spielen	28480
schlecht	28460
entschuldigung	28406
haus	28390
Sage	28318
John	28291
verstanden	28282
hättest	28253
große	28204
hand	28197
wären	28193
äh	27883
ruhe	27835
freund	27834
tu	27733
Uhr	27670
euer	27634
captain	27491
Gesicht	27489
stunden	27395
neuen	27364
denkst	27336
bloß	27288
versuchen	27274
Männer	27270
unten	27259
beiden	27228
letzten	27223
schwer	26912
Kopf	26910
oft	26820
fünf	26739
welt	26728
gedacht	26691
tust	26635
erste	26603
Glück	26577
einige	26477
dies	26436
unseren	26378
ehrlich	26290
holen	26256
Ende	25929
glücklich	25915
alte	25827
hoch	25717
alter	25680
bleib	25656
wiedersehen	25645
wen	25569
drauf	25564
möglich	25388
irgendwie	25378
besten	25164
wagen	25147
vier	25112
gefallen	25094
kaum	25058
schuld	24982
irgendwas	24950
wollten	24926
klingt	24910
Tür	24874
verlassen	24816
Brauchst	24773
Papa	24707
zeigen	24695
sondern	24687
würdest	24412
wohin	24373
Polizei	24343
junge	24337
außer	24306
zuerst	24005
wahrscheinlich	23968
ersten	23964
dürfen	23930
jede	23900
arbeit	23723
tue	23560
kleinen	23502
erzählen	23440
willkommen	23375
herr	23280
entschuldigen	23271
hierher	23229
wär	23099
bring	23068
sachen	22943
wollt	22936
familie	22915
allem	22790
schule	22727
nächste	22714
Hände	22645
gegeben	22620
bereits	22535
Morgen	22408
schlafen	22356
Idee	22308
meines	22280
nächsten	22247
Schwester	22219
gebe	22215
falls	21957
problem	21913
Vater	21809
scheiß	21719
kleiner	21638
halt	21489
trotzdem	21476
stellen	21456
Schön	21333
tja	21330
New	21321
Glaube	21188
trinken	21187
überall	21161
Hund	21146
Grund	21145
sache	21132
kriegen	21092
hilfe	21071
geworden	21015
eltern	20976
wolltest	20973
tat	20923
scheint	20820
neues	20814
wem	20802
König	20785
jack	20773
danach	20649
funktioniert	20608
hattest	20582
deswegen	20564
alt	20545
frei	20508
wow	20470
Art	20437
hm	20416
Schatz	20415
Reden	20398
völlig	20317
reicht	20274
könnt	20255
Kumpel	20189
Wohl	20097
Wasser	20032
spricht	20030
fand	19911
rede	19803
falsch	19760
alten	19728
entschuldige	19709
früher	19679
dank	19662
Verschwinden	19631
fall	19616
jungen	19598
könntest	19588
seht	19586
Woche	19525
richtige	19499
unserem	19459
zwar	19381
früh	19351
hol	19339
krank	19265
setzen	19248
Schau	19222
fühle	19176
jedes	19154
verstehst	19139
froh	19077
Land	19036
Zimmer	19036
frage	19004
sage	18878
Gemacht	18852
kennst	18832
Spaß	18816
lebt	18642
gutes	18638
lasse	18636
großen	18615
retten	18606
Passiert	18604
Onkel	18581
Dachte	18573
gebracht	18552
Party	18531
Vertrauen	18459
uhr	18446
damals	18434
Ernst	18389
Ort	18337
dollar	18330
nachdem	18300
gegangen	18296
Gefühl	18285
zehn	18284
geschafft	18271
interessiert	18211
Seite	18207
männer	18180
möchten	18138
hält	18118
glaub	18114
irgendwo	18104
genauso	18069
langsam	18064
Spiel	18034
Selbst	18027
wartet	18009
genommen	17993
sechs	17963
Zukunft	17963
weniger	17950
kopf	17940
lieben	17925
cool	17909
Gehört	17891
Krieg	17889
büro	17802
getroffen	17775
glück	17718
drüben	17704
Hör	17667
wochen	17664
sagten	17649
vergiss	17602
angerufen	17582
schaffen	17543
daß	17517
leider	17493
Bett	17358
eher	17329
ende	17286
gefragt	17247
solche	17138
Mr	17083
voll	17056
Nacht	17020
findet	17000
Wort	16996
böse	16940
gesprochen	16898
vorstellen	16820
direkt	16808
Finden	16797
wovon	16791
Typ	16789
sobald	16778
nochmal	16749
Sex	16739
wohnung	16722
denkt	16690
krankenhaus	16645
bringe	16621
höre	16609
tür	16582
Lange	16574
außerdem	16556
verletzt	16552
lernen	16463
wenigstens	16418
nennen	16373
vorsichtig	16349
Teil	16345
daddy	16329
laufen	16312
alleine	16287
erinnern	16260
Mensch	16255
kleines	16244
polizei	16228
stark	16208
fällt	16206
möchtest	16205
Leuten	16172
besonders	16170
verlieren	16100
probleme	16092
Sorge	16087
solange	16060
kaffee	15999
länger	15996
großartig	15979
luft	15966
Weiter	15919
erwartet	15879
Boss	15863
glaubt	15840
still	15835
Ding	15833
Sicherheit	15829
setz	15786
Blut	15775
ma	15762
ziehen	15714
wisst	15636
aufhören	15625
eigenen	15624
hörst	15623
Gleich	15616
Herz	15604
lustig	15572
sollst	15551
schlimm	15521
groß	15489
unglaublich	15444
wärst	15430
gestorben	15359
meinung	15337
Mörder	15310
ähm	15268
Geschäft	15254
Idiot	15243
Hören	15221
verzeihung	15194
versuche	15171
rufen	15162
zeig	15162
heiraten	15124
Fest	15119
Waffe	15084
mike	15058
super	15046
aufs	15026
York	15009
vorher	15005
liebt	14978
sam	14973
verdient	14961
mögen	14944
Platz	14892
meisten	14891
umgebracht	14878
idee	14872
total	14855
versprochen	14822
erklären	14820
spielt	14820
schwester	14812
Monate	14786
Nummer	14784
erinnere	14769
arbeitet	14747
rufe	14701
nötig	14694
tagen	14692
leicht	14686
a	14676
kaufen	14622
heraus	14613
Hause	14611
typen	14573
unmöglich	14555
Mädchen	14537
Liebling	14521
Charlie	14515
halte	14496
tatsächlich	14483
kennt	14395
joe	14326
verdammte	14325
Arsch	14293
plötzlich	14269
hole	14206
Michael	14165
Denke	14164
hörte	14154
jemals	14154
Telefon	14148
passt	14133
grund	14097
kümmern	14094
gefährlich	14049
sitzen	14044
bekommt	14023
erde	13979
Plan	13974
machte	13967
Drei	13964
ha	13954
großer	13946
passieren	13906
hilft	13897
werdet	13891
konnten	13846
jedem	13818
obwohl	13796
komisch	13783
Fehler	13768
ihres	13762
gefängnis	13740
bezahlt	13728
you	13710
unterwegs	13693
dumm	13687
Warte	13681
Pass	13674
George	13673
art	13624
schatz	13610
dagegen	13607
Stunde	13599
seien	13594
Menge	13570
starb	13560
Tom	13560
Monaten	13557
schreiben	13553
Menschen	13526
Essen	13518
niemanden	13495
auge	13475
Angst	13449
Bleiben	13447
arschloch	13441
verheiratet	13411
Peter	13405
herren	13398
zieh	13387
waffen	13385
Zusammen	13377
nimmt	13374
gerettet	13362
weh	13355
wasser	13354
heißen	13320
millionen	13284
entscheidung	13275
hart	13257
schlimmer	13255
worden	13254
Schnell	13202
ändern	13189
erfahren	13169
Ruf	13168
tragen	13140
ständig	13119
findest	13083
Mary	13042
augenblick	13032
woche	13017
Rum	12996
Hölle	12993
werd	12947
schöne	12915
benutzt	12902
schicken	12898
bewegung	12855
Doktor	12835
Erst	12818
schau	12815
jemandem	12815
wünschte	12812
welcher	12787
lacht	12780
Stimmt	12779
anrufen	12772
Film	12752
erinnerst	12746
Kinder	12743
Anwalt	12728
Glauben	12715
redest	12714
fühlen	12707
boden	12702
land	12691
zimmer	12690
hilf	12662
Bringen	12657
offen	12623
Monsieur	12579
müsste	12576
arme	12576
spaß	12544
kämpfen	12511
lachen	12508
Schiff	12495
fürs	12485
David	12453
umbringen	12441
hasse	12428
herum	12404
Brauchen	12358
ließ	12333
Monat	12325
laden	12320
hochzeit	12310
Max	12310
führt	12305
Paris	12301
führen	12289
schauen	12280
wozu	12270
ernst	12259
lesen	12249
Feuer	12242
ort	12224
geschrieben	12221
geschehen	12207
Informationen	12168
Steht	12166
erledigt	12166
hoffentlich	12163
müsst	12162
fühlt	12151
darfst	12146
seite	12138
fliegen	12135
Stelle	12134
team	12127
wunderbar	12104
hältst	12043
gewonnen	12026
spiel	12022
schneller	11992
irgendwann	11991
chffffff	11990
Alex	11988
jedenfalls	11973
tolle	11960
rüber	11953
tschüss	11927
krieg	11926
denk	11910
Musik	11900
perfekt	11878
Paul	11876
irgendetwas	11872
weile	11866
bisher	11864
handy	11854
hinten	11843
unbedingt	11830
acht	11805
wofür	11771
fallen	11763
erzähl	11759
nen	11732
nahm	11707
aller	11704
freut	11693
Fragen	11670
Suche	11664
tages	11662
müde	11612
magst	11603
Harry	11596
Buch	11583
bett	11572
gelernt	11562
folgen	11561
bitten	11550
bekannt	11523
behalten	11497
nähe	11494
arbeite	11488
Wert	11476
Heißt	11461
Arzt	11448
dahin	11442
Lady	11422
dasselbe	11414
lebens	11388
wütend	11387
Warten	11382
Straße	11377
Darin	11359
holt	11336
wort	11330
Sofort	11321
vorsicht	11286
liegen	11279
gehabt	11266
zumindest	11261
verkaufen	11248
vermisst	11248
hübsch	11244
Kriegt	11231
anfangen	11226
verbindung	11226
richtung	11223
sowieso	11215
typ	11193
gelesen	11141
hotel	11131
gekauft	11123
wussten	11118
gestohlen	11108
Wahl	11086
leg	11081
geschickt	11064
beziehung	11054
Ben	11045
verschwunden	11033
sieben	11032
gewinnen	11022
nächstes	10971
gearbeitet	10961
voller	10960
ärger	10945
Witz	10935
meinte	10934
neu	10927
bezahlen	10920
teil	10897
Geist	10882
neben	10880
Firma	10871
süße	10869
Stück	10854
schrecklich	10850
mensch	10837
Letzter	10837
verliebt	10825
seltsam	10778
fürchte	10771
verschwinde	10769
erwischt	10767
Verkauft	10764
Brauche	10759
Tante	10757
Fertig	10747
Allein	10744
sorge	10724
Pferd	10723
vermutlich	10690
Major	10686
Licht	10668
Majestät	10660
Himmel	10653
aussehen	10647
Sprechen	10646
ans	10646
Nachricht	10626
de	10624
and	10618
regeln	10596
fangen	10585
welches	10579
Laut	10567
geboren	10558
ding	10555
fort	10540
blut	10517
Schlüssel	10455
Selber	10450
colonel	10446
Rest	10444
absolut	10436
zieht	10418
geburtstag	10417
herz	10403
schwöre	10398
gedanken	10396
James	10388
Madame	10377
traurig	10364
Halten	10338
Frieden	10335
Opfer	10290
Körper	10288
euren	10288
diesmal	10282
Mist	10279
persönlich	10269
worte	10248
kamen	10243
zahlen	10228
legen	10223
stirbt	10218
fahr	10176
verändert	10158
lieb	10154
nämlich	10147
sitzt	10140
bekam	10138
Versuch	10130
ruft	10127
Gericht	10088
fest	10079
schönen	10068
ewig	10062
beschäftigt	10058
waffe	10056
yeah	10043
Bruder	10027
offensichtlich	9998
naja	9996
Henry	9995
Denken	9982
Gefühle	9980
klein	9978
Show	9970
Klasse	9957
überraschung	9952
Fbi	9947
Sinn	9934
süß	9932
platz	9928
regierung	9883
gleiche	9860
nummer	9856
ermordet	9850
entfernt	9841
Würden	9828
wach	9824
geschlafen	9823
manche	9800
ran	9783
wunderschön	9769
witzig	9766
zerstört	9755
benutzen	9752
Stolz	9748
tanzen	9719
ansehen	9718
zuhause	9709
richtigen	9700
deines	9680
zeigt	9663
geliebt	9662
Person	9644
Herrn	9640
Schätze	9637
Kennen	9622
steckt	9582
schlechte	9581
Vergessen	9577
schreit	9569
Stand	9559
sagtest	9558
nennt	9541
arsch	9529
Hoffnung	9525
heiß	9522
foto	9520
kalt	9514
lebe	9514
Stimme	9505
interessant	9500
meint	9471
liebst	9465
indem	9458
Mund	9456
bleibst	9447
kümmere	9445
weder	9435
Möglichkeit	9434
telefon	9432
sekunden	9431
kaputt	9429
bekomme	9421
Vergangenheit	9406
anderer	9405
Jim	9391
Zeug	9372
beweise	9371
entweder	9358
Don	9335
detective	9333
plan	9316
verspreche	9304
überrascht	9304
schießen	9290
sauber	9286
dauert	9284
hau	9269
Sheriff	9233
untertitel	9224
setzt	9222
frag	9220
sucht	9218
nervös	9217
Gesellschaft	9216
schuldig	9210
weitere	9204
Frank	9181
fehler	9178
of	9163
Stadt	9162
überleben	9139
pass	9116
herzen	9113
schlagen	9112
weise	9104
damen	9096
General	9087
Baby	9086
Schicksal	9078
gottes	9072
stunde	9066
fehlt	9060
besorgt	9058
menge	9047
lief	9047
heiße	9016
beweisen	9016
Fahren	9012
wüsste	9010
Volk	9006
Schluss	9003
lhr	8998
herausfinden	8989
königin	8987
Bekommen	8970
Situation	8967
lag	8967
kraft	8961
normal	8960
allerdings	8953
ehre	8949
stell	8943
Hi	8930
bar	8928
soweit	8928
jimmy	8905
Billy	8897
angefangen	8893
Kleine	8867
hunger	8866
Später	8864
Lee	8856
lügen	8855
fühlst	8854
Letzte	8849
mussten	8848
worauf	8837
tony	8834
achtung	8811
lieutenant	8811
ganzes	8804
Mord	8802
Freunde	8782
steh	8782
Sarah	8781
ruf	8778
niemandem	8778
gibst	8777
statt	8774
übernehmen	8774
All	8761
Gegend	8754
al	8751
la	8742
nimmst	8729
danny	8723
liste	8712
verantwortlich	8704
gesucht	8699
rücken	8681
Jesus	8675
stöhnt	8675
herein	8674
hölle	8662
öffnen	8647
jawohl	8647
redet	8643
London	8643
gegessen	8640
abendessen	8629
Gesetz	8620
versteckt	8618
gemeinsam	8615
erwarten	8604
geholfen	8597
nahe	8576
aussieht	8574
ungefähr	8567
sauer	8563
doktor	8556
Töten	8547
furchtbar	8547
drinnen	8545
zuvor	8539
jung	8536
Charles	8532
freue	8531
Tisch	8520
übrig	8515
Dinge	8512
film	8501
Sergeant	8499
links	8480
helfe	8477
großes	8474
beschützen	8461
Bill	8461
erinnert	8447
erreichen	8444
hängt	8442
kindern	8432
ehemann	8432
erschossen	8431
Minuten	8427
Schwein	8424
uh	8414
Vielen	8409
entschieden	8408
Mission	8408
verdammten	8398
gewusst	8376
verraten	8372
vorne	8371
fährt	8352
Unsinn	8340
gesund	8331
schiff	8330
haut	8330
Respekt	8328
fahre	8327
pro	8322
Meister	8321
geredet	8313
Kampf	8309
Antwort	8308
davor	8303
eigene	8300
zeiten	8299
Auto	8274
nachrichten	8272
Richard	8271
mitnehmen	8256
gespielt	8254
to	8246
Schwierigkeiten	8238
Hälfte	8236
güte	8230
schade	8224
Bild	8207
kannte	8202
kriege	8189
Maria	8178
feuer	8161
Jungs	8156
schwanger	8156
Anna	8151
bleibe	8127
Augen	8118
verhaftet	8118
letztes	8112
Leiche	8100
seines	8098
irgendwelche	8096
Händen	8094
Stehen	8093
versteht	8093
stelle	8089
Sterben	8066
zufrieden	8061
singen	8048
wochenende	8041
worüber	8041
toten	8031
nehmt	8027
weihnachten	8026
Martin	8025
Witze	8010
Verbrechen	8009
Agent	7993
Traum	7980
eurer	7961
Prinzessin	7960
geheimnis	7958
Kenne	7950
Position	7947
echte	7942
Fenster	7939
drogen	7911
kriegst	7902
schließlich	7900
gefangen	7896
schätzchen	7887
fotos	7880
schwierig	7876
nah	7865
jane	7863
gewartet	7860
kümmert	7850
Gefahr	7842
erledigen	7836
Lied	7827
gegenüber	7824
lust	7818
Bescheid	7813
welchen	7812
sorry	7812
nick	7805
fantastisch	7805
übrigens	7802
willen	7801
hielt	7787
Drink	7784
suche	7776
daher	7771
Ziel	7763
Treffen	7751
zufällig	7739
namens	7732
gehören	7729
clark	7724
buch	7722
bewegt	7722
brachte	7717
Arbeiten	7702
einverstanden	7685
neuer	7682
trägt	7679
Anfang	7670
bewegen	7663
deren	7663
haare	7660
antworten	7660
verpasst	7653
wert	7651
leise	7651
wusstest	7637
fanden	7635
arzt	7632
stecken	7612
träume	7609
rechts	7607
schläft	7602
entscheiden	7592
kostet	7589
straße	7585
miteinander	7579
Sorgen	7568
unseres	7568
entlang	7566
Johnny	7562
Versprechen	7561
wohnen	7552
flugzeug	7535
Bier	7525
Freiheit	7525
zweite	7522
aha	7512
unterhalten	7512
tee	7504
eingeladen	7500
Partner	7490
genannt	7481
Tochter	7475
Klappe	7470
ray	7470
aufhalten	7463
geändert	7461
stellt	7460
Thomas	7456
lächerlich	7452
geschlagen	7452
Finger	7439
Beginnt	7430
Ehe	7428
größte	7426
Rolle	7425
besonderes	7400
besteht	7397
wahl	7390
Robert	7383
vaters	7375
verstecken	7369
Spät	7366
zeitung	7361
worum	7357
schützen	7356
nachgedacht	7351
betrunken	7350
Arm	7348
sowas	7343
Gespräch	7342
besuchen	7341
Kurz	7325
passen	7320
Chef	7317
tötet	7312
erhalten	7308
Frauen	7291
teilen	7283
Daniel	7272
sahen	7272
Suchen	7258
zeichen	7254
lhre	7252
stück	7236
trifft	7227
Polizist	7224
Reise	7218
Neuigkeiten	7217
bringst	7217
vergnügen	7212
Dame	7206
Lang	7205
rief	7203
Job	7199
Meer	7188
soldaten	7184
konntest	7182
schafft	7180
feiern	7175
eddie	7172
bekommst	7169
gelassen	7167
Verbringen	7162
Raum	7143
Verstehen	7138
gefahren	7135
blöd	7125
schönes	7124
frühstück	7121
Spielen	7120
Tommy	7118
licht	7112
Meter	7111
himmel	7102
Minute	7099
Zug	7091
claire	7090
nachricht	7084
dessen	7082
bob	7081
muß	7080
Verstanden	7070
gebeten	7068
Engel	7061
offenbar	7061
kamera	7056
Gelegenheit	7056
Große	7051
Hand	7049
laut	7044
angetan	7039
beeil	7037
schuhe	7036
Brüder	7035
zeitpunkt	7024
keinem	7023
mitgebracht	6997
seufzt	6997
date	6993
Haufen	6986
Oma	6985
Seele	6982
erkennen	6973
schlüssel	6970
falsche	6963
rest	6962
bobby	6960
Ruhe	6958
lösung	6951
Brief	6943
wart	6933
irre	6929
zerstören	6918
gebrochen	6915
fragt	6899
verantwortung	6897
erster	6876
ryan	6876
wohnt	6872
Unfall	6869
red	6864
Kontrolle	6861
Beispiel	6861
guck	6861
opfer	6860
körper	6858
beginnen	6856
dachten	6856
Grad	6853
mist	6852
Stunden	6848
hinaus	6848
mitkommen	6842
vorhin	6840
neun	6838
Denkst	6834
gemeint	6830
ernsthaft	6828
gebaut	6826
Versuchen	6818
amerika	6814
Letzten	6805
falschen	6805
melden	6796
versteh	6793
traf	6778
werfen	6772
haltet	6758
fragte	6757
versuch	6753
Jason	6753
freude	6752
verzeihen	6739
Operation	6736
Tief	6735
Lage	6733
Schwer	6728
erklärt	6727
Steve	6726
Lauf	6712
Geschenk	6699
stopp	6693
Tasche	6689
dankbar	6689
schöner	6686
Fünf	6684
töte	6681
Mädels	6680
heilige	6656
Laura	6654
leisten	6652
Erste	6650
Mannes	6640
Wahnsinn	6639
klasse	6638
nee	6634
sinn	6622
geschlossen	6616
bedeuten	6611
is	6607
Thema	6606
fiel	6603
dorthin	6582
Preis	6572
Holen	6564
Urlaub	6564
vorwärts	6562
überprüfen	6561
besseres	6556
stehe	6552
gebt	6543
funktionieren	6541
planeten	6535
anscheinend	6532
bessere	6503
stolz	6498
isst	6498
Nachmittag	6492
nem	6491
chuck	6479
deal	6478
Knast	6476
Boot	6472
entschuldigt	6467
drehen	6466
gilt	6460
danken	6459
daraus	6456
schließen	6447
besorgen	6447
Fräulein	6438
Rachel	6434
Wunder	6432
Hoch	6429
person	6429
schätze	6425
stimmen	6422
Alter	6420
prima	6417
Näher	6413
beine	6407
Brauchte	6401
dean	6400
schaffst	6397
nachdenken	6396
erfahrung	6381
Pläne	6381
stand	6373
nachts	6371
klingelt	6367
taten	6365
Lord	6360
dringend	6359
commander	6353
großvater	6351
gezeigt	6347
hinterlassen	6347
gleichen	6345
getrunken	6343
stimme	6337
fernsehen	6332
wahre	6332
Punkt	6331
Luke	6328
kate	6318
geplant	6314
Amanda	6306
mund	6304
Kirche	6304
seh	6304
erreicht	6303
Wagen	6286
Vier	6278
Gefallen	6273
sprichst	6271
größer	6270
schickt	6270
Befehl	6269
rennen	6268
City	6265
Prinz	6260
eier	6256
behandelt	6252
zeug	6248
Wette	6247
Reich	6247
Sekunde	6246
Schuld	6245
schaut	6237
It	6233
Wollten	6231
Restaurant	6223
welchem	6222
Roger	6221
dauern	6220
Anruf	6213
carter	6213
emily	6207
Mami	6206
verschwindet	6205
Verlassen	6204
lautet	6200
sprich	6192
Karte	6185
fängt	6182
drüber	6179
gingen	6177
erlaubt	6177
Zeigen	6173
mitten	6166
bullen	6162
einzigen	6156
schmeckt	6154
bauen	6144
normalerweise	6143
hängen	6141
rauf	6137
freunden	6132
halb	6127
sprach	6122
frank	6121
Walter	6118
armen	6111
dan	6106
unternehmen	6104
Würdest	6103
geschieht	6101
einiges	6100
entdeckt	6097
Sonne	6094
schlechter	6092
vollkommen	6082
gelogen	6081
verfolgt	6078
College	6070
spiele	6069
Chris	6067
Louis	6065
general	6058
verdammter	6057
Professor	6053
dürfte	6051
riecht	6050
Nase	6047
bat	6047
Arthur	6041
mindestens	6041
eurem	6037
tiere	6036
Bank	6035
füße	6035
Computer	6031
verdienen	6015
Versuchte	6004
schluss	6002
schaden	5996
Ersten	5991
erwähnt	5988
van	5986
Fuß	5984
beenden	5981
abgesehen	5981
fair	5977
vertraut	5962
park	5958
hieß	5955
schätzen	5952
männern	5950
wirkt	5950
Idioten	5948
netter	5946
seitdem	5946
angegriffen	5945
Kontakt	5943
ehren	5943
Geschichten	5943
wahnsinnig	5940
ähnlich	5939
Gold	5938
lily	5937
Wein	5929
entführt	5917
reichen	5916
Mistkerl	5913
solchen	5903
ner	5901
Polizisten	5893
Kleinen	5875
legt	5875
patienten	5873
Amerikaner	5869
mord	5868
leiden	5867
Schlaf	5866
Erzählen	5860
taxi	5853
erzählte	5842
wichser	5836
jake	5835
singt	5826
Heim	5822
langweilig	5820
schreien	5819
Entschuldigen	5817
womit	5817
Geschäfte	5808
my	5807
kapiert	5806
wand	5804
bus	5802
verhalten	5797
nachher	5797
verlangt	5797
schlägt	5796
überzeugt	5788
treten	5787
irgendjemand	5785
vorbereitet	5777
Blick	5776
Besuch	5774
blumen	5774
geschah	5771
fassen	5754
Rache	5751
bemerkt	5750
Frankreich	5746
spreche	5742
Präsident	5741
beruhige	5737
Sachen	5735
arbeitest	5728
fragst	5723
bürgermeister	5720
Emma	5716
woran	5711
geblieben	5711
me	5702
ted	5700
nette	5690
Mister	5688
Schule	5681
tisch	5680
bilder	5676
dadurch	5673
aufpassen	5672
Direktor	5671
wichtiger	5665
Kevin	5662
scott	5658
freuen	5650
Armee	5637
ohren	5633
akte	5633
brechen	5629
erinnerung	5621
großmutter	5603
erzähle	5600
bravo	5590
Schlafen	5589
officer	5576
Andy	5575
leer	5574
entkommen	5572
weißen	5568
ziehe	5563
zweimal	5559
meister	5547
Washington	5547
Kollegen	5546
Mark	5545
Schlag	5544
doc	5543
gestellt	5541
kampf	5539
antwort	5539
weinen	5532
Robin	5524
nutzen	5523
Hals	5522
wünschen	5522
lächeln	5504
bösen	5500
schaffe	5490
Falls	5489
neulich	5484
Alice	5480
zweiten	5479
bild	5471
spannende	5470
unschuldig	5469
folgt	5464
weshalb	5463
geheiratet	5458
Gebäude	5451
woanders	5450
wurdest	5449
Kuss	5447
erklärung	5444
hasst	5443
Rom	5441
Richter	5436
klug	5435
Küche	5431
kosten	5428
außerhalb	5424
zeige	5423
Opa	5423
selbstverständlich	5421
eigenes	5416
pete	5416
Kleiner	5409
geglaubt	5409
gefeuert	5404
leiche	5400
erinnerungen	5399
müssten	5398
befehle	5388
schmerzen	5382
schwach	5368
Stellen	5364
gelaufen	5361
schwarze	5359
Verstand	5351
Bord	5349
hinein	5343
Simon	5332
agent	5328
traum	5320
peinlich	5311
Rat	5305
club	5302
geheimnisse	5301
joey	5299
Aufmerksamkeit	5297
Trinken	5296
fenster	5293
hintern	5291
umsonst	5283
kennenzulernen	5277
gehalten	5276
überlebt	5274
Kriegen	5273
nirgendwo	5268
Glückwunsch	5266
Meilen	5260
einfacher	5260
blöde	5259
Wald	5251
ergibt	5251
Eltern	5244
Schande	5235
fuck	5233
fühlte	5231
Jenny	5231
satt	5229
gefahr	5228
Blödsinn	5227
Glas	5226
Adam	5226
Lisa	5226
Pfund	5223
lois	5221
hoffen	5220
bescheid	5209
übersetzung	5207
Scheint	5205
Kapitän	5200
desto	5200
Kleid	5197
Jack	5193
Krankheit	5193
toller	5189
risiko	5185
tatsache	5181
Eric	5179
chief	5176
ziel	5175
gäbe	5165
erstes	5155
high	5155
beendet	5153
Schritt	5152
Band	5140
Alt	5136
verflucht	5136
Aufgabe	5135
Frei	5127
geb	5126
enttäuscht	5125
liebes	5119
mühe	5114
anfang	5113
gezogen	5113
brian	5109
Spur	5104
jagen	5104
schick	5102
katze	5101
runde	5101
getrennt	5101
deutsche	5096
ebenso	5095
bestes	5085
elizabeth	5084
fuhr	5082
verlässt	5077
gewissen	5076
freundlich	5073
dennoch	5072
Reicht	5068
bester	5061
kunden	5060
schicke	5059
zeugen	5052
ändert	5052
Monster	5045
stören	5041
annehmen	5041
herzlichen	5039
erwachsen	5037
Brauch	5034
atmen	5032
bier	5017
Übel	5017
weiße	5017
Schlampe	5016
Jerry	5016
Adresse	5013
saß	5013
liebte	5006
street	5006
eifersüchtig	5002
Messer	5001
derjenige	5001
überlegen	4999
teuer	4999
Leo	4999
partner	4993
beobachtet	4988
karten	4986
gentlemen	4986
helft	4985
fliegt	4983
klappe	4980
William	4979
flughafen	4960
finger	4959
bewusst	4958
küssen	4956
Ball	4954
voraus	4953
ehe	4952
längst	4951
Rede	4950
rolle	4950
solltet	4941
Falsch	4940
einander	4935
fred	4935
erlebt	4934
Alten	4932
weiterhin	4925
stärker	4922
Früher	4919
angeht	4917
schwarzen	4912
Star	4912
überzeugen	4906
übersetzt	4903
verrückte	4902
lch	4902
king	4902
Jungen	4899
arm	4898
begann	4898
beruhigen	4897
angenommen	4897
Gruppe	4891
echter	4888
halbe	4886
chef	4878
Jackson	4876
morgens	4875
mitgenommen	4872
Botschaft	4872
aufgeregt	4868
selbstmord	4866
dumme	4866
irgendein	4858
weiteren	4856
Magie	4855
phil	4855
Handelt	4853
Eis	4849
eh	4849
hunde	4847
steigen	4845
verliert	4841
irgendeine	4839
Erfolg	4838
Früh	4837
gegenteil	4837
betrifft	4837
scharf	4834
tim	4832
gehofft	4831
kennengelernt	4831
schlimmste	4824
Trottel	4819
stehst	4816
immerhin	4813
Setzen	4812
reise	4812
mehrere	4811
erwarte	4809
mochte	4808
erschießen	4807
dame	4804
Bericht	4804
kuchen	4803
innerhalb	4801
matt	4801
Alan	4794
schlau	4792
Absicht	4789
einigen	4788
barry	4787
garten	4786
junger	4786
autos	4784
zuletzt	4780
Schmerz	4775
raum	4762
älter	4757
merkwürdig	4756
judy	4756
vermisse	4756
Wünsche	4747
Harvey	4744
doug	4742
aufgeben	4741
roten	4739
überlegt	4736
england	4735
größten	4734
minute	4733
vorstellung	4728
zug	4727
Angebot	4723
schrieb	4723
reinkommen	4723
Killer	4722
unterstützung	4721
antun	4721
geschossen	4720
rechnung	4719
dieselbe	4718
besprechen	4717
vogel	4713
möglicherweise	4709
Kennst	4708
definitiv	4707
Ring	4703
ed	4703
Vincent	4702
ums	4700
fing	4689
schwarz	4688
Cousin	4685
einsam	4683
fern	4681
lebendig	4681
fick	4680
san	4675
knapp	4675
ebenfalls	4672
Falle	4671
überprüft	4671
Insel	4668
jederzeit	4662
kompliziert	4661
seele	4655
Großen	4653
Retten	4651
amy	4651
probieren	4642
tode	4640
wundervoll	4639
geöffnet	4638
Dorf	4637
Kerle	4635
brief	4629
Prozent	4629
rot	4627
Hoheit	4622
Feind	4620
reisen	4613
rote	4610
Zugang	4610
stehlen	4608
rechte	4608
liest	4602
vorn	4601
wichtige	4600
stört	4596
Kelly	4596
sexy	4595
radio	4592
Erlaubnis	4592
Grace	4591
big	4587
pferde	4584
Story	4583
Dollar	4582
zählt	4581
madam	4581
unfall	4579
wesen	4577
kontrolle	4574
beispiel	4574
Zehn	4571
durcheinander	4564
herauszufinden	4562
inzwischen	4557
larry	4551
geklaut	4546
Susan	4541
hä	4531
Usa	4525
Gerechtigkeit	4524
fälle	4519
selten	4519
unterschreiben	4517
Langsam	4516
Julia	4516
mrs	4511
Lügner	4508
Endet	4503
Wartet	4502
dave	4502
amen	4491
Sechs	4490
tief	4490
lage	4488
Marie	4485
abhauen	4482
Chaos	4482
Schönheit	4482
Lieben	4481
lösen	4477
lauf	4475
beinahe	4471
lebst	4468
geschenk	4466
tolles	4466
verfolgen	4464
such	4463
nerven	4461
langer	4460
tasche	4459
Büro	4450
entlassen	4449
hübsche	4449
Energie	4447
Fleisch	4444
abholen	4444
deckung	4439
aufgenommen	4427
untersuchung	4422
blieb	4419
Wochen	4416
vertraue	4410
entspann	4409
Eindruck	4406
tschüs	4402
scheinen	4401
wehtun	4396
zog	4392
iss	4392
Herrgott	4388
See	4386
Unterschied	4386
beeilen	4386
Schaffen	4385
echten	4385
preis	4381
nackt	4377
lauter	4376
existiert	4375
Gerät	4375
Leider	4373
Wind	4371
gezwungen	4364
erzählst	4363
Bastard	4362
verhindern	4356
video	4355
schlechten	4355
hank	4355
on	4352
Angriff	4350
Loch	4342
verlangen	4342
Interesse	4341
Carl	4341
gekriegt	4340
Quatsch	4339
aufstehen	4336
trug	4335
Freundschaft	4334
hassen	4333
gebrauchen	4331
rate	4331
milch	4324
trink	4324
Flasche	4323
abgeschlossen	4322
Schuss	4318
suchst	4316
boot	4314
jeff	4312
jedoch	4312
Maschine	4308
Bein	4304
Verräter	4304
fährst	4303
wichtigste	4303
kochen	4302
prost	4302
aufgehört	4293
schreibt	4291
wunder	4288
Bücher	4288
angesehen	4281
näher	4275
schulden	4275
schlafzimmer	4271
vorschlag	4268
meins	4266
Voll	4264
vermissen	4258
angekommen	4258
braut	4255
gebraucht	4255
deutlich	4253
verwirrt	4251
klappt	4241
form	4234
Victor	4234
find	4232
Fang	4228
Lüge	4227
erkannt	4227
beerdigung	4227
Au	4225
möge	4222
punkt	4221
Ecke	4211
Brücke	4207
wege	4207
Direkt	4202
kirche	4202
gibts	4201
Druck	4200
gemeldet	4199
daten	4196
Mittagessen	4195
merken	4192
Chicago	4189
Auftrag	4188
Crew	4184
roy	4181
befehl	4179
türen	4179
handeln	4177
Elena	4177
enden	4176
arbeitete	4174
Denkt	4172
warm	4172
hauen	4171
raten	4169
Ross	4166
kunst	4165
wette	4164
reich	4164
sekunde	4164
schwul	4159
Pause	4157
schweigen	4156
befindet	4156
Keller	4153
Einheit	4151
german	4151
schatten	4150
wachen	4149
armer	4149
anstatt	4149
Champagner	4146
smith	4144
anruf	4142
öfter	4140
Anne	4140
Maul	4139
hingehen	4137
Schloss	4134
verboten	4133
altes	4133
ruiniert	4133
Jonathan	4132
kleidung	4131
Hut	4129
leichen	4129
herausgefunden	4126
Annie	4126
karte	4123
Berlin	4123
erfreut	4122
lügt	4122
nehm	4120
Lernen	4115
Station	4113
hinterher	4110
dunkel	4107
verpassen	4105
geholt	4105
jesse	4103
klopfen	4100
Fahrt	4099
spuren	4099
praktisch	4095
seiten	4094
Theorie	4094
Nennen	4093
notfall	4092
besseren	4092
Bombe	4089
kontrollieren	4085
knochen	4083
dahinter	4083
Laufen	4078
trage	4076
lucy	4076
Anführer	4075
schief	4075
nachbarn	4072
bieten	4072
Alleine	4071
Erinnern	4065
bestens	4065
sonne	4062
Kleines	4061
Haar	4057
rauchen	4057
gehts	4057
morgan	4057
Unrecht	4053
dick	4052
wonach	4052
entwickelt	4052
dreh	4048
bedeutung	4047
vergeben	4046
ausgehen	4046
behandeln	4046
passierte	4041
professor	4035
nase	4031
gemein	4029
wessen	4029
Dach	4027
Folge	4026
Verlieren	4025
Probleme	4023
bank	4023
lhnen	4021
computer	4020
schüsse	4017
bricht	4013
Talent	4012
Gehirn	4011
dreht	4009
ausgezeichnet	4006
Mut	4004
genießen	4004
tatort	4002
Möglichkeiten	4001
Kaffee	3999
Luft	3991
Tier	3991
fuß	3989
System	3988
wählen	3988
esse	3986
cop	3985
regen	3984
feinde	3984
Täter	3984
erlauben	3980
Rose	3979
Dieb	3979
offiziell	3977
zulassen	3976
entscheidungen	3975
dauernd	3971
Geschmack	3971
gegenseitig	3971
schnappen	3969
komplett	3969
deutschen	3966
kontakt	3962
gewählt	3961
Charlotte	3960
gold	3958
sterbe	3958
Pech	3957
schauspieler	3955
wein	3952
begleiten	3952
überlassen	3952
Publikum	3951
trägst	3947
begegnet	3944
betrogen	3943
Besucht	3941
vertrau	3938
Steig	3937
carrie	3936
Patrick	3936
konzentrieren	3935
streiten	3934
süßer	3933
Beweis	3932
selben	3931
loswerden	3929
Ziehen	3928
Baum	3926
Maggie	3926
bestätigt	3925
setze	3918
Lehrer	3916
weitermachen	3916
penny	3912
schlaf	3910
Aufhören	3906
Eigenen	3906
geführt	3906
festhalten	3899
übergeben	3897
ideen	3896
Cia	3896
abteilung	3896
fehlen	3894
gefolgt	3889
zurückkommen	3887
verschiedene	3887
gleichzeitig	3886
Genie	3884
schlage	3883
heim	3881
hungrig	3881
Inspektor	3879
atmet	3878
unterstützen	3877
treffe	3876
untersuchen	3876
geworfen	3876
flucht	3875
verlor	3875
Held	3874
Groß	3872
Pater	3872
Menschheit	3870
tötete	3866
Fähigkeiten	3864
beruhigt	3863
rechtzeitig	3863
streng	3860
sendung	3857
gelebt	3854
Kim	3851
blick	3850
richtiger	3850
besuch	3849
Wolf	3848
pa	3847
öffnet	3847
schwimmen	3844
zählen	3843
Gewalt	3840
blind	3839
schwestern	3837
code	3835
Tor	3829
gelegt	3829
anfassen	3829
Pizza	3829
schlechtes	3828
präsident	3827
spielst	3825
oliver	3823
englisch	3822
behauptet	3822
Schwanz	3821
beeilung	3818
verletzen	3817
angeblich	3816
song	3812
Sommer	3810
schien	3809
gewinnt	3808
helen	3808
Mittag	3808
gewarnt	3805
las	3801
Dunkelheit	3799
trauen	3798
präsidenten	3796
trick	3796
Versuche	3792
hiermit	3792
Rufen	3790
phoebe	3788
zwölf	3784
erfüllt	3784
Heiraten	3781
Stein	3780
eindeutig	3778
unterhaltung	3777
km	3775
Explosion	3770
verändern	3768
Taylor	3765
locker	3764
Hose	3763
Super	3761
neugierig	3761
armee	3758
leitung	3758
abends	3756
frisch	3755
lebte	3752
Tote	3750
menschliche	3750
anderem	3749
familien	3748
Sam	3743
heiligen	3741
beides	3737
gesetzt	3735
Natur	3731
eilig	3729
vorgestellt	3727
Linda	3726
welch	3725
wichtiges	3722
spüren	3721
no	3720
Streit	3717
mhm	3717
kino	3714
Total	3713
glaubte	3713
Erklären	3705
Spielt	3705
Gnade	3705
begraben	3704
chloe	3702
stoppen	3700
yo	3700
mark	3697
schlag	3696
riesen	3695
Bad	3693
schläfst	3690
Kugel	3687
einladung	3687
hals	3681
aufmachen	3676
Flug	3675
Krieger	3674
Tagen	3673
vernünftig	3673
Leicht	3671
whoa	3670
kyle	3669
schickte	3669
per	3668
mitglied	3667
einziger	3663
umzubringen	3663
Mexiko	3660
Information	3657
hergekommen	3657
beweg	3657
Kaufen	3655
leichter	3654
halben	3653
filme	3653
Vermögen	3652
verbracht	3652
gewisse	3650
packen	3648
dritte	3647
Typen	3643
howard	3642
presse	3638
sitze	3638
machten	3637
Schwert	3636
gebäude	3634
helden	3634
Albert	3632
Chancen	3630
Labor	3629
geduld	3629
reparieren	3628
nannte	3628
vermute	3627
Mitternacht	3627
Halte	3624
richter	3624
Jones	3624
Fisch	3622
freundinnen	3622
küche	3620
anrufe	3614
drücken	3610
Zustand	3601
medizin	3601
schreibe	3601
verhaften	3600
Kennt	3598
ließen	3596
Wunsch	3595
Gäste	3594
verursacht	3593
Farbe	3592
Zufall	3589
aufregend	3583
superman	3577
zurecht	3574
Koffer	3573
anhalten	3572
Kurs	3570
fremden	3570
cops	3570
akzeptieren	3569
verstand	3567
eingesperrt	3567
bord	3566
schlug	3566
norden	3565
anziehen	3563
dingen	3563
umgehen	3562
krankenwagen	3562
love	3562
öffne	3561
karen	3561
Mademoiselle	3560
gesamte	3559
erfunden	3559
ertragen	3558
brennt	3554
teile	3554
fühl	3549
behalte	3548
beschützt	3547
landen	3546
abgehauen	3545
straßen	3543
geträumt	3543
Stefan	3543
gerufen	3541
Lager	3540
Reihe	3537
erfolgreich	3537
rat	3536
Wilson	3534
Caroline	3534
Passt	3533
höher	3531
happy	3529
extra	3527
beobachten	3526
Kümmern	3523
Strand	3523
musstest	3522
babys	3519
terry	3517
liebsten	3517
bye	3517
sean	3513
Sitzen	3511
glückwunsch	3511
spinnst	3511
Cent	3507
beziehungen	3507
Scherz	3506
abgemacht	3506
hmm	3505
springen	3504
erschreckt	3503
Offizier	3502
that	3501
wald	3500
befreien	3500
Sara	3498
Affäre	3496
Erde	3494
perfekte	3491
China	3489
verliere	3487
Großer	3486
heutzutage	3486
interessieren	3485
glas	3484
steigt	3483
Carlos	3480
Harold	3479
lebend	3479
Passieren	3476
fliehen	3472
begonnen	3471
ziehst	3471
Soldat	3469
gelandet	3469
scheidung	3468
beschlossen	3467
kleid	3465
Klo	3465
vergisst	3463
begeistert	3462
papiere	3460
Termin	3459
durchs	3458
Gang	3456
geil	3454
erkläre	3450
schreckliche	3448
beten	3446
verbunden	3445
sprachen	3444
beeindruckt	3443
vince	3441
aufgegeben	3441
aufgrund	3440
momentan	3439
solch	3439
Vertrag	3438
meistens	3437
Dienst	3436
brust	3436
Gefängnis	3435
schritt	3434
kleider	3433
bestellt	3429
band	3426
Fluss	3426
herkommen	3426
nenne	3425
soviel	3425
kannten	3424
aufgabe	3423
zuhören	3422
stattdessen	3421
aye	3421
Dinger	3420
trennen	3417
stimmung	3416
Test	3413
aufgefallen	3413
kämpft	3412
beantworten	3404
verurteilt	3404
spur	3403
tyler	3403
träumen	3401
akten	3400
nettes	3399
riskieren	3396
house	3396
Verließ	3396
wirf	3395
Karriere	3393
wenige	3392
Willie	3392
Kalifornien	3392
beigebracht	3390
Schreiben	3388
gratuliere	3386
rick	3385
dachtest	3381
müll	3378
gewöhnt	3378
stellte	3376
mitte	3375
erleben	3373
tollen	3372
decke	3370
lege	3365
schritte	3364
monster	3363
Feigling	3363
gary	3363
erfährt	3362
gewohnt	3361
Jessica	3359
hilfst	3357
äußerst	3357
brauch	3356
weint	3354
verfügung	3354
vernichten	3353
Griff	3351
ellen	3351
Herren	3349
Gesundheit	3349
Zweifel	3348
Sprache	3347
Waffen	3346
übel	3344
schlampe	3344
adresse	3342
täglich	3340
Weh	3338
übernehme	3336
messer	3334
geraten	3334
freiwillig	3334
dritten	3333
cole	3333
Universum	3332
Heißen	3330
julie	3330
marshall	3329
wetter	3328
fähig	3328
Revier	3323
Fass	3322
mum	3322
Millionen	3321
führe	3320
gucken	3319
durchgemacht	3319
gründe	3316
führte	3316
Szene	3315
Realität	3315
albern	3315
Hart	3314
brav	3314
Worden	3313
versagt	3312
truck	3310
langen	3308
sicherlich	3307
Öffentlichkeit	3306
kenn	3304
ball	3303
verstärkung	3303
agenten	3300
rechten	3300
Ändern	3297
jo	3296
harte	3295
starke	3294
gordon	3294
Pflicht	3293
würd	3293
verschwand	3293
Erfahren	3292
Wache	3291
staaten	3291
Russen	3290
Knie	3289
gaben	3288
gemerkt	3288
ciao	3287
Tragen	3285
Schutz	3278
abby	3278
trinke	3276
klären	3276
benehmen	3276
hübsches	3272
schreibtisch	3272
versuchst	3271
Vampir	3270
rory	3269
schaff	3267
schwere	3265
feuern	3265
verzeih	3265
gruppe	3261
schießt	3260
geküsst	3260
Kräfte	3259
ertönt	3257
nahmen	3254
blau	3253
vorbereiten	3253
wartest	3252
verbrannt	3252
verdammtes	3250
frankie	3245
informiert	3242
einziges	3242
leck	3241
stinkt	3238
schnappt	3238
Klamotten	3235
eis	3232
Marcus	3230
tess	3229
Schöne	3228
Tasse	3227
erfolg	3225
verteidigung	3225
Schicken	3224
lügst	3224
lies	3223
enterprise	3219
Michelle	3217
beeilt	3215
schiffe	3214
einst	3210
behandlung	3208
treiben	3204
Applaus	3204
korrekt	3203
bericht	3202
besessen	3201
trinkt	3199
gekämpft	3197
Grenze	3196
Lacht	3195
black	3195
Anrufen	3193
angreifen	3193
huh	3190
details	3187
Kommandant	3186
elf	3186
beeindruckend	3184
schmerz	3183
wahren	3183
ho	3183
heut	3182
clever	3182
dienen	3180
westen	3180
verrückten	3180
Redest	3178
Fühlen	3176
Boden	3175
Wissenschaft	3165
wünsche	3164
verteidigen	3164
personen	3163
Ursache	3162
gewiss	3160
Bereich	3158
Catherine	3158
wechseln	3156
meinetwegen	3156
Senator	3154
Mond	3151
angebot	3149
europa	3149
verzweifelt	3149
deutschland	3148
jess	3148
stets	3145
melde	3142
Sieg	3138
pünktlich	3137
ring	3135
molly	3134
briefe	3133
Eva	3130
schlafe	3128
Kämpfen	3127
Lachen	3127
wirken	3126
wünscht	3125
besondere	3125
Stil	3124
starten	3123
fingerabdrücke	3121
anweisungen	3121
geheim	3119
shield	3119
Einsatz	3118
wetten	3115
falle	3114
insel	3112
Umbringen	3110
Farm	3108
erstaunlich	3108
Hasse	3107
Stock	3106
Schwachsinn	3106
verwandelt	3104
zwingen	3103
kuh	3101
daneben	3101
Klaus	3099
süden	3098
Anzug	3097
dorf	3091
laß	3091
Freitag	3088
Million	3085
verpiss	3085
Umständen	3084
Angelegenheit	3083
folgendes	3081
Laden	3080
feind	3080
aufnehmen	3079
angestellt	3079
wut	3076
Training	3076
aufgetaucht	3075
rausfinden	3073
Führen	3072
Dreck	3072
Schauen	3070
ächzt	3070
rauskommen	3070
medikamente	3069
geschenkt	3068
nenn	3066
Johnson	3065
vorteil	3065
for	3064
Lesen	3062
amerikanische	3060
Programm	3059
schönste	3059
rufst	3059
Grab	3058
mantel	3058
berührt	3058
französisch	3058
Gouverneur	3056
Geschehen	3051
reiten	3048
Wirklichkeit	3045
bestraft	3044
reine	3044
Edward	3043
wohne	3042
schlimmes	3042
bestehen	3041
jeannie	3039
erscheint	3039
staatsanwalt	3038
Stuhl	3037
spazieren	3037
Ewigkeit	3036
störung	3035
hässlich	3034
Fliegen	3033
Trotz	3032
schließt	3032
angezogen	3032
Team	3031
Gast	3031
half	3029
vieles	3028
sollt	3027
Martha	3027
tausend	3026
Toilette	3025
Hexe	3023
mutig	3022
gründen	3020
andrew	3020
hauptmann	3019
Umstände	3019
Unglück	3018
eng	3018
zugeben	3016
white	3016
Lucas	3015
gelöst	3013
Reaktion	3013
gefangenen	3012
verdächtigen	3010
your	3010
bedroht	3009
Pistole	3008
befreit	3007
stöhnen	3007
Aussage	3006
reagiert	3006
Identität	3006
kennenlernen	3003
Texas	3002
Schneller	2998
auseinander	2998
leonard	2998
unheimlich	2998
mulder	2997
Zähne	2994
irgend	2994
Diener	2991
fressen	2990
bruce	2990
Theater	2989
ficken	2988
studiert	2985
angelogen	2985
little	2985
spüre	2984
sally	2984
stammt	2982
Earl	2981
nebenan	2981
todd	2979
Lektion	2978
Mäuse	2978
Denk	2977
Panik	2976
gehörte	2974
Sophie	2973
Perfekt	2969
oberst	2969
mitleid	2968
Auftritt	2967
fremde	2966
Gegner	2965
energie	2964
Joseph	2964
Handy	2963
fleisch	2962
Hinten	2960
bedrohung	2960
entspannen	2957
begangen	2957
el	2955
virus	2954
Fahrer	2952
Acht	2951
bäume	2950
Leidenschaft	2948
geliebte	2946
verwendet	2943
gekümmert	2942
Alkohol	2941
voran	2941
wieviel	2941
Fallen	2940
barney	2940
Graf	2939
verabredung	2938
fein	2937
greifen	2936
donna	2935
damon	2934
Kilo	2933
Diego	2932
zurückkehren	2930
erschaffen	2926
gefreut	2925
see	2924
unterschied	2924
Post	2923
stärke	2923
Penner	2922
jay	2920
waschen	2918
Angela	2917
kühlschrank	2916
lehrerin	2916
Tages	2915
Francisco	2915
wind	2914
geister	2912
behaupten	2912
josh	2910
wayne	2909
würdet	2908
we	2908
warnen	2906
holst	2906
treibt	2903
füßen	2901
angriff	2900
unglücklich	2900
frohe	2899
plus	2897
Nancy	2896
loch	2895
interesse	2894
quatsch	2893
lecker	2892
Projekt	2891
Folgen	2890
Rückkehr	2889
Bitten	2887
dicht	2884
flasche	2882
miller	2880
schuss	2879
untersucht	2878
Jean	2878
befinden	2877
Behalten	2874
Nähe	2873
hättet	2873
Arbeite	2872
maschine	2872
bein	2869
internet	2868
Kindheit	2866
gewollt	2866
Op	2866
grenzen	2864
Ohr	2863
wunderbare	2862
grandpa	2861
Miststück	2861
verrückter	2860
lane	2860
jungfrau	2859
bücher	2858
einfache	2858
nate	2858
Schüler	2857
reingelegt	2855
seltsame	2854
heiratet	2854
angenehm	2854
daheim	2854
Größe	2852
irren	2852
kommando	2852
Geruch	2851
marty	2851
Tritt	2850
Tina	2849
nächster	2849
hörten	2849
richten	2848
Jackie	2848
trafen	2848
Lebens	2847
ungern	2847
abgelehnt	2846
schnee	2845
erstens	2843
abmachung	2843
Miami	2841
zeigte	2840
Sonntag	2839
Fan	2839
hohen	2837
Alf	2837
punkte	2836
entfernen	2836
Ladys	2834
Sms	2833
dämonen	2832
tränen	2832
jamie	2831
Verbergen	2831
sorgt	2831
Karl	2829
volle	2828
Sohnes	2828
berühmt	2828
bonnie	2822
ginge	2822
reingehen	2821
durfte	2821
Liegen	2819
fang	2818
lüge	2818
au	2816
wirft	2814
Kohle	2813
heimat	2813
Titten	2813
Verkaufen	2812
Hure	2811
ecke	2807
Anfangen	2806
one	2806
doctor	2805
brücke	2804
schreie	2804
blöden	2804
miles	2803
rausholen	2803
Artikel	2802
bestätigen	2802
hohe	2802
by	2801
druck	2800
Holmes	2800
hübscher	2799
vegas	2797
empfangen	2796
stellung	2793
auftrag	2792
ergeben	2792
Signal	2791
Stich	2790
fange	2789
häuser	2789
gedanke	2789
gefühlt	2787
befreundet	2787
Weib	2785
ausgerechnet	2784
Walker	2784
beibringen	2783
Nelson	2783
ex	2783
Hotel	2782
Tanz	2782
real	2782
belohnung	2782
spielte	2780
Scheißkerl	2777
gestört	2777
cooper	2773
riechen	2772
pause	2771
Pillen	2771
keller	2768
Carol	2767
Geschickt	2766
norman	2765
zoe	2765
amerikanischen	2765
nieder	2762
erkenne	2761
maul	2759
grüß	2759
Hurensohn	2759
mögliche	2759
Sieben	2758
schloss	2756
Gewinnen	2755
scheinbar	2753
hut	2752
wenigen	2750
nix	2747
sterne	2746
heilen	2746
Vampire	2745
erkennt	2741
sicherer	2741
Voller	2740
dummes	2740
erneut	2740
Christus	2738
Priester	2737
bezahle	2737
böses	2737
Dummkopf	2737
Ärger	2736
Gerüchte	2736
eingestellt	2734
fahrt	2733
Neu	2731
Bezahlen	2730
weitergehen	2729
Ali	2727
bombe	2726
bezweifle	2726
piper	2725
wachsen	2724
over	2723
Bühne	2722
himmels	2722
gekostet	2721
schweine	2720
bedingungen	2717
brad	2717
aufzuhalten	2717
versprich	2715
verdiene	2714
geschnappt	2713
lernt	2712
francis	2712
normale	2711
anbieten	2710
verwenden	2709
eile	2709
Italien	2708
übers	2707
einig	2707
grün	2706
haar	2705
verarschen	2704
weswegen	2704
nützlich	2703
anklage	2700
Gentleman	2700
Felix	2700
Prozess	2699
vergesse	2699
dunkle	2699
warnung	2698
Samstag	2696
lippen	2696
wächst	2694
Motor	2691
gewöhnlich	2691
achten	2690
großartige	2689
beth	2686
dach	2685
folge	2684
einladen	2684
käse	2684
aufwachen	2684
traurige	2684
persönliche	2683
Figur	2681
zusehen	2680
time	2680
Hof	2677
kürzlich	2677
hosen	2676
Paula	2676
käme	2675
gehirn	2674
kurze	2674
scheck	2674
bereitet	2674
Ärzte	2673
Fantasie	2673
brach	2673
Bauch	2671
fresse	2671
Kommissar	2671
mut	2669
wiederholen	2668
Exzellenz	2668
Kiste	2667
bestellen	2667
schuldest	2667
zeuge	2665
nass	2665
west	2663
womöglich	2662
tier	2661
lou	2661
Davis	2660
system	2659
menschlichen	2659
repariert	2659
Berg	2658
reifen	2657
führung	2657
gestanden	2656
Jacob	2655
Alarm	2653
tests	2653
Nina	2653
rose	2652
schenken	2652
april	2652
jobs	2652
unterlagen	2651
schwerer	2650
Regeln	2649
steckst	2647
interessante	2647
Fangen	2646
wovor	2646
geschenke	2645
merkt	2644
stan	2644
flehe	2643
aufgewachsen	2642
liefern	2640
größere	2639
Humor	2639
Fort	2635
grunde	2635
schulde	2633
be	2633
Organisation	2632
Studio	2628
hausaufgaben	2628
loslassen	2626
berichten	2626
verabschieden	2626
schieß	2625
bescheuert	2625
weggehen	2625
steig	2624
Revolution	2623
Hitler	2622
beweis	2621
Mädel	2621
Nathan	2619
Montag	2618
verdacht	2618
ermittlungen	2618
baum	2617
besonderen	2615
versetzt	2612
lehrer	2611
Absolut	2609
heiliger	2608
reiß	2608
Kopie	2607
zeitungen	2605
zurückgekommen	2605
süßes	2604
Barbara	2604
ungewöhnlich	2604
zahlt	2602
geschaffen	2602
ausgesucht	2601
notwendig	2600
Gedanken	2599
dunklen	2599
toter	2598
scheißegal	2596
höchstens	2596
übersehen	2595
geirrt	2595
darunter	2594
Schnauze	2592
zucker	2592
einzig	2592
stirbst	2591
lhren	2591
Beruf	2590
spielchen	2590
Gebiet	2589
schreib	2589
standen	2588
Girl	2588
Fahrrad	2588
Nutte	2587
heil	2586
Jordan	2585
bequem	2584
verschiedenen	2584
held	2583
kamst	2583
drum	2582
Betty	2582
Pool	2580
magen	2578
wüssten	2578
erstmal	2576
Kollege	2575
vernichtet	2575
Gesichter	2575
derselbe	2575
hattet	2575
Jacke	2574
Wild	2569
casey	2569
Munition	2566
gefasst	2564
Anzeichen	2563
Worte	2562
geklappt	2562
Kamen	2560
gewalt	2560
bewahren	2560
hintergrund	2560
pack	2559
Gift	2558
Ton	2558
Zahlen	2557
Legen	2555
keins	2554
genial	2554
tiefer	2553
schnapp	2553
tor	2552
truppen	2552
solle	2552
randy	2552
zunächst	2551
keinerlei	2551
typisch	2549
osten	2548
bietet	2548
schwanz	2547
besitzt	2546
leb	2546
Fahr	2544
freien	2544
poirot	2543
umso	2543
starben	2543
antworte	2541
rette	2541
triffst	2541
unhöflich	2541
sommer	2540
posten	2540
schneiden	2540
Safe	2540
anzurufen	2539
Universität	2539
Sitzt	2535
sammeln	2535
derselben	2534
male	2534
gesteckt	2532
olivia	2532
prüfung	2531
brown	2529
Geburt	2527
Gesetze	2527
Meeting	2526
versicherung	2526
getragen	2526
ehefrau	2524
ergebnisse	2523
ausziehen	2522
stein	2520
Boston	2519
reg	2518
Schönen	2517
gefehlt	2517
gedauert	2516
Rock	2514
Blair	2514
abgeben	2513
mm	2512
Bibliothek	2510
hose	2509
erfüllen	2508
kauft	2508
Hannah	2508
serena	2508
Gewehr	2507
Motiv	2506
basis	2504
paige	2504
Spiegel	2503
derek	2503
wiederhole	2501
tote	2500
zahle	2496
vereinigten	2496
Klein	2494
Regel	2494
badezimmer	2492
dreimal	2491
opfern	2490
echtes	2490
zweitens	2490
blaue	2489
sparen	2488
weiteres	2488
natur	2487
Strafe	2487
gehörst	2487
bahnhof	2487
erschöpft	2487
genauer	2487
verlange	2485
miete	2484
spanisch	2484
Süß	2483
Zelle	2483
live	2482
Legende	2482
taub	2482
freu	2481
hopp	2480
bereiten	2479
wiederzusehen	2479
böser	2479
streit	2478
Gras	2478
herzlich	2478
monica	2477
prüfen	2476
Brot	2474
genügt	2474
erscheinen	2473
Spanien	2473
großzügig	2473
Teddy	2473
einstellung	2471
köstlich	2470
watson	2469
Einheiten	2469
besiegen	2468
wichtigen	2466
Gleiche	2465
landes	2465
Go	2465
Russland	2465
fürchten	2464
mordes	2464
angeschossen	2464
nennst	2463
sammy	2463
bad	2462
Pierre	2461
Hemd	2459
Laune	2459
kugel	2458
Wach	2456
geflogen	2456
Zunge	2455
Spion	2455
what	2455
Winter	2454
Aaron	2454
weihnachtsmann	2454
erwischen	2453
hervorragend	2453
can	2453
verärgert	2453
flug	2450
unwichtig	2450
Santa	2450
rosa	2449
übung	2449
buffy	2449
Franzosen	2446
wehgetan	2446
Cousine	2445
Grant	2443
angeles	2442
atme	2442
irgendeinem	2442
unterstützt	2442
Oscar	2441
kaufe	2440
gedächtnis	2439
Benutzen	2438
beleidigt	2438
stop	2438
schlimme	2437
katie	2436
dramatische	2434
heutigen	2432
Island	2432
shane	2431
daisy	2431
heimlich	2430
Tanzen	2429
Ansehen	2429
Zuhause	2427
mächtig	2426
Williams	2425
sinnlos	2425
versaut	2425
schwert	2424
Strom	2420
labor	2419
Krebs	2419
ausruhen	2416
umgebung	2416
fisch	2415
linken	2415
mitbringen	2415
beteiligt	2415
Minister	2414
erwachsene	2412
zack	2412
Quelle	2411
Zahl	2411
üben	2411
Hollywood	2411
morde	2410
vergesst	2409
mitarbeiter	2408
Plätze	2407
gehöre	2406
Sender	2406
Spitze	2405
Fernseher	2404
rund	2403
zustand	2401
fieber	2400
leiten	2400
rettet	2400
Alexander	2399
mommy	2398
diejenige	2398
wunsch	2397
Nächte	2397
gäste	2396
Steckt	2395
farbe	2395
herrscht	2395
bud	2394
Dna	2394
zufall	2393
romantisch	2393
Schreit	2392
flüstert	2392
drück	2392
jeremy	2392
extrem	2390
verabredet	2390
Colt	2389
juden	2388
schaue	2388
Nigger	2388
reizend	2387
Nennt	2385
stanley	2385
Leib	2385
ärztin	2384
koffer	2382
vergewaltigt	2381
mußt	2381
Heiß	2380
Foto	2380
kurs	2380
lieferung	2380
Kalt	2378
kugeln	2376
kopfschmerzen	2376
dutzend	2375
testen	2374
knarre	2373
sekretärin	2373
Handschellen	2371
lewis	2371
langsamer	2369
treu	2368
kurzem	2367
fische	2367
einkaufen	2367
meiste	2366
Museum	2366
Albtraum	2366
afrika	2365
margaret	2365
verlobt	2365
besiegt	2364
nachsehen	2363
könne	2361
lager	2360
reihe	2358
Christian	2358
bewaffnet	2358
Sekunden	2357
bereuen	2356
berge	2356
wirkung	2355
steuern	2353
Connor	2353
Rebecca	2353
Gas	2352
travis	2352
Sturm	2351
amüsieren	2351
ordentlich	2351
verlasse	2350
weglaufen	2350
strand	2349
aufgewacht	2349
überfallen	2348
umdrehen	2348
Null	2347
Leutnant	2344
tanzt	2343
hogan	2343
Bittet	2343
Beweise	2342
Götter	2342
verbrennen	2341
Ankunft	2340
klopft	2339
scherz	2337
Bewusstsein	2337
Nation	2337
Papier	2336
blauen	2336
kontrolliert	2336
Treffer	2336
abnehmen	2336
stücke	2333
identifizieren	2332
Anwälte	2332
Tempel	2332
vergiftet	2332
kameras	2331
unangenehm	2329
ausrüstung	2327
Segen	2327
wenden	2326
präsentiert	2326
suchte	2323
Schießen	2322
garantiert	2322
Dauert	2321
Versteck	2320
durchsucht	2319
president	2319
tracy	2319
verfluchte	2318
bestimmten	2318
clay	2317
ladies	2317
ladung	2314
soldat	2312
brachten	2312
hell	2312
Treppe	2311
berühren	2311
hafen	2311
Kent	2311
Kapitel	2311
chase	2310
benutze	2310
Bestie	2308
Gus	2308
nirgends	2308
wohnzimmer	2308
Dämon	2307
termin	2306
Lex	2305
Sucht	2304
gang	2304
Schlange	2304
verschwenden	2304
logan	2303
königs	2302
schmutzig	2302
Weitere	2301
Liebhaber	2301
lese	2300
stahl	2298
affen	2296
Hütte	2295
kirk	2295
Kilometer	2293
worten	2293
inspector	2293
vertrag	2292
allzu	2292
vermeiden	2291
dienst	2290
aussagen	2289
dürft	2289
spielzeug	2287
Tv	2287
Gloria	2286
fluss	2284
laufe	2284
knurrt	2283
Rita	2282
planen	2281
klauen	2280
Lincoln	2280
Audrey	2280
quinn	2280
klingen	2279
probier	2279
le	2279
Herzen	2278
Schlagen	2278
kids	2278
unterschrieben	2277
do	2277
Weise	2276
Angel	2276
test	2275
entschlossen	2275
Damen	2274
appetit	2274
gefiel	2273
bekamen	2272
netten	2271
Jennifer	2270
Sack	2269
aktiviert	2269
Gottes	2268
Ausweg	2268
hinweg	2268
Ausgang	2267
wunderschöne	2266
Fehlt	2265
zurückkommt	2265
ann	2265
illegal	2263
karriere	2262
Mittel	2262
aussteigen	2261
persönlichen	2261
Geiseln	2260
segne	2258
Frische	2257
aufgepasst	2257
murphy	2256
raumschiff	2256
dummen	2256
ausbildung	2255
Heiße	2254
Beweisen	2254
hauptsache	2254
Fliege	2251
entgegen	2250
betreten	2248
Julian	2248
Version	2247
hilfreich	2247
jahrelang	2246
todes	2245
Baron	2244
grüße	2243
geklärt	2242
Stoff	2241
Kraft	2240
Normal	2240
stone	2240
blue	2240
denselben	2239
rettung	2239
widerlich	2239
parkplatz	2238
Ehre	2237
Stell	2235
sozusagen	2235
griff	2234
unschuldige	2234
abwarten	2234
grandma	2233
Florida	2233
Re	2233
könntet	2233
Bar	2232
zweifel	2232
angeboten	2232
Vision	2232
sprache	2231
schauspielerin	2229
glückliche	2227
Schrank	2226
highschool	2226
Friedhof	2226
Irrtum	2225
seelen	2224
steine	2224
Klienten	2224
Nervt	2224
leidet	2224
reverend	2223
gegenwart	2223
herman	2223
durchaus	2221
grausam	2221
verwickelt	2221
apropos	2219
Liz	2219
Alfred	2218
ansonsten	2218
Missverständnis	2218
ruhen	2217
Hunger	2216
gepäck	2216
motorrad	2216
fass	2215
mickey	2215
Lügen	2213
glücklicher	2213
telefonieren	2212
hübschen	2212
gewünscht	2211
szene	2210
gejagt	2210
heirate	2209
diejenigen	2209
spring	2206
uni	2206
Huhn	2206
Tagebuch	2205
möglichen	2204
jenseits	2204
arschlöcher	2204
mason	2203
pfeift	2203
dieselben	2203
vergaß	2202
fakten	2201
informieren	2201
greg	2201
jugend	2200
Konsequenzen	2200
macgyver	2199
führerschein	2199
benzin	2197
bete	2197
verdächtige	2197
Feld	2196
Steh	2195
pflicht	2195
wache	2194
knie	2193
zigaretten	2192
riesige	2192
Aussicht	2192
ned	2191
hierbleiben	2190
wiederkommen	2190
werbung	2188
warf	2187
telefoniert	2186
schutz	2185
Staat	2185
einzelnen	2182
Schrei	2181
Vögel	2180
hielten	2180
Liste	2178
gekannt	2178
scully	2176
Gesucht	2174
wohnst	2174
hans	2174
Kämpfer	2174
Victoria	2174
sitzung	2174
ergebnis	2173
kräfte	2172
Rücken	2170
sicheren	2170
Klinik	2169
ron	2168
innen	2167
tapfer	2167
Experiment	2167
besorge	2167
abgeholt	2165
bestimmte	2164
laufenden	2164
verhandeln	2163
auftaucht	2163
school	2163
Öffnen	2161
Tara	2161
Redet	2160
inneren	2160
Sebastian	2160
mies	2160
Drinks	2157
diamanten	2156
Bürger	2155
schlief	2155
Tradition	2155
soeben	2155
Versteckt	2154
Hammer	2154
komische	2154
Klang	2153
Schultz	2153
aufgehalten	2153
euro	2152
Fähigkeit	2152
Erwarten	2151
attraktiv	2151
versichere	2150
legte	2149
mitteilen	2149
Politik	2148
sdh	2148
gemütlich	2146
versprach	2145
eingeschlafen	2144
schlimmsten	2144
verlierst	2144
einzelne	2144
Besitz	2143
anschauen	2141
material	2141
Sauer	2140
vergib	2140
vorbeikommen	2140
aua	2140
brüste	2140
Sandwich	2140
stellst	2139
einfallen	2139
Verständnis	2139
raymond	2136
Jung	2134
matthew	2134
einsteigen	2133
schüchtern	2132
rächen	2131
grenze	2130
green	2130
sheldon	2130
begrüßen	2129
Christopher	2129
hätt	2128
überraschen	2127
übernimmt	2126
walton	2126
heftig	2126
vorfall	2126
Motel	2125
Teams	2124
irgendeinen	2124
müsstest	2123
störe	2122
filmen	2122
Ruhm	2121
zurzeit	2121
Rezept	2121
Links	2120
maschinen	2120
Töchter	2120
akzeptiert	2119
Geschwindigkeit	2119
Großes	2118
graben	2118
beliebt	2118
verpflichtet	2118
Betrüger	2118
auftauchen	2117
springt	2116
terroristen	2116
blöder	2116
becky	2116
Beschützen	2115
bekämpfen	2115
lärm	2114
Königreich	2114
Brille	2113
Erreichen	2111
Dennis	2110
betrachten	2109
Kindern	2108
Leiter	2108
baut	2108
Kauf	2107
Chinesen	2107
gesichert	2107
Werk	2106
Michel	2106
Ruth	2106
Schlacht	2104
bergen	2103
belogen	2103
kofferraum	2102
road	2102
Bursche	2102
mond	2101
vögeln	2101
erin	2101
Geständnis	2101
ausgegangen	2101
begreifen	2101
Dana	2100
löst	2097
Furcht	2097
Zweck	2096
verbinden	2096
Jersey	2096
Kämpfe	2095
verteilt	2095
bezüglich	2095
steck	2094
faszinierend	2094
Verraten	2093
aufmerksam	2093
aufregung	2093
wendy	2093
sieg	2092
Tausende	2092
Ethan	2092
orte	2092
entführung	2091
keucht	2091
erhielt	2091
hunderte	2090
Schnitt	2089
Fährt	2088
Malcolm	2087
Holz	2086
Zorn	2086
ausgesetzt	2086
Kaiser	2085
besitzen	2085
bewiesen	2085
Generation	2084
liebste	2084
Haut	2082
Fahre	2081
beschreiben	2081
Bart	2080
herrlich	2080
Herausforderung	2080
gefälligst	2079
Geredet	2078
einsatz	2078
ignorieren	2078
geliebten	2077
ankommen	2077
unterbrechen	2077
Eigene	2075
Ei	2075
außen	2075
babe	2075
schrecklichen	2075
Zeiten	2074
Tal	2074
irgendwer	2073
deins	2072
stock	2071
Nachrichten	2068
wilde	2068
Gerede	2068
anzug	2065
Anwesenheit	2065
gewachsen	2065
Ausflug	2065
jill	2065
hubschrauber	2063
kenny	2063
wegnehmen	2063
benötigen	2062
Stress	2061
pst	2061
Otto	2060
freitag	2059
konto	2059
clarence	2058
Güte	2057
million	2057
Schade	2056
freie	2055
haken	2052
militär	2052
identifiziert	2051
Mac	2050
owen	2050
Morris	2050
riesig	2049
Koma	2049
dreck	2048
Prinzen	2048
bewusstlos	2048
Kriege	2047
Bulle	2047
county	2047
Geräusch	2046
erwähnen	2046
hill	2046
höflich	2046
tipp	2045
setzte	2045
besorg	2045
absichtlich	2045
vermasselt	2045
reißen	2044
verschlossen	2044
sowie	2044
Künstler	2043
gedreht	2043
Ford	2043
Religion	2043
berichte	2042
kram	2042
ey	2042
unterschrift	2042
Urteil	2041
persönliches	2041
umziehen	2040
Queen	2040
programm	2039
grab	2038
Eingang	2038
Verlust	2037
zugehört	2037
biete	2036
Clara	2036
Schulter	2035
ruinieren	2035
patientin	2034
stephen	2033
explodiert	2033
Bleibe	2031
Fluch	2031
Steven	2031
harris	2031
Unterricht	2029
drehbuch	2029
Football	2029
Letztes	2028
heben	2028
anzusehen	2028
ohnmächtig	2028
koch	2027
anthony	2027
geladen	2025
stuhl	2024
peg	2023
Brauchten	2022
liam	2022
trotz	2021
gast	2021
Fett	2021
heb	2021
Virginia	2021
mitmachen	2019
tauschen	2019
Wächter	2018
Eimer	2018
toilette	2017
unfair	2017
verzeiht	2016
Esel	2016
krankenschwester	2016
hexe	2015
einstellen	2013
reagieren	2013
verwandeln	2013
entscheidet	2013
Singen	2012
senden	2012
unterwäsche	2011
Uniform	2010
parker	2009
betrachtet	2009
Abenteuer	2008
anhören	2008
Toten	2007
japan	2007
Engländer	2007
Weihnachten	2006
hinsetzen	2006
pistole	2005
aussage	2004
probiert	2004
spock	2003
schalten	2002
gewöhnen	2002
Versuchten	2001
lernte	1999
Mütter	1999
Aktion	1997
zähne	1996
zweiter	1995
Louise	1995
schieben	1993
schluchzt	1993
übertrieben	1993
heilmittel	1993
Apparat	1993
theater	1992
weich	1992
vorm	1992
friedlich	1992
richtiges	1992
Teenager	1991
drachen	1990
geliefert	1990
May	1990
gestritten	1990
Geheimnis	1989
Schädel	1989
lediglich	1989
riley	1988
Jagd	1987
krass	1986
hexen	1985
panik	1984
doppelt	1983
group	1983
ricky	1983
Verbrecher	1982
Maske	1982
Diana	1982
starken	1980
taschen	1979
dexter	1978
Drogen	1977
hauses	1977
leihen	1976
scheiden	1976
Kriegst	1975
geheilt	1975
Führer	1972
warne	1972
Nicole	1972
befürchte	1971
warren	1971
Fotos	1970
Versagen	1970
Antrag	1969
übernommen	1969
fahrer	1968
sklaven	1968
hoffte	1968
verspätung	1968
gesamten	1967
stille	1967
Whiskey	1967
Mars	1967
traue	1964
riesigen	1963
alkohol	1961
Probe	1960
überfall	1960
Kompliment	1960
erkennst	1960
Erledigen	1959
linke	1959
ari	1959
walt	1959
Mannschaft	1958
Patient	1957
Gegenüber	1956
schwäche	1956
couch	1956
cindy	1956
Loyalität	1956
Benjamin	1955
Lust	1954
Dankeschön	1954
Nick	1951
verhandlung	1951
brüllt	1951
Übrigens	1950
Willen	1950
letztendlich	1950
post	1949
beweist	1949
Verlierer	1949
spencer	1949
with	1949
Kekse	1949
Whisky	1947
erledige	1947
Gelächter	1947
leere	1945
fängst	1945
erklär	1945
Einspruch	1945
trinkst	1944
rausgehen	1943
eingehen	1942
monk	1942
Kaution	1941
greift	1940
eures	1940
gesessen	1939
Besitzer	1938
Boy	1937
Hinweis	1936
atem	1936
curtis	1936
bernard	1934
Namens	1933
anstellen	1933
milliarden	1933
gerissen	1933
Gehören	1932
dunkeln	1932
festgenommen	1932
entwickeln	1931
Ralph	1930
befohlen	1930
überlege	1930
Brachte	1929
schämen	1929
durchsuchen	1928
rollen	1928
flog	1928
projekt	1927
Tunnel	1927
Herzinfarkt	1927
tricks	1925
sünden	1925
Nahrung	1925
geflohen	1924
Serie	1922
Markt	1922
räumen	1921
nebenbei	1921
mylord	1921
küss	1921
lerne	1920
lhrem	1920
geleistet	1920
fröhliche	1920
hinweise	1919
ausreden	1919
veränderung	1919
zwischenzeit	1917
eingesetzt	1916
Anton	1916
philip	1916
megan	1916
schlimmeres	1916
Bewegen	1915
Haare	1915
Antworten	1915
jahres	1915
nachzudenken	1915
schwör	1915
übliche	1914
Kreatur	1914
bedanken	1912
medizinische	1912
besetzt	1912
ohr	1909
blutdruck	1909
grade	1908
Papi	1908
Clown	1908
lhrer	1908
sonny	1908
Hass	1907
stecke	1907
Hühnchen	1907
aufgebaut	1906
Sydney	1906
schüler	1905
steele	1905
glatt	1904
Stecken	1903
trainiert	1903
Indien	1903
studieren	1902
geweint	1902
verletzungen	1902
special	1902
Zwillinge	1902
Rechts	1901
größe	1901
duschen	1901
mia	1901
reißt	1901
tritt	1900
zeigst	1900
stirb	1900
Justin	1899
diane	1899
Entscheiden	1898
gefickt	1898
schlägst	1898
Moskau	1898
erwartest	1897
gestoßen	1896
versehen	1895
Miteinander	1894
gründlich	1894
benny	1894
eingeschlossen	1894
Tragödie	1894
vollständig	1894
Psychiater	1894
sonntag	1893
positiv	1893
lance	1891
vertraust	1891
Kummer	1891
existieren	1889
Wohnen	1888
proben	1888
beschissen	1888
Christine	1888
Anteil	1887
Ritter	1887
gewinne	1887
personal	1887
Zentrum	1887
Testament	1887
entfernung	1886
Viertel	1885
Roman	1885
fällen	1885
wecken	1884
kurt	1884
Heroin	1884
erfuhr	1884
Flugzeug	1883
dummer	1883
Homer	1883
stabil	1882
ausgeschlossen	1882
out	1882
aufgehoben	1881
Zweite	1880
Single	1880
Regisseur	1880
vielmals	1880
Dylan	1880
nähern	1878
weggelaufen	1878
Noah	1877
Tee	1876
Schock	1876
Empfang	1876
decken	1876
sinne	1876
kohle	1875
zuständig	1875
long	1875
hure	1874
Titel	1874
hustet	1873
brutal	1873
Einfluss	1872
besprochen	1872
bargeld	1870
Peggy	1870
zusammenarbeiten	1869
beunruhigt	1869
artikel	1868
ratten	1866
Aufhalten	1865
Stellt	1865
eklig	1865
armes	1865
august	1864
wunden	1864
avenue	1863
öffentlich	1863
nützt	1862
signal	1860
stich	1860
schließ	1860
Gespräche	1860
vorgehen	1859
Wüste	1858
Kleinigkeit	1858
Gabe	1857
manny	1857
Geisel	1857
Hundert	1856
gerecht	1856
tanz	1855
Trost	1855
gehasst	1855
gesorgt	1854
archer	1854
Spinner	1854
vergebung	1853
gefesselt	1852
beinen	1850
leitet	1850
angehen	1849
Dienstag	1848
alibi	1848
ekelhaft	1848
ziele	1847
intelligent	1847
meg	1847
Verhältnis	1847
Socken	1846
brieftasche	1846
holly	1846
eventuell	1845
nirgendwohin	1845
gelangen	1845
brennen	1844
Vaters	1843
Verstecken	1842
Vernunft	1842
regnet	1842
Drama	1842
entspannt	1842
Planet	1841
schwarzer	1841
Suppe	1840
ersetzen	1840
Schützen	1839
Sitz	1839
ruhige	1839
anständig	1839
juli	1837
aufzeichnungen	1837
Tour	1836
verfahren	1836
endgültig	1836
Besuchen	1835
neil	1833
Wodka	1833
camp	1832
know	1832
air	1832
orten	1831
riskant	1831
Passen	1830
hitze	1830
Stern	1829
Zuviel	1829
troy	1828
Erhalten	1827
Kreis	1826
erleichtert	1826
Scheune	1826
Vanessa	1826
priester	1825
meldet	1825
klink	1825
trocken	1824
schreibst	1824
spaziergang	1824
katherine	1824
Blödmann	1821
Teilen	1820
heulen	1820
hurra	1820
lana	1820
Symptome	1819
nutzlos	1818
shaw	1818
telefonnummer	1817
nochmals	1817
geheime	1816
grey	1816
Tiger	1815
Zigarette	1815
bühne	1814
schmuck	1814
Zeichen	1813
faul	1813
Not	1811
dient	1811
Russell	1811
ereignisse	1810
verprügelt	1809
ferien	1808
Wissenschaftler	1807
sherlock	1807
fabelhaft	1807
Dusche	1806
normaler	1806
steuer	1805
leistung	1805
Beileid	1805
weißer	1804
castle	1804
mitchell	1804
Unschuld	1804
Vergnügen	1803
seist	1803
palmer	1802
like	1801
Hirn	1800
genügend	1800
Sofa	1800
prozess	1799
fasse	1799
gekocht	1799
Biest	1799
Donnerstag	1798
Lydia	1798
samstag	1797
bräuchte	1797
Soldaten	1796
Jahrhundert	1796
schweren	1796
leeren	1796
behörden	1795
ausgelöst	1795
Väter	1795
motor	1794
Feiern	1793
verarscht	1793
Ausweis	1792
Sicht	1792
Sport	1792
bruders	1792
kaufte	1792
Nachbarschaft	1792
Villa	1792
Data	1792
Gelassen	1791
goldene	1791
Text	1789
katzen	1789
hauptquartier	1788
geschworen	1787
abgenommen	1787
grünen	1786
hof	1785
aufnahmen	1785
nannten	1785
Schläger	1784
Gefahren	1783
Staub	1783
passe	1783
frisst	1783
bewundere	1783
geschieden	1783
ärzte	1782
sing	1782
assistentin	1782
Schönes	1781
Ratte	1781
Wettbewerb	1781
lebten	1781
Sieger	1781
bauch	1780
verfassung	1780
küsst	1780
fußball	1779
kiste	1778
trainieren	1778
zurückbringen	1778
geschnitten	1778
Verdienst	1777
studenten	1777
Wunde	1776
Linie	1776
höchste	1776
schmecken	1776
klappen	1776
Bauer	1775
unschuldigen	1775
menschlich	1775
eigenartig	1775
Kreuz	1774
oje	1774
Hanna	1774
duke	1774
mitglieder	1773
Franz	1773
berg	1772
Junior	1772
blicken	1772
liegst	1772
Mona	1772
krankenstation	1772
beschreibung	1771
Bob	1770
ausmacht	1770
dicke	1769
beschädigt	1769
alarm	1768
grundstück	1768
Gebeten	1767
Spieler	1767
sauerstoff	1767
nö	1766
diskutieren	1765
pinkeln	1765
ll	1765
Versager	1765
deinetwegen	1765
vic	1765
angeklagt	1765
aufhört	1765
Kamera	1764
erheben	1764
apartment	1763
verbindungen	1763
Marcel	1762
wilden	1761
leiser	1761
stimmengewirr	1761
zerstörung	1761
enttäuschen	1760
finn	1760
Schuhe	1759
Negativ	1759
sanft	1759
Schild	1758
online	1758
charmant	1758
thanksgiving	1758
normalen	1756
Atmosphäre	1756
ronnie	1756
interview	1754
süßen	1754
samantha	1752
jener	1751
dämlich	1749
anblick	1748
Juan	1748
tarnung	1748
Kanada	1747
baker	1747
Tabletten	1747
auftreten	1747
Monroe	1747
Zentrale	1746
Jäger	1746
gelöscht	1746
montag	1745
alison	1745
niedlich	1744
Erkennen	1743
handel	1742
wolltet	1742
Jonas	1742
Start	1741
Falsche	1740
getrieben	1740
bomben	1740
bedenken	1739
Schießerei	1739
Anwältin	1739
überleg	1739
Frisur	1739
Sand	1738
Pfarrer	1738
Spruch	1738
jene	1738
Angelegenheiten	1737
ken	1736
fröhlich	1736
verkaufe	1735
Spezies	1735
Zauber	1734
ellie	1733
irgendwohin	1733
tiefe	1732
narren	1732
Nora	1732
toby	1732
abhalten	1731
sandy	1731
craig	1731
jagt	1730
Eigentum	1730
Zerstören	1729
schnauze	1728
Indianer	1728
löschen	1728
gemeinsame	1728
absurd	1728
gegensatz	1728
Frühling	1728
beruf	1727
Ausland	1727
gebiet	1726
vertragen	1726
gebissen	1726
entwicklung	1726
Vergehen	1726
geheimen	1725
Diskussion	1724
lemon	1723
Freak	1723
forschung	1722
geradeaus	1722
schilde	1720
Iris	1720
rechnungen	1720
tödlich	1720
Erster	1719
ian	1719
oberfläche	1719
Wohnt	1718
Fabrik	1718
jacke	1716
marsh	1716
Vereint	1716
Guck	1715
überwachen	1715
irgendeiner	1715
Beginnen	1714
Dachten	1714
ward	1714
schreckliches	1714
schoss	1714
collins	1713
wild	1712
Neffe	1710
sue	1710
Brooklyn	1710
Neun	1709
lebenden	1709
bevölkerung	1709
hergebracht	1708
toast	1707
just	1707
gepackt	1707
furchtbare	1706
liebster	1706
gift	1705
ton	1705
löwen	1705
einsetzen	1705
scheinst	1704
pflanzen	1704
vorschriften	1704
Amerika	1703
guy	1703
ausgewählt	1703
herunter	1703
schriftsteller	1702
wärt	1702
Falschen	1701
coach	1701
werte	1701
kümmer	1701
andererseits	1700
bay	1700
Melden	1699
Verkauf	1699
gene	1699
Shuttle	1699
üblich	1699
ike	1698
zirkus	1697
Jury	1697
ausmachen	1696
laute	1696
ausgedacht	1696
Freddy	1696
Partys	1695
rausgefunden	1695
lohnt	1694
feige	1694
Werfen	1693
gesungen	1693
märchen	1692
bewährung	1692
Haltet	1689
Korrektur	1689
bailey	1689
Freude	1688
kehren	1688
Gedicht	1688
lorelai	1688
bellt	1687
vorschlagen	1686
genießt	1686
ooh	1686
geburt	1685
trennung	1685
Verzeihen	1684
Lautsprecher	1684
malen	1681
Aufnahme	1680
umwerfend	1680
wahres	1680
zufolge	1680
come	1680
hebt	1679
Timing	1678
Manager	1677
Kid	1677
rock	1676
ernstes	1676
tucker	1676
Höhle	1675
Schokolade	1674
dazwischen	1674
jules	1674
Stopp	1673
bedaure	1673
wobei	1673
treue	1672
Kokain	1672
Schöner	1671
gewehr	1671
felsen	1670
Gräfin	1670
kurzen	1669
spiegel	1668
taucht	1668
bestimmen	1668
zurückgeben	1668
Garage	1666
Bruno	1666
getreten	1666
cal	1666
Pardon	1666
ausrichten	1665
stürzen	1664
ungut	1664
day	1664
Leisten	1663
regel	1663
organisiert	1663
bla	1663
farben	1662
up	1662
tempo	1661
kindes	1661
world	1661
east	1661
erden	1660
falsches	1660
täuschen	1659
hunter	1659
werfe	1659
beantwortet	1659
strafe	1658
meist	1658
hierhin	1657
Scotch	1657
Funk	1656
sichern	1656
überfahren	1656
logisch	1656
heather	1656
zelle	1655
französische	1655
bekannte	1655
Episode	1655
engagiert	1654
manipuliert	1654
trauer	1653
are	1653
Bedeuten	1652
gras	1652
bilden	1652
blake	1652
sodass	1652
verlaufen	1651
Volkes	1651
janet	1651
Feier	1650
rechnen	1650
befragen	1650
grand	1650
zurückgekehrt	1650
eröffnet	1650
brot	1649
summt	1649
Söhne	1648
reiche	1648
beginn	1648
daumen	1648
verschaffen	1648
verlobte	1648
erfahrungen	1648
bestrafen	1647
shit	1647
Persönlichkeit	1647
Gina	1647
weine	1646
offenen	1646
fremder	1645
Weisheit	1645
vergeht	1645
beruhig	1645
Mauer	1644
Flügel	1644
Schluck	1644
sachte	1644
fans	1644
wüsstest	1644
ashley	1643
schuldet	1643
schönsten	1643
Momente	1643
Adrian	1643
Abschluss	1642
Kameraden	1642
eingebrochen	1642
gestehen	1640
amüsiert	1640
hemd	1639
entscheide	1639
erwähnte	1639
mitch	1639
Premierminister	1639
geringste	1639
Stehe	1638
infiziert	1638
zunge	1637
marke	1637
harter	1637
Goa	1637
Dinner	1637
rieche	1637
winter	1636
Technik	1636
allison	1636
Lake	1636
legal	1634
klänge	1634
Planeten	1633
größeren	1633
bewacht	1633
Vietnam	1633
Anzeige	1632
rosen	1632
fortschritte	1632
chandler	1632
Nacken	1631
vergangen	1631
hector	1630
teal	1630
einsperren	1629
zusammenhang	1629
vorhaben	1628
joan	1627
Marco	1627
pfeife	1626
rannte	1625
beschuldigt	1625
verzichten	1624
Set	1624
verlegt	1624
überraschungen	1624
Orleans	1624
douglas	1624
verdanken	1623
psst	1621
gelacht	1621
behilflich	1620
dreckskerl	1620
mitgefühl	1620
wichtigsten	1620
Krieges	1620
Deal	1619
guckt	1618
privat	1618
hope	1618
Gemeinde	1617
exakt	1617
widerstehen	1617
Drehen	1616
Danken	1614
Seil	1614
Bär	1614
blasen	1614
zurückgelassen	1614
interessantes	1614
strom	1613
krebs	1613
notaufnahme	1613
verwandten	1613
jeffrey	1612
trinkgeld	1612
riechst	1612
beach	1612
Schließen	1611
Besorgen	1611
Ware	1611
Sorte	1611
bo	1610
sichere	1610
sämtliche	1610
minister	1609
gekündigt	1609
Roboter	1608
vereinbarung	1608
harmlos	1608
this	1608
quelle	1607
zahl	1607
bauern	1606
rauskommt	1606
old	1606
Stimmen	1605
Datum	1605
Bezug	1605
Käfig	1604
wartete	1604
schaust	1604
genossen	1604
tropfen	1604
Lawrence	1604
spitze	1603
fernseher	1603
Satz	1603
benötigt	1603
ermittlung	1603
unbekannt	1603
gefressen	1603
Manieren	1602
han	1602
Beine	1601
enthält	1601
anfing	1601
kümmerst	1601
verhungern	1600
berühmte	1600
schwieriger	1599
september	1598
bestanden	1597
haaren	1597
anfängt	1597
läufst	1597
bekannten	1597
härter	1596
geweckt	1595
befördert	1595
bereite	1595
täte	1594
benutzte	1594
Halloween	1594
abgesagt	1594
down	1594
Schütze	1593
quasi	1593
reingekommen	1593
Nachts	1592
hinunter	1592
Klingelt	1591
maus	1591
vorüber	1591
Palast	1590
Reese	1589
elliot	1589
Kette	1588
folgte	1588
di	1588
weiterer	1587
hauptsächlich	1587
braver	1587
neill	1587
zwanzig	1587
Gleichen	1586
berichtet	1586
einrichtung	1586
korrigiert	1585
Arbeiter	1584
geräusche	1584
lichter	1584
Houston	1584
Fernsehen	1583
richie	1583
verdächtig	1583
legst	1583
aufgebracht	1582
staffel	1581
flaschen	1581
putzen	1581
Prinzip	1581
holte	1581
einbruch	1580
beißen	1579
Donald	1579
Widerstand	1578
gelungen	1578
Natalie	1578
stammen	1577
Esther	1577
Abschaum	1577
stevie	1577
Seh	1576
grüßen	1576
überwacht	1576
schwierige	1576
ausgedrückt	1576
Hastings	1576
notruf	1575
verschieben	1574
häufig	1574
Lloyd	1574
Teller	1573
Original	1573
anstrengend	1573
antwortet	1573
ais	1573
verschwörung	1573
media	1572
entdecken	1572
startet	1572
Franklin	1572
andermal	1571
Wäsche	1570
humphrey	1570
evan	1570
Lkw	1570
Rätsel	1569
erhält	1569
schmeißt	1569
gas	1568
truppe	1568
übertragen	1568
flammen	1568
erschrecken	1568
carson	1568
Rennen	1567
sturm	1567
chip	1567
perry	1567
Bibel	1566
küsse	1566
miranda	1565
melancholische	1565
räume	1565
riskiert	1565
Eier	1564
null	1564
verhindert	1564
ausrede	1564
darling	1563
Tüte	1563
Manhattan	1563
vertreten	1562
operiert	1562
unfassbar	1562
götter	1561
Höhe	1561
herrin	1561
hergestellt	1561
lernst	1560
füllen	1560
lila	1560
gerichtet	1560
Schaut	1559
ausschalten	1559
penis	1559
Deck	1558
profi	1558
jenem	1558
verschafft	1558
Anspruch	1558
räuspert	1558
papier	1557
Narr	1557
sid	1557
unsichtbar	1557
keith	1557
seth	1557
ersetzt	1557
ruby	1557
angeln	1556
handtuch	1556
Yang	1556
dale	1556
Dauern	1555
blödes	1555
doof	1555
wertvoll	1555
Kardinal	1555
jefferson	1555
Kommunikation	1554
Aliens	1554
cameron	1554
Erik	1554
erkannte	1554
river	1553
loszuwerden	1552
unnötig	1552
verrate	1551
Rauch	1550
kehrt	1550
hochzeitstag	1550
Melodie	1550
Pablo	1549
romantische	1549
lade	1548
billig	1548
Zeremonie	1548
now	1547
Mütze	1547
veränderungen	1547
versteck	1546
juni	1546
zeugin	1546
rührt	1546
versichert	1545
russisch	1544
wundervolle	1544
Willy	1544
wiederhören	1544
koordinaten	1543
Diebe	1542
Mitten	1541
treppe	1541
Bullen	1540
hinlegen	1540
liege	1540
andauernd	1540
nicky	1540
fit	1540
Sünde	1539
zeitverschwendung	1539
Ansicht	1539
gefährliche	1539
bell	1539
dämon	1538
verbrachte	1538
Zentimeter	1538
politische	1537
Bauen	1536
schlange	1536
nutzt	1536
nebel	1536
anderson	1536
autounfall	1536
gefangener	1536
Hängen	1535
kontaktieren	1534
fuhren	1534
Freunden	1533
Trip	1533
Notizen	1533
ausgegeben	1533
rennt	1532
anlegen	1532
Halb	1531
verderben	1531
versorgt	1531
Gnaden	1531
Sprach	1530
hütte	1530
Eli	1529
Stuart	1529
sowohl	1529
kilometer	1528
kanal	1528
unwahrscheinlich	1528
Steak	1528
Armen	1527
grüne	1527
Unternehmen	1526
Technologie	1526
Jünger	1526
ausgeben	1526
schwören	1526
there	1526
loser	1525
arten	1524
betrügen	1524
begleitet	1524
früheren	1523
ally	1523
eingefallen	1523
fox	1523
Mai	1521
Times	1521
Katastrophe	1520
Reichweite	1520
hood	1520
Maya	1520
öffentlichen	1519
russischen	1518
Gabriel	1518
glenn	1518
erschien	1518
Spiele	1517
angel	1517
Romeo	1517
wünsch	1517
durchgehen	1516
praxis	1515
Kater	1515
französischen	1515
thompson	1515
habs	1514
heult	1514
bedingung	1514
empfinde	1514
gemocht	1513
stella	1513
sack	1512
eigener	1512
klingst	1512
erfordert	1512
unsicher	1511
Festung	1511
Tiere	1509
Detektiv	1509
Pastor	1509
Kratzer	1509
mittel	1508
private	1508
welten	1508
Reporter	1507
verlegen	1507
gelände	1507
Melissa	1507
gruselig	1507
durchgeführt	1507
stieg	1506
zugestimmt	1506
Mutti	1506
genieße	1506
schützt	1506
rückzug	1506
konzentriert	1506
frische	1505
schäme	1505
draus	1504
reserviert	1504
goldenen	1504
Bude	1504
Verdienen	1503
kane	1502
Jacques	1502
nüchtern	1502
Absichten	1501
south	1501
fliege	1500
leichte	1500
losgehen	1500
handschuhe	1500
erschießt	1500
arrangiert	1500
Schaden	1499
verwundet	1499
debbie	1498
bates	1498
anfühlt	1498
drückt	1498
behalt	1498
Gewicht	1497
einiger	1497
russische	1497
halbes	1496
action	1496
düstere	1496
geschäftlich	1496
egoistisch	1496
Mario	1496
rocky	1496
Beenden	1495
Ranch	1495
pat	1495
stoff	1494
achte	1494
Gerücht	1494
jen	1494
weggenommen	1493
kanone	1492
li	1492
verletzung	1492
anwesend	1492
einfachen	1491
gemalt	1490
Park	1489
Verrat	1489
duncan	1489
Räuber	1489
Schätzen	1488
Konzert	1488
brillant	1488
Männern	1487
Last	1487
Vergleich	1487
nähert	1487
kissen	1486
wyatt	1486
sonnenuntergang	1486
Ehren	1485
schrank	1484
Kühe	1484
sharon	1484
Besucher	1483
graham	1483
unbekannte	1483
aussprechen	1483
Route	1482
emotional	1482
schnelle	1481
normales	1481
blockiert	1481
öffentliche	1481
Schweden	1481
Gates	1481
lautes	1480
kalte	1480
Häuptling	1480
Reichen	1479
dar	1479
irrst	1479
schicht	1478
vorübergehend	1478
Mick	1477
miese	1477
packt	1476
verwandt	1476
gefährdet	1475
Cola	1475
kara	1475
Asche	1474
gespannt	1474
verängstigt	1474
Republik	1474
Us	1474
aß	1474
zurückgehen	1473
klingeln	1472
freust	1472
Hinsicht	1472
beschissene	1472
gebunden	1471
Marion	1471
Puppe	1470
harten	1470
Kommentar	1470
Boris	1469
sanfte	1469
gibbs	1469
Lola	1469
buck	1469
Zivilisation	1469
Patienten	1468
ofen	1468
cowboy	1468
aufgaben	1468
verhaftung	1468
meldung	1468
ruh	1467
deutsch	1467
Leiden	1466
respektieren	1465
Leon	1465
feld	1464
gutem	1464
Taxi	1463
Ausdruck	1463
cat	1463
central	1463
tötest	1463
pierce	1463
privatsphäre	1463
Pleite	1462
Knopf	1462
zustimmen	1462
Eid	1461
Burschen	1461
unterscheiden	1461
gerechnet	1461
Telegramm	1460
Babysitter	1460
getanzt	1459
Mafia	1459
verteidigt	1458
besoffen	1458
kotzen	1457
Singt	1456
staat	1456
Rad	1456
angehalten	1456
doyle	1455
Schreien	1454
schrei	1454
vorfahren	1454
Assistent	1454
Reist	1454
vögel	1453
Netz	1453
bot	1453
gwen	1453
medien	1452
inwiefern	1452
Pille	1452
Herrschaften	1452
Wand	1451
en	1451
bedauern	1451
angefasst	1451
Bus	1450
aufrichtig	1450
Conrad	1450
Verhalten	1449
Flotte	1449
naiv	1449
aussuchen	1448
Hugo	1448
Samurai	1447
Hoffnungen	1447
feststellen	1447
Treten	1446
klinik	1446
zweites	1446
finch	1446
Mandanten	1446
Philippe	1445
neidisch	1445
alicia	1445
Gefangene	1444
zugelassen	1444
Blumen	1443
durchführen	1443
eröffnen	1443
weibliche	1443
schlauer	1443
vorwürfe	1443
arrangieren	1442
Verlass	1441
stoßen	1441
vorzustellen	1441
unterm	1440
Flash	1440
Stephanie	1440
zweifellos	1440
gestatten	1439
rückwärts	1439
angebracht	1439
Fassen	1438
tschuldigung	1438
papierkram	1438
trat	1438
Gemeinschaft	1438
Instinkt	1438
bürger	1437
Flitterwochen	1437
Narbe	1437
Kombination	1437
vorgesetzten	1437
hammer	1436
solcher	1436
sexuelle	1436
geliebter	1436
Lauren	1436
ignoriert	1436
leslie	1436
Spreche	1435
klang	1435
zogen	1435
zahnarzt	1435
gelitten	1435
Pilot	1434
butter	1434
vergewaltigung	1434
politik	1432
schließe	1432
begehen	1432
andern	1432
kichert	1432
Sternenflotte	1431
Kreaturen	1431
übermorgen	1430
besitz	1429
got	1429
Nest	1429
but	1429
angerichtet	1429
werkstatt	1428
überreden	1428
Helm	1428
Bingo	1428
Schweiz	1428
Botschafter	1427
meredith	1427
braves	1427
Köpfe	1426
sichergehen	1426
antreten	1426
lester	1426
vorstand	1426
Öl	1425
sdi	1425
robbie	1425
organisieren	1425
let	1424
besprechung	1424
Phase	1423
Studium	1423
gossip	1423
kreditkarte	1423
Schwuchtel	1423
master	1422
quietschen	1422
füttern	1422
drake	1422
Stall	1422
saßen	1422
quitt	1422
Bande	1420
respektiere	1420
Bilder	1419
crane	1419
Aufpassen	1418
landet	1418
kisten	1418
geschäftsmann	1418
leine	1417
Arnold	1417
läutet	1417
Champion	1417
unverständlich	1416
schadet	1415
steckte	1414
aah	1414
geregelt	1413
unterbrochen	1413
Angesicht	1413
when	1413
Helena	1413
Freuen	1412
angesichts	1412
baden	1412
Einzelheiten	1412
beschütze	1412
stattfinden	1412
dads	1412
Therapie	1411
knacken	1411
gelingt	1411
feierabend	1411
spannend	1410
brille	1409
deputy	1409
einnehmen	1409
Ohren	1408
passwort	1408
Würstchen	1408
Brechen	1407
mittlerweile	1407
aufzugeben	1407
aufbauen	1406
führst	1406
harper	1406
Zivilisten	1406
ewige	1406
Emotionen	1406
leiter	1405
Zauberer	1405
zähle	1405
kauf	1404
werk	1404
verlieben	1404
Stars	1404
Division	1404
aufzunehmen	1404
booth	1404
Werft	1403
ältere	1403
Kätzchen	1403
schlacht	1402
Abstand	1402
Option	1402
heiratest	1402
rettete	1402
Schublade	1401
gestürzt	1401
Seattle	1401
begegnen	1400
ankommt	1400
befragt	1400
gestiegen	1399
abgefahren	1399
gewaschen	1399
anzunehmen	1399
Kunde	1398
rob	1398
zweck	1397
kämpfe	1397
alpha	1397
faust	1397
Zombies	1397
have	1397
gewisser	1396
festnehmen	1396
willow	1396
medizinischen	1395
tausende	1394
Kehle	1394
Leer	1393
Entkommen	1393
Krone	1393
offene	1393
gefeiert	1393
Rico	1393
Weißen	1392
schnitt	1392
clarke	1392
erfindung	1392
besserer	1392
Autopsie	1392
Rucksack	1391
zwingt	1391
gnädige	1391
Einsamkeit	1391
gesprungen	1391
holz	1390
kaiser	1390
geopfert	1390
Lena	1390
beiseite	1390
moral	1389
dokumente	1389
umgekehrt	1389
geschworenen	1389
ausgesprochen	1389
gesperrt	1387
Carla	1387
irrer	1387
bart	1386
opfers	1386
noten	1386
force	1386
frech	1386
Gestellt	1385
brunnen	1385
einziehen	1385
kira	1385
hot	1385
genehmigung	1385
tankstelle	1385
interessanter	1385
gelb	1385
Beute	1384
Weinen	1383
ei	1383
Bau	1383
spenden	1383
et	1383
handtasche	1383
Durst	1382
erhöht	1382
bumm	1382
unbekannten	1382
dünn	1381
schultern	1381
life	1381
Nutzen	1380
Wünschen	1380
ahnen	1380
verbessern	1380
Butler	1380
möglichst	1380
Andrea	1379
partnerin	1379
haltung	1379
vollidiot	1379
Fasst	1379
Winston	1379
minus	1379
demselben	1378
ruhestand	1378
Versteckst	1377
Kai	1377
Lächeln	1376
Stiefel	1376
fette	1376
tieren	1375
bedienen	1375
oz	1375
Vera	1375
anhörung	1375
stress	1374
Lieder	1374
miguel	1374
dreckig	1374
wei	1374
sch	1374
jan	1373
Carmen	1373
First	1373
Wölfe	1373
bären	1372
bedenkt	1372
blutet	1372
besuche	1371
freddie	1371
schmeiß	1371
Gauner	1371
Elvis	1370
Cathy	1370
Zweiten	1369
Wolle	1369
werkzeug	1369
versammelt	1369
Zone	1368
kranken	1368
dauerte	1368
Sandra	1368
regelmäßig	1368
Geschrei	1368
Allah	1367
Aktivitäten	1367
Rex	1366
bulle	1365
durchziehen	1365
service	1365
geliehen	1365
belästigt	1365
Hongkong	1365
geräusch	1364
Paket	1364
Zombie	1364
vorgeht	1364
überprüfe	1364
veröffentlicht	1363
künstler	1362
beherrschen	1362
detail	1362
erschieß	1362
Mahlzeit	1362
offizielle	1362
Yorker	1362
angie	1362
aufbrechen	1361
überlasse	1361
get	1361
beschissenen	1361
trevor	1361
Hasst	1360
urteil	1360
verbindet	1360
Sanitäter	1360
überraschend	1360
entführen	1359
geantwortet	1359
verlust	1358
italienisch	1358
Kosten	1357
größeres	1357
großartiger	1357
schulter	1356
gratis	1356
fürchtet	1356
abzuholen	1356
Zeige	1355
plant	1355
Gefühlen	1355
unglaubliche	1355
Eigenes	1354
fluch	1354
barnes	1354
funkgerät	1354
unterricht	1353
Klavier	1353
schieße	1353
umgeben	1353
abgegeben	1353
laurel	1353
angemessen	1353
ohnehin	1352
chinesisch	1352
Admiral	1351
zoo	1351
Orden	1351
angeheuert	1351
wählt	1351
lustige	1350
tanner	1350
Strecke	1349
schläge	1349
seltsames	1349
baseball	1348
locken	1348
beruflich	1348
Un	1348
bedeckt	1348
anzufangen	1348
Befehle	1347
fett	1347
ticket	1347
geraucht	1347
töteten	1347
Küste	1346
begeben	1346
Schmerzen	1345
verständlich	1345
Pop	1345
Infektion	1345
kitty	1345
Puls	1344
entspricht	1344
Flur	1343
geheimdienst	1343
erholt	1342
zach	1342
Laster	1341
Mittwoch	1341
überzeugend	1341
prue	1341
Gelaufen	1340
uniform	1340
befehlen	1340
Genick	1340
Autorität	1340
Schwarze	1339
abenteuer	1339
sookie	1339
zoey	1339
Hai	1338
erpressung	1338
derzeit	1338
getäuscht	1338
buddy	1338
keines	1337
sammlung	1337
weist	1337
frohes	1337
Bewohner	1337
freundes	1336
wolken	1336
entschied	1336
supermarkt	1336
Offiziere	1336
verwandte	1336
Schwachkopf	1335
antoine	1334
Irak	1334
rangehen	1334
Protokoll	1333
Naomi	1333
Dealer	1333
Könige	1333
army	1332
Agnes	1332
Priorität	1332
beförderung	1332
kranke	1332
Eifersucht	1332
way	1332
verteilen	1331
heutige	1331
sprang	1331
kürze	1331
Wade	1330
erbärmlich	1330
erfasst	1330
besonderer	1330
good	1330
königliche	1330
Dallas	1328
verschwendet	1328
Kennedy	1328
aktiv	1327
uld	1327
schädel	1326
alec	1326
akzeptiere	1326
ausgeschaltet	1326
Risiken	1326
schrie	1326
Club	1325
beeinflusst	1325
hal	1325
aussiehst	1325
jagd	1324
ausgebildet	1324
Bezirk	1324
herrje	1324
beauftragt	1324
abgeschnitten	1324
Paradies	1323
zellen	1323
Qualität	1323
Henker	1323
ausgezogen	1323
Hintern	1322
navy	1322
Schmidt	1322
beschloss	1322
verbrecher	1321
maske	1321
dienste	1321
batman	1321
Sun	1321
kapierst	1321
Veronica	1321
Fleck	1320
schmeißen	1320
rosie	1320
Pedro	1320
Gehalten	1319
unterrichten	1319
neal	1319
sonnenaufgang	1319
reed	1319
Enkel	1318
streichen	1317
paranoid	1317
weltraum	1317
Stift	1316
zielen	1316
vorbild	1316
führer	1315
erhöhen	1314
fisher	1314
gehandelt	1314
Hawaii	1314
antrag	1313
chefin	1313
Porter	1313
Römer	1313
bäumen	1312
simpson	1311
übernachten	1310
datenbank	1310
gesegnet	1310
Teppich	1308
teilnehmen	1308
umbringt	1308
Claude	1308
probe	1307
merke	1307
jubel	1307
blonde	1307
mieser	1307
geteilt	1307
klaren	1307
lehren	1306
bree	1306
Hoffen	1305
patient	1305
Trainer	1305
Schuh	1305
präsentieren	1305
abhängig	1305
überlebenden	1305
worf	1305
geeignet	1305
fahrstuhl	1305
auflegen	1304
fangt	1304
mylady	1304
hing	1304
Italiener	1304
Disziplin	1304
erzogen	1304
sprengen	1303
Harvard	1303
eingezogen	1303
Merlin	1302
Charme	1302
vorlesen	1301
gefährlicher	1301
breit	1300
treibst	1300
mitfahren	1299
Maurice	1299
tauchen	1298
schieb	1297
empfindlich	1297
Risiko	1296
apfel	1296
gestrichen	1296
berühmten	1296
manchen	1296
Sarg	1295
klopf	1294
Zorro	1294
reichlich	1294
heirat	1293
lügnerin	1293
besitzer	1292
höchst	1292
ausgeraubt	1292
Hahn	1292
wußte	1292
versammlung	1292
gespürt	1291
methoden	1291
bedrohliche	1291
Piept	1291
hinweis	1290
Begriff	1290
sau	1290
verbreitet	1290
nolan	1290
tore	1290
ermitteln	1289
vorräte	1289
Saal	1289
Erstes	1288
kartoffeln	1288
elefanten	1288
mehrmals	1288
Generationen	1288
coole	1288
Muster	1287
Herde	1286
dicken	1285
brandon	1285
tunnel	1284
angestellten	1284
kerzen	1284
Neffen	1284
festgehalten	1284
ablenkung	1284
überstehen	1284
Gewinner	1283
sprengstoff	1283
mikey	1283
erdbeben	1283
Level	1283
Australien	1283
lagen	1282
Figuren	1282
älteren	1282
lynn	1282
serie	1281
markt	1281
Papst	1281
Po	1281
Theo	1281
spinnt	1281
gleichgewicht	1280
Kumpels	1280
Liebes	1279
Gewinn	1279
zuneigung	1279
rollstuhl	1279
hauptstadt	1279
piloten	1278
scherze	1278
Em	1277
getestet	1277
camille	1277
brody	1277
Dosis	1277
glaubten	1277
Jagen	1276
Modell	1276
rasen	1276
empfehlen	1276
empfinden	1276
somit	1276
Katze	1275
Runde	1275
lenny	1275
bezaubernd	1275
Deutsche	1274
kocht	1274
zueinander	1274
Tattoo	1274
Melanie	1274
Freier	1273
hupen	1273
einschließlich	1273
randall	1273
Finsternis	1273
ausdrücken	1272
Wallace	1272
hass	1271
gelehrt	1271
gewechselt	1271
menschliches	1271
voyager	1271
caleb	1271
entdeckte	1271
wirkte	1271
versprichst	1271
perfekten	1270
rebellen	1270
Gewissen	1269
Wille	1269
schuppen	1269
moderne	1269
elijah	1269
abgelenkt	1269
Abzug	1269
Hügel	1268
november	1268
sensoren	1268
north	1268
anweisung	1266
Geste	1266
privatleben	1266
Kunden	1265
zusammenarbeit	1265
hinauf	1265
si	1265
ferne	1264
Tokio	1264
sicherheitsdienst	1264
Zeugen	1263
richte	1263
weisen	1263
Kaugummi	1263
weltkrieg	1263
foster	1263
Block	1262
gemeinsamen	1262
garantieren	1262
ln	1262
Antonio	1262
cm	1261
Marc	1261
blieben	1261
Stören	1260
bremsen	1260
technisch	1260
Blitz	1259
aktivieren	1259
frühstücken	1259
ve	1259
Khan	1259
Atmen	1258
anteil	1258
ritter	1258
elaine	1258
wagt	1258
beißt	1258
landung	1258
viertel	1257
schockiert	1257
esst	1257
roman	1256
begleitung	1256
vermutet	1255
Weiße	1254
Lars	1254
Göttin	1253
bewahrt	1252
schock	1251
empfang	1251
Verkehr	1251
cass	1251
hinterließ	1250
ganzer	1250
cody	1250
Doris	1250
Überlegen	1249
titel	1249
Ausnahme	1249
burke	1249
begegnung	1249
feuerwehr	1249
einfluss	1248
Ebene	1248
Apollo	1248
ähnliches	1248
fordern	1247
fischen	1247
Stevens	1247
Wärter	1247
gewann	1247
Karten	1246
dezember	1246
starker	1246
liebend	1246
Marge	1245
Schoß	1245
serviert	1245
heilig	1245
bißchen	1245
security	1244
genaue	1244
operieren	1243
problemen	1243
wally	1243
gewaltig	1243
Witwe	1242
chwhite	1242
hinrichtung	1242
begleite	1241
einfällt	1241
Betrug	1240
wehren	1240
madison	1240
stundenlang	1240
Küssen	1239
zurückrufen	1239
hausmeister	1239
Helikopter	1239
beverly	1239
aussah	1239
wüste	1238
gabe	1238
Rand	1238
night	1238
beobachte	1238
Längst	1237
hundert	1237
Aufzug	1237
Abschied	1237
ankam	1237
respektiert	1237
non	1237
Amt	1236
teilt	1236
kellnerin	1236
vertraulich	1236
insgesamt	1236
untersuchungen	1235
fliegst	1235
platt	1235
passagiere	1234
aufrecht	1234
geprüft	1234
hammond	1234
guckst	1233
hoher	1233
dienstag	1232
fließt	1232
elend	1232
ling	1232
vierte	1231
Ivan	1231
Nachtisch	1231
kollegin	1231
Edwards	1231
Alptraum	1230
Regina	1230
trete	1229
interessen	1229
ausgesehen	1229
Reichtum	1229
überaus	1229
beamen	1229
Schwarzen	1228
schafe	1228
absolute	1228
Haftbefehl	1228
verletzte	1228
buchstäblich	1228
größter	1228
Sylvia	1228
flieg	1228
planet	1227
suppe	1227
Jude	1227
kontakte	1227
dreckige	1227
scotty	1227
sitz	1226
sahst	1226
kennzeichen	1226
Gesang	1225
grayson	1225
wage	1225
verlobten	1225
Edgar	1225
Afghanistan	1225
Beruhigen	1224
tour	1224
würdig	1224
Schwager	1224
piraten	1223
muskeln	1223
Violet	1223
Föderation	1223
erschienen	1222
Magazin	1222
schenkt	1222
min	1222
wars	1222
Halbe	1221
nicholas	1221
Georgia	1221
Kultur	1220
fesseln	1220
umarmen	1220
kräftig	1220
mel	1220
nachbarin	1220
igitt	1220
stern	1219
Nichte	1219
bro	1219
hervor	1219
wohnwagen	1219
wegwerfen	1219
Morgens	1218
Existenz	1218
morden	1218
Tumor	1218
bezahlung	1218
Päckchen	1218
donovan	1218
kreis	1217
schneide	1217
weiten	1217
Vertreiben	1217
wirkst	1217
traust	1217
Zaun	1216
heiratete	1216
take	1216
neuesten	1216
handys	1215
Weiteren	1214
beleidigen	1214
Gin	1214
Liter	1214
patty	1213
drew	1213
Illusion	1213
Eh	1212
schach	1212
explodieren	1212
wundern	1212
Samuel	1212
Hunde	1211
Steigen	1211
beeinflussen	1211
hinfahren	1211
seltsamen	1211
spannung	1211
tiger	1210
zigarette	1210
Rakete	1210
Salz	1210
top	1210
heran	1210
ärgern	1210
zurückzukehren	1210
bestimmung	1210
Tresor	1210
amber	1210
verfluchten	1209
Tim	1208
Symbol	1208
mädchens	1208
runden	1208
jenna	1208
Revolver	1208
verbringt	1208
not	1207
Fahrzeug	1207
state	1207
wähle	1207
vorhang	1207
mitspielen	1207
erregt	1206
arbeiteten	1206
aufgelöst	1206
überlass	1206
wissenschaftler	1205
junges	1205
flugzeuge	1205
überein	1205
unterrichtet	1205
Stehst	1204
dusche	1204
ungewöhnliches	1204
eve	1204
lagerhaus	1204
Visionen	1204
liv	1203
verhandlungen	1203
verdorben	1202
Erschießen	1201
Produktion	1201
füreinander	1201
Krankheiten	1201
Kuchen	1200
hirn	1200
reggie	1200
Jeanne	1200
belle	1200
meinten	1200
donnerstag	1199
bereden	1199
Claudia	1199
absagen	1198
Ärsche	1198
Einigen	1197
jahrhundert	1197
beeindrucken	1197
verknallt	1197
Muschi	1197
Garten	1196
Junger	1196
Autos	1196
Harrison	1196
scheißer	1196
sexuell	1195
kinderspiel	1195
Torres	1195
ausweis	1194
sicht	1194
sport	1194
Zuschauer	1194
magische	1194
Dummheit	1194
gezahlt	1194
bewegungen	1194
text	1193
tickets	1193
ablenken	1193
umlegen	1193
Charakter	1192
gehorchen	1192
Bedarf	1192
üblichen	1192
umgelegt	1192
Inhalt	1191
Dankbarkeit	1191
peng	1191
herkommt	1191
süßigkeiten	1190
geehrt	1190
träumte	1190
Verhört	1190
Anwesen	1190
staub	1189
zurückziehen	1189
saubere	1189
Pommes	1188
Toni	1188
ruht	1188
anerkennung	1188
wunderbaren	1188
ratte	1187
aufräumen	1187
Galaxie	1187
vermutung	1187
inklusive	1187
ablehnen	1186
überwachung	1186
unabhängig	1186
Aufgeben	1185
belästigen	1185
kälte	1185
Brien	1185
fernhalten	1185
Statue	1185
bestätigung	1185
dawn	1185
verdienst	1184
wunde	1184
linie	1184
märz	1184
nummern	1184
verzweiflung	1184
deprimiert	1184
England	1183
bauer	1183
kreuz	1183
Wände	1183
leite	1183
colin	1183
durchgedreht	1183
erteilt	1183
Kostüm	1182
büchern	1182
verlorene	1182
junior	1181
Kansas	1181
britischen	1181
aufzubauen	1181
Geschossen	1180
anfangs	1180
falscher	1180
ausgelöscht	1180
Marianne	1180
stu	1180
Besprechen	1179
quellen	1179
silber	1179
weltweit	1179
Niederlage	1179
zehen	1179
Vogel	1178
spieler	1178
Thron	1178
Sheila	1178
Zelt	1177
Akzent	1177
ereignis	1177
bellows	1177
todesursache	1177
Gemälde	1176
vergraben	1176
doppelte	1176
abgezogen	1176
klassische	1176
außergewöhnlich	1176
tiefen	1175
lm	1175
weitergeht	1175
mächtigen	1175
mehreren	1175
verschwindest	1175
forderungen	1175
reicher	1174
bohnen	1174
klare	1174
Teresa	1174
wunderschönen	1174
bestehe	1173
Verkaufte	1173
aufeinander	1173
Schwarz	1172
negativ	1172
schild	1172
pfeifen	1172
raketen	1172
garcia	1172
hässliche	1172
mitbekommen	1172
versetzen	1171
gate	1171
Saul	1171
campbell	1171
Fern	1170
Fick	1170
büßen	1170
eintreten	1170
kämpfte	1170
zustimmung	1170
besagt	1170
roter	1170
Krise	1169
kalten	1169
aufzuhören	1169
bishop	1169
San	1168
zweit	1168
sprecht	1168
abschalten	1166
wellen	1166
diensten	1166
timmy	1166
Simone	1166
paps	1166
abschließen	1165
auswendig	1165
bundy	1165
spezielle	1165
Experimente	1165
zentrale	1164
jäger	1164
gezählt	1164
Pfannkuchen	1164
ketten	1163
Highway	1163
Aufenthalt	1163
bennett	1163
Devon	1163
polly	1163
blutung	1163
Summe	1162
merkst	1162
more	1162
Heidi	1162
hilflos	1162
staatsanwaltschaft	1162
Ehrlichkeit	1161
mächtige	1161
stur	1161
start	1160
heißer	1160
versorgen	1160
sperren	1160
weiterleben	1160
Keks	1160
rückgängig	1160
sand	1159
mauern	1159
netflix	1159
speziell	1159
pfarrer	1158
erweisen	1158
zurücklassen	1158
neugier	1158
Nägel	1158
ausgefallen	1158
glen	1158
Rot	1156
zauber	1156
chips	1156
yes	1156
verstorbenen	1156
verkleidet	1156
entdeckung	1155
aushalten	1154
einschlafen	1154
blond	1154
cam	1154
Gilbert	1154
burt	1154
Reisen	1153
Knall	1153
laptop	1153
weggegangen	1153
Stehlen	1152
Rechte	1152
indianer	1152
Nachbar	1152
Front	1152
status	1152
bond	1152
gütiger	1152
abgebrochen	1152
Herkunft	1152
wirfst	1152
Gestank	1152
Affe	1151
pressen	1151
hintertür	1151
Brand	1150
Truthahn	1150
gefüllt	1150
vorhat	1150
eleanor	1150
Stört	1149
ausprobieren	1149
fordere	1149
tagsüber	1149
feucht	1149
Jeans	1149
befragung	1149
abgelaufen	1149
Radio	1148
julien	1148
picard	1148
fu	1148
wunderbarer	1148
Depp	1148
Israel	1148
Zugriff	1147
drehe	1147
kreischt	1147
Heinrich	1147
Pferde	1146
ertrage	1146
Abwesenheit	1146
Zählt	1145
fabrik	1145
reitet	1145
komplizierter	1145
traut	1145
bestellung	1145
Heiligkeit	1145
Wesen	1144
verglichen	1144
dicker	1143
verklagen	1143
Sehnsucht	1143
überredet	1143
empfehle	1143
Trank	1142
vergleichen	1142
bemerken	1142
gevögelt	1142
young	1142
ra	1142
Durcheinander	1141
Autor	1141
Blume	1141
zurückholen	1141
nazis	1141
auswahl	1141
silver	1141
rauszukommen	1140
Schäden	1140
tank	1139
aggressiv	1139
bella	1139
wesentlich	1139
donner	1138
Satan	1138
schrecken	1137
Police	1137
Horn	1137
lebende	1137
schmutzige	1137
eiskalt	1137
Sirene	1137
hotels	1136
kandidaten	1136
birthday	1136
Ritual	1136
Rasse	1135
schulen	1135
Ira	1135
stürzt	1135
reynolds	1135
investiert	1135
bernie	1134
Marilyn	1134
Freundchen	1134
politischen	1134
freigelassen	1134
lionel	1134
lachst	1133
rausgeworfen	1133
verprügeln	1133
rausgekommen	1133
jodi	1133
verkauf	1132
Partei	1132
ermorden	1132
betracht	1132
fester	1132
voneinander	1132
rühren	1131
Francs	1131
jon	1131
Salon	1131
demnächst	1131
kriminellen	1130
Spike	1130
lebensmittel	1130
Kutsche	1129
anlügen	1129
ruhiger	1129
durchsuchungsbefehl	1129
allmählich	1129
benommen	1129
adieu	1129
fragten	1129
feste	1128
burger	1128
Sherry	1128
och	1128
oui	1128
Flittchen	1128
Daniels	1128
Endete	1128
ängstlich	1128
Bestand	1127
schalte	1127
she	1127
as	1127
korrektur	1126
Erbe	1126
Durchbruch	1126
dorothy	1125
wiederhaben	1125
schrecklicher	1125
beurteilen	1124
sorg	1124
Sophia	1124
sullivan	1124
erwachsenen	1123
Kampagne	1123
jax	1123
banken	1122
verrücktes	1122
aufstellen	1121
husten	1121
gestartet	1121
Stoppt	1121
lucky	1121
aufnahme	1120
Innere	1120
buchstaben	1120
berufung	1120
luis	1120
Knöchel	1120
zeitplan	1120
zerbrochen	1120
verfluchter	1120
weichei	1120
Lösen	1119
spielten	1119
jegliche	1119
versuchung	1119
shelby	1119
reiner	1119
manager	1118
anzahl	1118
Dummheiten	1118
Meile	1118
Hamburger	1118
kontaktiert	1118
Marine	1117
Spione	1117
Fähnrich	1117
erinnerte	1117
türklingel	1117
Henri	1117
Verfolgen	1116
höhle	1116
schokolade	1116
Köder	1116
vorkommen	1116
sonnenschein	1116
Such	1115
Nerven	1115
Langer	1115
archie	1115
Elisabeth	1115
aufgelegt	1115
Bräutigam	1115
chinesische	1115
anschließen	1114
Shakespeare	1114
verrät	1114
drunter	1114
Schottland	1114
drohung	1114
wa	1113
gefoltert	1113
erwachsener	1113
einzigartig	1113
Briten	1113
Entlassen	1112
mon	1112
übertreiben	1112
Bischof	1112
ausstehen	1112
Geschwister	1112
mountain	1112
Abholen	1111
garage	1111
Vieh	1111
zurücktreten	1111
avery	1111
Roberts	1111
Axt	1111
hugh	1111
Ägypten	1111
überdenken	1111
beseitigen	1110
Ludwig	1110
fiona	1110
joel	1110
konzentrier	1110
del	1110
Missbraucht	1110
loyal	1110
ausführen	1109
drehte	1109
ersparen	1109
Salat	1108
versteckte	1108
kathy	1108
bereue	1108
fingen	1108
Methode	1107
besatzung	1107
dog	1107
klüger	1107
zugestoßen	1107
gefährden	1106
urteilen	1106
folgende	1106
schmerzhaft	1106
jody	1106
preise	1105
beschrieben	1105
standpunkt	1105
funk	1104
Wörter	1104
gelten	1104
Phoenix	1104
wesley	1104
herausfindet	1104
theoretisch	1104
if	1104
Sprung	1103
Gangster	1103
singe	1103
saison	1103
pflichten	1103
chan	1103
spar	1102
schlimmen	1102
Klient	1102
hängst	1102
Veranda	1102
pam	1102
jüngste	1102
strahlung	1102
betrügt	1102
unendlich	1101
Gedichte	1101
Sven	1101
Irene	1101
gereist	1101
benimmst	1101
Schwangerschaft	1101
subcentral	1101
Kopien	1101
infrage	1101
Scheinen	1100
feier	1100
bewachen	1100
Nonne	1100
müsse	1100
Juliette	1100
richtet	1100
verbreiten	1099
feuerwerk	1099
neueste	1099
söhne	1098
erholen	1098
verletzten	1098
abwechslung	1098
ausgeführt	1098
kleingeld	1098
evans	1098
gelegentlich	1098
Denise	1098
Lohn	1097
angelegt	1097
artie	1097
corporal	1097
entsteht	1097
Rogers	1097
herzschlag	1097
glücklicherweise	1097
Beeilen	1096
mauer	1096
flügel	1096
schluck	1096
Schnaps	1096
Stufe	1096
beschweren	1096
verursachen	1096
heilung	1096
Cäsar	1096
angeklagten	1096
abschluss	1095
kacke	1095
verschieden	1095
hinterlässt	1095
Lauter	1094
königlichen	1094
stadtrat	1094
pressekonferenz	1094
Zettel	1093
vollen	1093
wohnte	1093
kaninchen	1093
systeme	1093
platten	1093
nich	1093
geschaut	1093
zugegeben	1093
komisches	1093
Regie	1093
verbrennt	1093
befolgen	1092
allergisch	1092
technik	1091
heißes	1091
Schweizer	1091
verdächtiger	1091
Gasse	1091
tussi	1091
befürchtet	1091
außerirdische	1091
ehemaliger	1090
gestattet	1090
Gefecht	1090
Verhindern	1089
angeschaut	1089
gedient	1089
Pension	1089
Video	1088
anzeige	1088
kenntnis	1088
lippenstift	1088
außerirdischen	1088
droht	1087
verweigert	1087
vorteile	1087
ausstellung	1087
tragisch	1087
rasch	1086
Oberste	1086
polizistin	1086
Detroit	1086
Arizona	1086
Universums	1086
Verlangen	1085
klagen	1085
Narben	1085
Aufstehen	1084
beschäftigen	1084
selbe	1084
fleißig	1084
elegant	1084
sloan	1084
Hassen	1083
Klinge	1083
spürt	1083
eindringen	1083
Auszeit	1083
internationalen	1083
fielen	1083
weggeworfen	1083
Gebrauchen	1082
Look	1082
Milch	1081
Trink	1081
keineswegs	1081
geschrien	1081
ertrunken	1081
Treffpunkt	1081
abhängen	1080
vierten	1080
Mathe	1080
royal	1080
Evelyn	1080
britische	1080
körperlich	1080
Konzentration	1080
Suchst	1079
zögern	1079
bezeichnen	1079
schaltet	1079
At	1079
älteste	1079
höhere	1079
gerannt	1079
gemeinde	1078
Tower	1078
gedrückt	1078
reinigung	1078
fordert	1078
stiehlt	1078
money	1078
züge	1077
Optionen	1077
ge	1077
Roland	1077
Farmer	1077
seil	1076
bär	1076
merkte	1076
badewanne	1076
Fährst	1075
Kochen	1075
experten	1075
betten	1075
boxen	1075
manches	1075
übertragung	1075
ware	1074
Saft	1074
aufregen	1074
vermuten	1074
Nickerchen	1074
juhu	1074
cora	1074
schlangen	1073
öffnete	1073
Schreibt	1072
roboter	1072
schinken	1072
wien	1072
Valentine	1072
hierbei	1072
sorgst	1072
phillip	1072
schaffte	1072
langes	1071
fetten	1071
omar	1071
ungerecht	1071
two	1071
Gemüse	1070
binden	1070
kündige	1070
mitgehen	1070
käfig	1069
anruft	1069
tauchte	1069
ergreifen	1069
baue	1069
Prostituierte	1069
umgehend	1069
hoffnungslos	1069
Schulden	1068
satz	1068
wong	1067
merkwürdige	1067
valley	1067
Brandy	1067
gelbe	1067
nützen	1067
Gürtel	1066
kündigen	1066
geldes	1066
Venedig	1066
Gideon	1066
benimmt	1066
Georg	1066
mächtiger	1066
januar	1065
genutzt	1065
verzieh	1065
Schüssel	1065
dreckigen	1065
wiegt	1065
kg	1065
Abraham	1065
Kabel	1064
polen	1064
geräte	1064
tanze	1064
seltsamer	1064
hiervon	1064
wirkliche	1064
Braut	1063
Gebraucht	1063
Zahn	1063
durchmachen	1063
träumt	1063
versprech	1063
norma	1063
sire	1063
mitbewohner	1063
verlobung	1063
schütze	1062
gleichfalls	1062
geringsten	1062
führten	1062
gelben	1062
vereinbart	1061
kimmy	1061
anzugreifen	1061
Klappt	1060
palast	1060
Bahn	1060
Turm	1060
Mine	1060
fran	1060
ansieht	1060
verdächtigt	1060
begannen	1060
kette	1059
geschützt	1059
snow	1059
Oskar	1059
inspiriert	1059
murray	1059
Form	1058
versichern	1058
Shirt	1058
erlaube	1058
sorgfältig	1058
spuck	1058
eingetroffen	1058
chang	1058
lynette	1058
Panzer	1057
Bach	1057
gewinnst	1057
home	1057
schickten	1057
überreste	1057
how	1057
garantiere	1057
unerträglich	1057
arbeiter	1056
Stirn	1056
vorerst	1056
yale	1056
verirrt	1056
überstanden	1056
harriet	1056
wertlos	1056
flecken	1055
Marvin	1055
gottverdammt	1055
Kloster	1054
Anlass	1054
gesammelt	1054
kanntest	1054
bezeichnet	1054
beantworte	1054
Baltimore	1054
Shirley	1054
braun	1053
connie	1053
netzwerk	1053
Moses	1053
ingalls	1053
widerstand	1052
adams	1052
halle	1052
fasziniert	1052
ehrliche	1052
rudy	1052
wandern	1051
Situationen	1051
Entführer	1051
ewigen	1051
Leber	1050
erzeugt	1050
dtv	1050
Daten	1049
teller	1049
original	1049
Krawatte	1049
weinst	1049
abgesetzt	1049
irgendwelchen	1049
vorsitzender	1049
bedürfnisse	1049
Suite	1049
Merken	1048
suchten	1048
barkeeper	1048
ausgemacht	1048
Fritz	1048
dixon	1048
Blatt	1047
Dschungel	1047
gegründet	1047
wäsche	1046
rätsel	1046
schenk	1046
erziehung	1046
Klage	1045
agentin	1045
Handeln	1044
Enden	1044
bibel	1044
Akt	1044
hindern	1044
Institut	1044
hingerichtet	1044
Warm	1043
ausgeht	1043
komplette	1043
angewiesen	1043
überlebende	1043
pearl	1043
lahm	1043
basiert	1043
angeordnet	1043
Raten	1042
kurzer	1042
gewalttätig	1042
untergang	1042
Kunst	1041
höhe	1041
Oktober	1041
schwule	1041
Casino	1041
solches	1041
Sackgasse	1041
Einbrecher	1040
erwartungen	1040
Flüssigkeit	1040
Schweigen	1039
deck	1039
Schachtel	1039
anzeigen	1039
vorsprung	1039
narr	1038
Lampe	1038
Diebstahl	1038
Verkäufer	1038
Schatten	1037
Wachen	1037
Betrieb	1037
parken	1037
kämpfst	1037
les	1037
koche	1036
verziehen	1036
Invasion	1036
klarer	1036
prince	1036
zylonen	1036
donnie	1036
giles	1036
Outfit	1036
Herzog	1035
Prinzipien	1035
rühr	1035
entzückend	1035
reinen	1035
drecksack	1035
corabeth	1035
Höhepunkt	1035
Elsa	1035
Hingehen	1034
Gehalt	1034
songs	1034
breche	1034
geduldig	1034
Rio	1034
Pest	1034
wenigsten	1034
beschwert	1034
natürliche	1034
fürchterlich	1034
wunderbares	1034
Verboten	1033
rauch	1033
Glocke	1033
krachen	1033
spürte	1033
folter	1033
speck	1033
Isaac	1033
unglücklicherweise	1033
ratschläge	1033
erstickt	1033
Leichen	1032
Kasse	1032
Vagina	1032
scharfe	1032
Nutten	1032
Äpfel	1032
Region	1032
Gitarre	1031
fremd	1031
zuliebe	1031
riefen	1031
wachmann	1031
geübt	1031
Zwang	1030
lädt	1030
enkelin	1030
Mönch	1030
Journalist	1030
glückspilz	1030
Politiker	1029
kaufst	1029
Ego	1029
reinste	1029
abbrechen	1028
News	1028
Aspirin	1028
totale	1027
right	1027
prophezeiung	1027
winzig	1027
light	1027
Dunkel	1026
sünde	1026
Tonnen	1026
maßnahmen	1026
Klopfen	1025
ermittelt	1025
Spuren	1024
Joy	1024
lüg	1024
Who	1024
Fanny	1024
vorgeschlagen	1024
Seiten	1023
Flieger	1023
bienen	1023
mischen	1023
arbeitslos	1023
borg	1023
ick	1023
joyce	1023
piepen	1022
langem	1022
umsehen	1022
gelegen	1022
änderte	1022
Philadelphia	1022
Pfoten	1022
Kontrollieren	1021
banditen	1021
hasste	1021
häng	1021
clyde	1021
Isabelle	1021
Knochen	1020
ernähren	1020
hacken	1020
roll	1020
Hannibal	1020
Brüdern	1020
überstunden	1020
Trage	1019
wiederholt	1019
angehört	1019
deutet	1019
Nachbarn	1018
Bieten	1018
Box	1018
griffin	1018
they	1018
teure	1018
silas	1018
gedroht	1018
ana	1018
technologie	1017
jünger	1017
betrachte	1017
schmerzt	1017
ermordung	1017
maura	1017
komischen	1017
bestimmtes	1017
diskret	1017
redete	1016
frühen	1016
scheine	1016
luthor	1016
hinüber	1016
Zauberei	1016
wünschst	1016
nadia	1016
Möbel	1015
Berater	1015
wilder	1015
komischer	1015
Rauchen	1014
mai	1014
hotelzimmer	1014
chinesischen	1014
beängstigend	1014
hills	1014
quentin	1014
vorhast	1014
Dick	1013
katastrophe	1013
sicherstellen	1013
tödliche	1013
Summer	1013
Verband	1013
gebucht	1013
Website	1013
Dreh	1012
klettern	1012
fingern	1012
spürst	1012
benimm	1012
vergangenen	1012
rodney	1012
verbringe	1012
zukünftige	1012
Vergeben	1011
Ausgehen	1011
Behandeln	1011
kong	1011
ehemalige	1011
Passierte	1010
huren	1010
kämen	1010
wells	1009
unauffällig	1009
gefälscht	1009
Geier	1009
anschuldigungen	1009
sal	1009
restlichen	1009
gonna	1009
Philosophie	1009
liebten	1009
Kanzlei	1008
kommunizieren	1008
shawn	1008
festgestellt	1008
fällig	1008
bezahlst	1008
beende	1008
vornehmen	1007
Anschlag	1006
billiger	1006
standort	1006
leugnen	1006
internationale	1006
Bastarde	1006
erstochen	1006
reporter	1005
Etage	1005
ernste	1005
Schiffes	1005
Manuel	1005
nördlich	1005
american	1005
Objekt	1004
echo	1004
herstellen	1004
entscheidest	1004
gegenzug	1004
vorzubereiten	1004
enttäuschung	1003
Unterkunft	1003
freilassen	1003
grau	1003
hunt	1003
verlobter	1003
Dreht	1002
Strategie	1002
videos	1002
verkehrt	1002
erstaunt	1002
Ausbruch	1002
Genießen	1001
segeln	1001
beleidigung	1001
bedeutete	1001
verhält	1001
unheimliche	1001
verurteilen	1000
höchsten	1000
februar	1000
unsterblich	1000
hohes	1000
produziert	1000
Nachfolger	1000
vorschläge	1000
Genosse	999
privaten	999
steige	999
Ironie	999
ausreichend	999
Hit	999
anderthalb	999
erlösung	999
Käfer	999
küsschen	999
gewicht	998
Fuchs	998
beginne	998
Eugene	998
ihretwegen	998
Limonade	998
hedley	998
Wählen	997
grauen	997
Tequila	997
schlachtfeld	997
knight	997
gemäß	997
Angreifer	997
Regen	996
Feinde	996
Löcher	996
hingegangen	996
Dns	996
Zero	996
liefen	996
Restaurants	996
ausfindig	996
mills	996
Erlauben	995
rotes	995
percy	995
modernen	995
Motto	995
Zulassen	994
Reis	994
knoten	994
Eintritt	994
Bh	994
betroffen	994
misstrauisch	994
verwirrend	994
verrat	993
begriffen	993
klarstellen	993
überwinden	993
Kapelle	993
starkes	993
brick	993
Schnappen	992
Komplett	992
konzert	992
ablegen	992
wundert	992
stimmte	992
drohen	992
entgehen	992
gebetet	992
Deutschen	991
last	991
vergleich	991
puppen	991
automatisch	991
chad	991
körperverletzung	991
pink	991
chen	991
gezeichnet	991
anständige	991
Golf	990
check	990
juwelen	990
steif	990
durchgeknallt	990
Sterbe	989
besucher	989
bogen	989
erspart	989
Kuba	989
bräuchten	989
überdosis	989
armband	989
Bert	989
adoptiert	989
Begleiten	988
gewehre	988
ächzen	988
Komplizen	988
ehemaligen	988
department	988
bedient	987
mangel	987
handschrift	987
Assistenten	987
großartigen	987
männlich	987
übernimmst	987
klaviermusik	986
ash	986
Viktor	986
Judith	986
gemietet	986
mischung	986
knien	985
hobby	985
vicky	985
hochgehen	985
wegtreten	985
stargate	985
Carlo	985
beherrscht	985
Informanten	984
Konzentrieren	983
Streiten	983
asche	983
eisen	983
side	983
Kit	983
fitz	983
Uhrzeit	983
Selben	982
Kredit	982
tänzerin	982
einkaufszentrum	982
vollmond	982
Mexikaner	982
erfinden	981
gestoppt	981
gray	981
eingerichtet	981
umarmung	981
puppe	980
kronen	980
siegen	980
ella	980
Julius	980
Mumm	980
Weitermachen	979
aufwacht	979
gratulieren	979
Gans	979
Alien	979
Hühner	978
infos	978
geriet	978
unterzeichnet	978
Operationen	978
vermissten	978
angespannt	978
folgenden	978
fantastische	978
fies	978
Turner	977
wärme	977
verstoßen	977
warp	977
auswirkungen	977
Geschlecht	977
buchhalter	977
computerlogbuch	977
Wahrer	976
herzens	976
bildung	976
aufbewahrt	976
persönlicher	976
erpresst	976
sang	976
amerikanischer	976
ausdruck	975
pleite	975
knopf	975
üble	975
einfaches	975
angesetzt	975
mmm	975
Hudson	975
Ideen	974
grob	974
nagel	974
Josef	974
Fehlen	973
Nadel	973
starren	973
Reagan	973
volltreffer	973
jonah	973
Robinson	973
zustößt	973
Herrschaft	973
unverzüglich	973
blocks	972
Christina	972
bemüht	972
aufgefunden	972
unfähig	972
mi	972
ursprünglich	972
Zurückkommen	971
Wehe	971
erobern	971
spinnen	971
gestalt	971
rufus	971
verstorben	971
Schlage	970
rad	970
letztens	970
Jasper	970
Napoleon	970
Joshua	970
Treffe	969
Untersuchen	969
plaudern	969
schneidet	969
haft	969
verschont	969
Rendezvous	969
empfehlung	969
Flucht	968
netz	968
knallt	968
handgelenk	968
unterzeichnen	968
speziellen	968
gelangt	967
cooler	967
triff	967
analysieren	967
flotte	966
verluste	966
Zuhälter	966
zutiefst	966
geleitet	966
films	965
Weiber	964
trag	964
Stipendium	964
illegale	964
here	964
Herbert	964
furchtbaren	964
involviert	964
firmen	963
maschinenraum	963
Inspiration	963
Ohio	963
gefangene	962
Marsch	962
hinterhalt	962
Gewahrsam	962
einatmen	962
Schwimmen	961
verlass	961
Brett	961
fickt	961
Parfüm	961
präsidentin	961
abe	961
entlassung	961
Zählen	960
schräg	960
bluten	960
beamten	960
todesstrafe	960
ausgebrochen	960
wegfahren	960
Sultan	960
Blind	959
Schwestern	959
einmischen	959
erklärte	959
Code	958
gehängt	958
Reiter	957
futter	957
merci	957
nellie	957
xander	957
kluge	957
heart	957
bevorzuge	957
ctu	957
Spielst	956
pilot	956
beschuldigen	956
aktien	956
brooke	956
genehmigt	956
schenkte	956
Oliver	955
Englisch	955
Irland	955
Yard	955
Journalisten	955
fände	955
zurückkomme	955
Verletzen	954
abziehen	954
arabisch	954
verfolge	954
juckt	954
männliche	954
Klingonen	954
Song	953
zerrissen	953
schlaganfall	953
Johannes	953
Popcorn	953
bläst	953
Schien	952
Gewinnt	952
messe	952
chester	952
ändere	952
jessie	952
botschafter	951
deutscher	951
gebete	951
Junkie	951
Vati	951
Topf	951
köpfe	950
öl	950
lande	950
aussehe	950
verabschiedet	950
Trauen	949
Präsidenten	949
Trick	949
phase	949
Alternative	949
Experte	949
finale	948
stumm	948
zusammenhalten	948
geradezu	948
mitzunehmen	948
lori	948
bande	947
gewährt	947
dahinten	947
Abel	947
betet	947
baute	947
bonjour	947
boyd	947
Zwölf	946
Ozean	946
erteilen	946
rahmen	946
nötige	946
südlich	946
Gramm	946
Laken	946
bildet	946
bewahre	946
leises	946
Riss	945
fehlte	945
kanonen	945
lastwagen	945
stürzte	945
behält	945
sofern	945
vermisste	945
entsetzlich	945
francine	945
Ermittler	945
nikki	945
aufgestanden	945
klub	944
jubeln	944
visiontext	944
hausarrest	944
sensibel	944
Album	944
Lebewesen	944
Lösegeld	944
verwechselt	944
Kellner	943
servieren	943
fotografieren	943
point	943
pussy	943
Verändern	942
schwächen	942
sternen	942
bemühen	942
stillen	942
anvertrauen	942
ollie	942
Verließen	942
Jakob	942
Besuchte	942
Gewerkschaft	942
Locker	941
therapie	941
Fürst	941
vorbeigekommen	941
hinzu	941
Wrack	941
beschaffen	940
gruppen	940
schwarzes	940
durchhalten	940
kooperieren	940
greif	940
treibstoff	940
hoppla	940
verborgen	940
Abends	939
Gebet	939
Babylon	939
waisenhaus	939
Brasilien	939
bitteschön	939
wurmloch	939
Frisch	938
deb	938
Fee	938
milton	938
Quarantäne	938
Kommunisten	938
Familien	937
zauberer	937
großem	937
stiftung	937
milo	937
Gestapo	937
andenken	936
süchtig	936
hofft	936
wertvolle	936
maulwurf	936
gebacken	936
rauszufinden	936
Heiligen	935
nüsse	935
abstand	934
Kriminelle	934
schuhen	934
Eigenschaften	934
Sänger	934
Elias	934
Dessert	934
Rathaus	934
drohungen	934
Gesetzt	933
mörderin	933
Edith	933
reid	933
kunde	932
federn	932
Mandy	932
vertraute	932
regt	932
verbessert	932
unerwartet	932
drogendealer	932
szenen	931
gefährlichen	931
verdanke	931
wohnungen	931
Spüren	930
Analyse	930
verstecke	930
summen	930
commissioner	930
cross	930
schwachen	930
Mercedes	930
kehle	929
Valentinstag	929
anstelle	929
reizende	929
Kino	928
krone	928
Rente	928
Platte	928
Ersatz	928
messen	928
ringe	928
aufspüren	928
höheren	928
markiert	928
ehrenwort	928
fünfte	927
mieten	927
cheers	927
Wälder	927
Diner	927
handlung	927
Begraben	926
Costa	926
versauen	926
Klassiker	926
empfohlen	926
cynthia	926
Gaby	926
rauswerfen	926
Mechaniker	926
abkürzung	926
Stoppen	925
professionell	925
meinerseits	925
Valerie	925
magischen	925
ellis	925
dienstmädchen	925
Chirurg	925
Wal	925
Center	925
Ungeheuer	924
rauche	924
betteln	924
sähe	924
aufgemacht	924
amüsant	924
Obersten	924
fletcher	924
gerührt	924
note	924
Riesen	923
zugleich	923
nackte	923
bewundert	923
beute	922
bau	922
Anlage	922
nutze	922
Dimension	922
Wecker	922
entstanden	922
kreischen	922
durst	921
Aufstand	921
vivian	921
Läden	921
ios	921
bereithalten	920
touristen	920
umgezogen	920
angeklagte	920
schwulen	920
Aufmachen	919
simmons	919
aufgezogen	919
Campus	919
Herd	919
Hospital	919
ausschau	918
rich	918
gegrüßt	918
Aufsicht	918
Hündchen	918
gegenstand	918
stiefel	917
bellen	917
manipulieren	917
knurren	917
tatsachen	916
tageslicht	916
emotionale	916
clean	916
cassie	916
Sünder	916
beträgt	916
wunderschönes	916
schickst	916
weiblichen	916
rauszuholen	916
Japaner	915
Spritze	915
back	915
jahrhunderts	915
kapier	915
rausgeholt	915
entworfen	915
eingenommen	915
Daphne	915
köchin	915
Willi	915
seven	915
Marina	914
glücklichen	914
wodurch	914
entsprechend	914
umher	914
erica	914
Leichter	913
Halben	913
Filme	913
wolle	913
Wacht	913
schalt	913
Notiz	913
vorsprechen	913
bekannter	913
Armut	913
Packen	912
zone	912
Musiker	912
kräften	912
verbannt	912
konzentriere	912
angefahren	912
Dritte	911
ausleihen	911
schlucken	911
kindisch	911
Krüppel	911
bestrafung	911
Perücke	910
gemma	910
Hummer	910
se	910
june	910
Wimmert	910
Presse	909
Sitze	909
Machten	909
paket	909
erben	909
lieferwagen	909
shannon	909
zurückgebracht	909
Helden	908
pflanze	908
verschwiegen	908
chi	908
herzukommen	908
anhängen	908
einsame	908
wu	908
wraith	908
erwartete	908
tierarzt	908
Geduld	907
Reparieren	907
Konkurrenz	907
formen	907
Cousins	907
zudem	907
rusty	907
bescheiden	906
streifen	906
untergehen	906
gelang	906
schmutzigen	906
Tänzer	906
kasten	905
zeichnen	905
backen	905
dürften	905
verfügbar	905
autobahn	905
Mandant	905
Lukas	905
scheitern	904
geboten	904
auslösen	904
pferden	904
Sprichwort	904
hierfür	904
vergeltung	904
Hardy	904
gekleidet	904
fotografiert	904
wichtigeres	904
immerzu	904
Anrufe	903
Intelligenz	903
schuldgefühle	903
Schnurrbart	903
rumlaufen	903
haushalt	903
angelo	903
Cleveland	903
Ministerium	903
aufgestellt	903
est	903
Drücken	902
klavier	902
Metall	902
amerikas	902
erpressen	902
zähnen	902
wang	902
Qual	902
Debatte	902
Informant	902
lud	902
admiral	901
glotzt	901
rückseite	901
Spezialität	901
mordfall	901
Verbieten	901
Sirenen	901
Theorien	901
Medizin	900
Schreibe	900
Verhaften	900
model	900
besitze	900
gestresst	900
Korea	900
zeitschrift	900
Wildnis	900
menschlicher	900
strecke	899
Schlamassel	899
behindert	899
überbringen	899
reingezogen	899
mitzuteilen	899
zuschlagen	898
zurückkam	898
abstimmung	898
Senat	898
marshal	898
Bridge	898
price	898
küste	897
jahreszeit	897
zusätzliche	897
want	897
puls	896
Temperatur	896
reinigen	896
quälen	896
crowley	896
bezahlte	896
überflüssig	896
taschentuch	896
flur	895
picknick	895
square	895
rockmusik	895
wählte	895
lustiger	895
Marian	895
laster	894
mittwoch	894
flüstern	894
seither	894
Anhalten	893
kreuzung	893
Fremden	892
Akzeptieren	892
Adler	892
Lunge	892
dynamit	892
organe	892
monats	892
trudy	892
henderson	892
verpasse	892
Potter	892
reinlegen	892
Jeep	892
Norden	891
Oper	891
gefilmt	891
hamilton	891
bildschirm	891
gehackt	891
Eminenz	891
mailbox	891
München	891
erschoss	891
jenkins	891
Anziehen	890
Dingen	890
Umgehen	890
Agentur	890
Krach	890
Attentat	890
garrett	890
verschwendung	890
bemerkte	890
miesen	890
helf	890
Gesamte	889
Ertragen	889
protokoll	889
Pfeil	889
Sektor	889
profis	889
ressourcen	889
nationale	889
Ähnlichkeit	889
Feiglinge	889
lächelt	889
Klaut	889
Brennt	888
Teile	888
warme	888
setzten	888
entwischt	888
wade	887
wurzeln	887
aufhängen	887
ausgezeichnete	887
vorname	887
ginger	887
bourbon	887
Landen	886
Frosch	886
loslegen	886
befand	886
lacey	886
Straßen	885
Gerufen	885
befürchten	885
annähernd	885
unterschätzt	885
sternzeit	885
Barbie	885
eichhörnchen	885
zittern	884
Lesbe	884
cordelia	884
Umschlag	883
schaute	883
schleichen	883
Höschen	883
jüngsten	883
niedrig	883
Sonja	883
klimaanlage	883
paradies	882
Ente	882
Gläser	882
Thea	882
Anbetracht	882
lesbisch	882
cristina	882
platziert	882
Abgrund	882
zeichnungen	882
Extra	881
Beobachten	881
drängen	881
Hamburg	881
dates	881
ansehe	881
lin	881
fleck	880
zweifeln	880
lecken	880
passend	880
sidney	880
mittagspause	880
Babys	879
Hall	879
geistes	879
wettkampf	879
verschluckt	879
Limo	879
erhebt	879
enkel	878
Ziege	878
braten	878
beneide	878
überwältigt	878
turtle	878
nypd	878
benannt	878
begrüßt	878
burns	878
hayes	878
stift	877
Löwe	877
geplatzt	877
Pan	877
mildred	877
erschieße	877
Nachnamen	877
altmodisch	877
teurer	877
Springen	876
Pfad	876
brüllen	876
münzen	876
feuerzeug	876
trau	876
serienmörder	876
Georges	876
dr	876
durchgegangen	876
beseitigt	876
Alkoholiker	876
laßt	876
Befreien	875
ganzem	875
rückweg	875
amelia	875
end	874
merk	874
boote	874
abigail	874
heimweg	874
Menschlichkeit	874
signora	873
geheimnisvolle	873
mcgee	873
befolgt	873
Premiere	873
from	873
felicity	873
sexuellen	873
Perfekte	872
teppich	872
reite	872
radar	872
geschäftsführer	872
peterson	872
strafzettel	872
gelobt	872
beschissener	872
Interessieren	871
Bock	871
Korb	871
Welpen	871
angesprochen	871
kung	871
angenehme	871
Lebewohl	871
reporterin	871
Steigt	870
trainer	870
schuh	870
termine	870
crystal	870
Nikita	870
Vorwand	870
genervt	870
kreditkarten	870
durstig	870
eintreffen	870
Trauma	870
beobachtung	870
aufhält	870
dergleichen	869
erwacht	869
lebenslauf	869
anrufbeantworter	869
verschoben	869
zumachen	869
Fliehen	868
windeln	868
aufheben	868
wes	868
rücksicht	868
Lamm	868
Quartier	867
freizeit	867
widersprechen	867
erwische	867
dachboden	867
bradley	867
keinesfalls	867
duck	867
bislang	867
Retter	867
anrief	866
aufpasst	866
spontan	866
Papiere	865
Transport	865
vergeuden	865
blass	865
prächtig	865
galactica	865
verreist	865
Städte	864
faden	864
kleinste	864
Queens	864
moon	864
sarg	863
Skandal	863
schnellste	863
bemühungen	863
dreckiger	863
unfälle	863
angeschlossen	863
unterschiedliche	863
kluger	863
jedi	863
ideale	862
begreife	862
Fersen	862
vorbereitungen	862
fortfahren	862
Produzent	862
Beten	861
Verbunden	861
Sprachen	861
eiern	861
dritter	861
ersticken	861
zwischenfall	861
zurückgezogen	861
autsch	861
ivy	861
riesiger	861
vorhänge	861
rauslassen	861
kermit	861
nachforschungen	861
erfahre	861
begriff	860
Zutritt	860
jin	860
stößt	860
Austin	860
Brust	859
Streich	859
Talente	859
läßt	859
Kleider	858
muster	858
Reif	858
lungen	858
abschneiden	858
kay	858
vorgestern	858
Bestellt	857
starsky	857
mimi	857
andrews	857
Einsätze	857
Egon	857
bemerkenswert	857
Herkommen	856
Nenne	856
Herbst	856
Stamm	856
reue	856
rhythmus	856
moore	856
stechen	856
Dinosaurier	856
Zuhören	855
gewinner	855
checken	855
Wahrscheinlichkeit	855
worin	855
Rabbi	855
Trennen	854
papst	854
unwohl	854
Pony	854
Materie	854
verpisst	854
Leuchtet	854
wehtut	854
Profil	853
unterwelt	853
irrt	853
prüfungen	853
haustür	853
Neuigkeit	853
gereicht	853
weigert	853
Semester	853
gewinn	852
lernten	852
unternommen	852
gespart	852
geerbt	852
starbuck	852
betäubt	852
arrogant	852
ausgeliefert	852
Beantworten	851
beraten	851
schienen	851
Holland	851
zuzusehen	851
Fotograf	851
Eigentümer	851
hinkriegen	851
speed	851
realistisch	851
vaughn	851
Träumen	850
Akten	850
modell	850
ideal	850
marschieren	850
kindergarten	850
riesiges	850
Pub	850
bedrückt	850
Riskieren	849
freier	849
funken	849
empfange	849
streitet	849
mack	849
arrow	849
lach	848
prügel	848
läuten	848
flüchten	848
umkehren	848
rechtfertigen	848
belügen	848
vergebe	848
said	848
fish	848
Ängste	848
litt	848
verliebte	848
befahl	848
Spaghetti	848
Franzose	848
dunkler	848
zukünftigen	848
anzubieten	848
Fortschritt	847
englischen	847
gesendet	847
Tobias	847
Einstein	847
gelähmt	847
landschaft	847
Funktion	847
wille	846
ertrinken	846
feine	846
anonym	846
albträume	846
träum	846
Facebook	846
mh	846
veranstaltung	846
verpflichtungen	846
sinclair	846
rue	846
hügel	845
schülerin	845
innerlich	845
künstlerin	845
Madrid	845
regiert	845
erleichterung	845
Müll	844
Stellte	844
liga	844
ava	844
Auktion	844
Regal	844
Mitte	843
Erleben	843
Käufer	843
Christi	843
Niveau	843
fahndung	843
Friede	843
erlitten	843
Decke	842
entstehen	842
lauten	842
Nasa	842
Bittest	842
psycho	842
Matratze	842
tretet	842
mordwaffe	842
finanzielle	842
detectives	842
Schritte	841
block	841
grünes	841
wieviele	841
undercover	841
herzustellen	841
Frankenstein	841
beruhigungsmittel	841
fünften	840
registriert	840
Ingrid	840
coulson	840
trugen	840
kurzfristig	840
spannungsvolle	840
clayton	840
Hilfst	839
blitz	839
kämpften	839
weltall	839
nanu	839
weckt	839
gewagt	839
hutch	839
Weint	838
Vernichten	838
Anhänger	838
regieren	838
dateien	838
einpacken	838
monty	838
verflixt	838
herkam	838
Rudel	838
Ellen	837
gregory	837
Sofia	837
durften	837
Kern	836
festen	836
marines	836
zusätzlich	836
Dekan	836
verträge	836
Umzug	836
brady	836
sängerin	836
Wäldern	836
hasen	835
mittleren	835
Limousine	835
zurückzukommen	835
morty	835
aufgeschrieben	835
handlungen	835
aufzupassen	835
verkehr	834
lenken	834
rasieren	834
unverschämt	834
Geraten	833
Dritten	833
flach	833
durchschaut	833
mögt	833
Nachname	833
händchen	833
Calvin	833
vorgesehen	833
gnädig	833
nachgesehen	833
Predigt	833
versehentlich	833
Julie	832
Wetter	832
ausnahme	832
ebene	832
Burg	832
stehenbleiben	832
erraten	832
erwiesen	832
Schneider	831
verkaufst	831
zahlst	831
schiebt	831
geahnt	831
tätig	831
abgestürzt	831
zukommen	830
politisch	830
gewöhnliche	830
stärkste	830
Zuflucht	830
Generator	830
Union	830
raven	830
Gucken	829
Gründe	829
ungeduldig	829
unklar	829
suspendiert	829
arbeitsplatz	829
matty	829
witwe	828
Münze	828
pissen	828
herrschen	828
frischen	828
Metern	828
fällst	828
unruhig	828
schlechteste	828
abgerissen	828
Langen	827
erzeugen	827
veröffentlichen	827
anvertraut	827
verfehlt	827
verehrte	827
aufzuspüren	827
Stühle	827
rausbringen	827
Komitee	827
Mamas	827
Kenn	826
betrug	826
Propheten	826
durchsage	826
Agenten	825
Rechten	825
rand	825
aufzug	825
zoll	825
Flora	825
Stiefvater	825
lolle	825
faith	825
ernie	825
Nationen	825
abschied	824
amt	824
jammer	824
secret	824
käpt	824
rauskriegen	824
entstand	824
alarmstufe	824
übersetzen	824
Harte	823
Schenke	823
platzen	823
Griechenland	823
rüstung	823
Attentäter	823
Gewohnheit	823
mieses	823
kindermädchen	823
Staaten	822
Gaben	822
Produkt	822
brenda	822
Nervst	822
japanische	822
bitch	822
Nsa	822
Werner	822
beinhaltet	822
Donuts	822
abgefeuert	822
Luther	822
Tafel	821
andre	821
gewähren	821
godzilla	821
Werwolf	821
Denver	821
hebe	821
Ruder	820
Orange	820
stufen	820
Ehrgeiz	820
aufenthaltsort	820
hinreißend	820
borgia	820
howie	820
mckay	820
dj	820
zeichnung	820
Trinke	819
Klären	819
absetzen	819
schwindel	819
national	819
fortsetzung	819
kotzt	819
glückstag	819
japanisch	819
Bush	819
raushalten	819
verheimlicht	819
jude	818
getränke	818
uhren	818
cyril	818
erobert	818
Versuchst	817
gesang	817
umzugehen	817
Roberto	817
vornamen	817
Tessa	817
berührung	817
ergreift	817
gelangweilt	817
intakt	817
Isabella	817
Poesie	817
Schwere	816
Feuern	816
belastet	816
reinlassen	816
Yen	816
geprügelt	816
Perspektive	816
Schreist	816
Sperma	816
hingelegt	816
Schießt	815
langweilen	815
begreifst	815
marcie	815
Ii	815
Metropolis	815
schildkröte	815
umzingelt	815
Buddha	815
wagst	815
Verhör	814
Dichter	814
oberen	814
fertigmachen	814
günstig	814
yu	814
lebenslänglich	814
sloane	814
präzise	814
Sorgerecht	814
Blau	813
Wartest	813
kultur	813
kriechen	813
bearbeitet	813
riker	813
Theresa	813
Pentagon	813
Frechheit	813
sinkt	813
nichte	812
existenz	812
weißes	812
gastfreundschaft	812
glückliches	812
cliff	812
healey	812
delta	811
erhielten	811
ermöglicht	811
cesare	811
rausgeschmissen	811
vorgefallen	811
freiwillige	811
Leichnam	811
Leck	810
zaun	810
investieren	810
never	810
schwebt	810
vorsichtiger	810
kürzer	810
bezahl	810
behältst	810
erfüllung	809
verbündeten	809
achtet	809
Ansichten	809
aufklären	808
fünfzehn	808
Aufruhr	808
tomaten	807
make	807
gesunde	807
schwierigen	807
crawford	807
Quittung	807
Portal	807
rakete	806
salz	806
Winkel	806
programmiert	806
großeltern	806
mo	806
Investition	806
raj	806
selbstvertrauen	806
geschluckt	806
symbol	805
Torte	805
Austausch	805
fehlst	805
aufgehängt	805
Susie	805
taschenlampe	805
Saint	805
fahrzeug	804
Wuchs	804
liefert	804
wehen	804
jägerin	804
Heer	804
Neapel	804
illegalen	804
Schiffe	803
körpers	803
schal	803
anklagen	803
schlagt	803
sammelt	803
zurückkehrt	803
verlangst	803
Hänge	802
großteil	802
herzogin	802
Aktivität	802
entwickelte	802
Ronald	802
Treiben	801
kratzen	801
gegenmittel	801
sheridan	801
Taktik	801
evakuieren	800
blicke	800
dramatisch	800
Potenzial	800
anpassung	800
jugendliche	800
Ass	800
zerstörte	800
Clowns	800
professionelle	800
verlorenen	800
militärische	800
Atlanta	800
Trinkt	799
englische	799
Richards	799
ausgenutzt	799
Maestro	799
brooks	799
cheryl	799
insbesondere	799
überzeugung	799
angemeldet	799
winzige	799
vorstellungen	799
Massaker	799
gail	799
ausdenken	799
auslöschen	798
heizung	798
haley	798
Magnus	798
mußte	798
Erzähler	798
Kolonie	798
Gps	798
Girls	798
gerichtssaal	798
donnerwetter	798
billige	797
studentin	797
Greta	797
Tickt	797
räumt	797
Miriam	797
gesichtet	797
zuzuhören	797
Details	796
zuschauer	796
angriffe	796
abgeschaltet	796
atlantic	796
marquis	796
Teich	796
raubüberfall	796
Duell	796
Chirurgen	796
Wange	796
auszuschalten	796
Wahren	795
Dienen	795
Westen	795
charakter	795
Ufer	795
vorbereitung	795
geile	795
kranker	795
festplatte	795
stieß	795
Portland	795
enorm	795
sichtbar	795
pässe	795
vorschrift	795
jedermann	794
genieß	794
irgendjemanden	794
ups	794
Substanz	794
Amsterdam	794
arbeitszimmer	794
notwehr	794
einrichten	793
ausnutzen	793
frisches	793
quatschen	793
Dax	793
zeigten	793
Schmetterling	793
Preston	793
förmlich	793
celia	793
tammy	793
Scheibe	792
Konferenz	792
Länder	792
spritzen	792
renn	792
foltern	792
ausgetauscht	792
baustelle	792
bewirkt	792
brennan	792
pratt	792
Verteidigen	791
gerochen	791
meintest	791
wusstet	791
broadway	791
Martini	791
starrt	791
Personen	790
Diagnose	790
einschalten	790
janice	790
beerdigt	790
angerührt	790
say	790
verläuft	790
abschlussball	790
Wechseln	789
ältesten	789
vielmehr	789
anzünden	789
wände	788
kostüm	788
Frost	788
übrigen	788
luxus	788
wunderschöner	788
handtücher	788
basierend	788
ungewöhnliche	788
international	788
Mistkerle	788
vizepräsident	788
brichst	788
abgelegt	788
Halluzinationen	788
Europa	787
Deutschland	787
Kabine	787
festnahme	787
steph	787
Axel	787
butch	787
teilweise	787
verfickte	787
dat	787
nudeln	786
natürlichen	786
ausgestellt	786
Wendet	786
gewöhnlicher	786
Lavon	786
gingst	786
Melde	785
thron	785
piepst	785
änderungen	785
Orbit	785
unbewaffnet	785
Internat	785
zelt	784
akzent	784
gemälde	784
Bunker	784
Löffel	784
batterien	784
spende	784
Mühle	784
zeitalter	784
gabst	784
Prediger	784
schwache	784
Paulie	784
wegbringen	784
shepherd	784
verpflichtung	784
Briefe	783
leuchten	783
baten	783
geparkt	783
gerichtsmediziner	783
Anita	783
zurückkommst	783
Bluse	783
Schlafe	782
Flagge	782
schütteln	782
reines	782
gegenleistung	782
Jaffa	782
gemeinsames	782
japanischen	782
Helfer	782
entkommt	782
Partie	782
lächle	782
Wirken	781
Kongress	781
Schirm	781
heilt	781
Verdeckt	781
hauptrolle	781
lilly	781
Tarzan	781
Starten	780
deuten	780
hinbringen	780
Spanier	780
taxifahrer	780
träumst	780
darcy	780
Geheim	779
krise	779
kiki	779
Scanner	779
eisenbahn	779
rumsitzen	779
munter	779
zugesehen	779
Karma	779
Wetten	778
totaler	778
verhören	778
Tristan	778
stückchen	778
mitgemacht	778
Yvonne	778
Pärchen	778
kritisch	778
Peters	778
suzanne	778
Finanziert	778
Elektrizität	778
stellten	777
Erlebnis	777
mccoy	777
vaterland	777
bitter	777
Schleier	777
notarzt	777
stattfindet	777
hervorragende	777
krimineller	777
verheimlichen	776
göttern	776
hunden	776
monatelang	776
beeile	776
harley	776
unterschreibe	776
Zwingen	775
Kuh	775
Mode	775
billigen	775
verwirrung	775
überschritten	775
where	775
mailand	775
Latein	775
Süden	774
summe	774
boten	774
belasten	774
caine	774
großartiges	774
billie	774
grundlage	774
reihenfolge	774
körperliche	774
Würmer	774
Wirtschaft	773
landete	773
quer	773
satelliten	773
Arena	773
mexico	773
hong	773
Gerald	773
bullshit	773
schlachten	772
gestalten	772
köpfen	772
mae	772
verfolgung	772
lizzie	772
männlichen	772
Exemplar	772
bedauerlich	772
jage	772
Cd	772
honey	772
Seife	771
Zwerg	771
vergiften	771
feiert	771
bewundern	771
Anstalt	771
vorbeischauen	771
Pakt	771
Gustav	771
einsamen	771
derart	771
Beckett	771
Herrscher	770
samen	770
Köter	770
Positionen	770
vertrete	770
kirby	770
Aufnehmen	769
Wut	769
schweres	769
zurückhalten	769
schlampen	769
helle	769
anhaben	769
tuvok	769
angepisst	769
Ida	769
Mississippi	769
unterschlupf	769
knall	768
nachbar	768
front	768
Schalter	768
hauch	768
herkomme	768
ließe	768
eilt	768
candy	768
vorwerfen	768
Medikamente	767
Geschenkt	767
affe	767
brand	767
Koks	767
abstellen	767
pornos	767
produzieren	767
il	767
abzuhalten	767
odo	767
neuanfang	767
Nenn	766
weinte	766
drängt	766
Patricia	766
Maureen	766
Staates	766
anordnung	766
Kammer	765
schneid	765
ländern	765
beschwerden	765
Qualen	765
verwaltung	765
übertreibst	765
anonymen	765
galt	765
ver	765
Mantel	764
zugriff	764
teufels	764
bildern	764
scheißen	764
erschlagen	764
fließen	764
ausgeflippt	764
Schwiegersohn	764
Getränk	764
bang	764
Colorado	764
vernünftige	764
Verteidiger	764
Rupert	763
verbirgt	763
ähnliche	763
Bea	763
hindurch	763
eigentliche	763
belästigung	763
seltene	763
mysteriöse	763
Vorsitzende	763
anzüge	763
Reiten	762
Transporter	762
jet	762
haue	762
häh	762
vorausgesetzt	762
Sabine	762
eingedrungen	762
huch	762
creek	762
vorläufig	762
Canyon	762
trank	761
autor	761
power	761
mordkommission	761
schnattert	761
baxter	761
benutz	761
Chelsea	761
Wohne	760
blume	760
Becher	760
packe	760
bedürfnis	760
nähen	760
chemie	760
dämliche	760
erkältung	760
belohnt	760
Bund	760
gestochen	760
Katharina	760
Spazieren	759
hinweisen	759
moms	759
geschmeichelt	759
anrichten	759
letztlich	759
gehirnerschütterung	759
geknackt	759
Partnerschaft	759
eingeschaltet	759
whitney	759
skye	759
gestohlenen	759
Schließt	758
rippen	758
kühl	758
aufhörst	758
tagelang	758
Oswald	758
scofield	758
unterscheidet	758
Margot	758
tödlichen	758
Vieles	757
rasse	757
beachten	757
schecks	757
Apokalypse	757
much	757
Montgomery	757
eingebildet	757
berühmter	757
Schwindler	757
verarschst	757
rechtsanwalt	757
geritten	757
Romantik	757
net	757
nanny	757
Tausend	756
vermasseln	756
betsy	756
erklärungen	756
haushälterin	756
gütig	756
privatdetektiv	756
rumhängen	756
ansteckend	756
marcy	756
Gründen	755
partei	755
fälschung	755
prügeln	755
Michaels	755
gefüttert	755
nackten	755
nervig	755
neuem	755
sheppard	755
geistig	755
Zugeben	754
regnen	754
weichen	754
niedergeschlagen	754
Nicolas	754
herumlaufen	754
einmalige	754
verstößt	754
ähnelt	754
Morphium	754
Tool	754
Gefangenen	753
kutsche	753
Allianz	753
herhören	753
Kooperation	753
schwerkraft	753
abgewiesen	753
auserwählt	753
bedacht	753
phaser	753
Verdächtigen	752
Lokal	752
Sklave	752
Honig	752
stärken	752
knarren	752
signale	752
nachkommen	752
Söldner	752
taugt	752
dalton	752
Pulli	752
angemacht	752
Klugscheißer	752
bestand	751
erbe	751
belegt	751
alters	751
funktionierte	751
schwächer	751
empfindest	751
Kennenlernen	750
führ	750
ernsthafte	750
einzusetzen	750
Andreas	750
hughes	750
jenen	750
Nonnen	750
Auseinander	749
Vorgehensweise	749
wat	749
val	749
company	749
Vertreter	748
verreisen	748
halleluja	748
jammern	748
vergebt	748
mayday	748
Venus	748
verhafte	748
identisch	748
bange	748
bekämpft	748
jep	748
gastgeber	748
Fressen	747
Ficken	747
innenstadt	747
mitbewohnerin	747
Papas	747
schwindelig	747
dc	747
Ratschlag	747
Scham	747
intensiv	747
amigo	747
louie	747
or	747
Spüre	746
innere	746
bewirken	746
durchkommen	746
talentiert	746
Bridget	746
Gretchen	746
angezeigt	746
erschüttert	746
reingefallen	746
Vetter	746
Stammt	745
schätzt	745
freuden	745
boys	745
rücksitz	745
sicherzustellen	745
Magier	745
eröffnung	745
deacon	745
marine	744
köder	744
kragen	744
klirren	744
verbinde	744
grove	744
Champ	744
möchtet	744
abgeschossen	744
Gehörte	743
plane	743
beging	743
weiterfahren	743
ramon	743
sweet	743
Oberst	742
Duft	742
Schein	742
Isabel	742
Plätzchen	742
Magazine	742
Wanda	742
beruht	742
ragnar	742
Korruption	742
wimmelt	742
hook	742
Lux	742
abgestellt	742
anschließend	742
Fremde	741
vieh	741
mei	741
flieht	741
schriftlich	741
Kamerad	741
irrelevant	741
ironisch	741
herab	741
Friedrich	741
gescheitert	741
beichten	740
begräbnis	740
verführen	740
paare	740
begrüße	740
Desaster	740
wachsam	740
startklar	740
log	740
Luca	740
Entspannen	739
salat	739
leide	739
anhand	739
schlagzeilen	739
Auslöser	739
Gaius	739
kündigung	739
Atlantis	739
Entzug	739
Leibwächter	739
Virus	738
methode	738
doppelten	738
abzulenken	738
angeben	738
abknallen	738
schuldigen	738
Thor	738
erschrocken	738
Häschen	738
daily	738
handschuh	738
bewaffnete	738
Caesar	738
quere	737
sklavin	737
Leinwand	737
erzählten	737
geguckt	737
georgie	737
stimmts	737
brendan	737
phillips	737
wörter	736
Ernte	736
Kamin	736
Weste	736
lobby	736
perlen	736
verbringst	736
scannen	736
Richmond	736
ohrringe	736
Präsentation	736
gotham	736
Häuschen	736
sprung	735
gangster	735
dutzende	735
vermittlung	735
zahnbürste	735
schlugen	735
Sprüche	735
erreichbar	735
Scheißdreck	735
Kerlen	735
zuverlässig	735
Fein	734
Greifen	734
leichtes	734
sasha	734
Stewart	734
hochzeiten	734
aneinander	734
vorwurf	734
Dose	733
Klemme	733
cyrus	733
Garde	733
Sonde	733
blutungen	733
Roosevelt	733
Flüchtlinge	733
unterhose	733
scotland	733
instrumentalmusik	733
Zurückkehren	732
beichte	732
becca	732
heldin	732
geschmeckt	732
rod	732
unterstütze	732
Säcke	732
Psychopath	732
Madonna	732
geschmissen	732
Pudding	732
einzuladen	732
Erschaffen	731
lohn	731
schnaps	731
Formel	731
Spinne	731
ausliefern	731
perfektes	731
wurst	731
lulu	731
lichtjahre	731
line	731
schweig	731
zwecklos	731
charley	731
Langeweile	731
offiziellen	731
Stärke	730
stufe	730
zwerge	730
trösten	730
Rudi	730
verzeihe	730
hässlichen	730
gewidmet	730
ernannt	730
übler	730
Sandwiches	730
adoptieren	730
Waschen	729
Gitter	729
Sheriffs	729
vorgesetzter	729
Kodex	729
Südamerika	729
kostete	729
verführt	729
Pauline	729
machtlos	729
Geister	728
Behaupten	728
zettel	728
kreisen	728
klebt	728
einsehen	728
Mythos	728
ausschließlich	728
ahh	728
Pamela	728
Geschäften	728
Würdet	727
Welle	727
budget	727
Marihuana	727
mithalten	727
lebenszeichen	727
Warnen	726
redeten	726
woody	726
anmachen	726
Sklaverei	726
haustier	726
ohh	726
stützpunkt	726
Treibt	725
Fischer	725
gesichtsausdruck	725
gesunken	725
fernbedienung	725
verstärkt	725
Markus	725
Sterling	725
Olga	725
Verlegenheit	725
Lehre	724
Schrott	724
wasch	724
abkommen	724
erstatten	724
verarbeiten	724
clubs	724
widmen	724
Metro	724
bruderschaft	724
probiere	724
wiederum	724
Bereitschaft	724
chet	724
untergrund	724
versiegelt	724
gegenstände	724
Regiment	724
Lecker	723
knallen	723
kostenlos	723
Dvd	723
klinge	722
Raub	722
genügen	722
brötchen	722
flut	722
gesprengt	722
allan	722
feindliche	722
Irina	722
Feldwebel	722
zerbricht	722
Dicht	721
anker	721
rauschen	721
insekten	721
ausgelassen	721
Kramer	721
Tango	721
respektlos	721
stripperin	721
Hengst	721
schwanzlutscher	721
löse	721
gavin	721
skinner	721
Schurken	721
wäscht	721
schimmer	720
kichern	720
positive	720
daraufhin	720
nico	720
walsh	720
geschäftspartner	720
weggefahren	720
Psychologie	720
zwing	720
belastung	720
bender	720
Befinden	719
bindung	719
sherman	719
umarmt	719
entkam	719
Gespenst	719
konntet	719
menschenleben	719
dritt	718
mittags	718
raucht	718
wurdet	718
öde	718
Ursprung	718
geputzt	718
Sektion	718
Wilhelm	718
unbesorgt	718
eingereicht	718
Internet	717
veranstalten	717
drucken	717
Sekretär	717
turk	717
beruhigend	717
angezündet	717
voreilig	717
Griechen	717
bennet	717
installiert	717
verlier	717
Rebellion	717
Karin	717
seemann	717
bones	717
aufgeräumt	717
Grenzen	716
saft	716
beschleunigen	716
verdiente	716
Orgasmus	716
Karre	715
glocken	715
tennis	715
Toto	715
vögelchen	715
reinkommt	715
renee	715
allerseits	715
übe	715
constable	715
christen	714
überqueren	714
häusern	714
weiche	714
wirklichen	714
aufträge	714
Beifall	714
Cents	714
Irren	713
Kommando	713
gemüse	713
punkten	713
damien	713
Resultat	713
Pennsylvania	713
danielle	713
verbiete	713
entschuldigst	713
weitem	713
verdreht	713
Richten	712
saufen	712
zischen	712
Powers	712
vorschuss	712
dex	712
schuf	712
Beschützer	712
fuer	712
wahrlich	712
Schnee	711
hysterisch	711
schwor	711
Schlägerei	711
flogen	711
Bösewicht	711
gürtel	710
bon	710
rauchst	710
masken	710
schwimmt	710
römischen	710
Carolina	710
auszeichnung	710
riskiere	710
florence	710
Komiker	710
auffallen	710
eingegangen	710
besserung	710
vinnie	710
Punkte	709
Entfernen	709
kabel	709
zahn	709
Fotze	709
schwitzen	709
verspätet	709
Obhut	709
aufführung	709
Hydra	709
briefkasten	709
Dämonen	708
Tränen	708
haust	708
wachte	708
Häftling	708
ezra	708
Kat	708
unterschätzen	708
sisko	708
hausfrau	708
Hannes	708
Volle	707
bahn	707
turm	707
mine	707
zerbrechen	707
poker	707
pike	707
übereinstimmung	707
Entwurf	707
shoppen	707
täuschung	707
doll	707
Insassen	707
mithilfe	707
packung	707
kang	707
unberechenbar	707
eingeschlagen	707
Logik	706
konten	706
verklagt	706
Drohne	706
vage	706
panzer	705
sinken	705
izzy	705
qualifiziert	705
gierig	705
Integrität	705
hinterkopf	705
wundervollen	705
lo	705
bach	704
stirn	704
Anfall	704
trauern	704
abreise	704
bette	704
klemmt	704
frustriert	704
Ohnmacht	704
autoschlüssel	704
erfährst	704
grady	704
people	704
unheilvolle	704
kapieren	704
Heimat	703
kloster	703
Joint	703
gedrängt	703
diente	703
wissenschaftliche	703
inmitten	703
millie	703
brannte	703
ausnahmsweise	703
anlass	702
Ingenieur	702
Flamme	702
erregen	702
trommeln	702
schließfach	702
bunny	702
kenneth	702
Vase	702
halfen	702
übernahm	702
Millionär	702
dreißig	702
Schreie	701
Dokument	701
fortsetzen	701
locke	701
anpassen	701
Bernadette	701
denjenigen	701
begeisterung	701
begabt	701
matthews	701
entscheidend	701
zurückhaben	701
katrina	701
nervensäge	701
Bestätigen	700
leber	700
elemente	700
feinden	700
betritt	700
rodrigo	700
Kuckuck	700
veränderte	700
vollbracht	700
jeweils	700
passende	700
Unabhängigkeit	700
türe	700
einbrechen	700
Empfangen	699
krawatte	699
folgst	699
schwangere	699
Unfug	699
weibchen	699
ergriffen	699
Ergeben	698
blatt	698
dschungel	698
abreisen	698
schwingen	698
jahrestag	698
oleson	698
fry	698
exzellent	698
vorgenommen	698
aufgezeichnet	698
Fange	697
Häuser	697
Gedanke	697
klage	697
Hase	697
telefone	697
uniformen	697
Depression	697
Alaska	697
Frances	697
sawyer	697
Männchen	697
Gefühlt	696
akt	696
kostüme	696
nachmittags	696
nationalen	696
mitteln	696
otis	696
spanische	696
beamter	696
Kommission	696
fünfzig	696
gedemütigt	696
Mehrheit	696
Real	695
Spielte	695
schlaft	695
feiner	695
relativ	695
teuren	695
Komödie	695
gestehe	695
außergewöhnliche	695
ausprobiert	695
runterkommen	695
bälle	695
oktober	694
freya	694
Verehrer	694
crazy	694
Vermächtnis	694
beteiligung	694
Bengel	694
gottverdammte	694
winzigen	694
Nächten	694
Riechen	693
schachtel	693
ätzend	693
Attacke	693
vorstellungsgespräch	693
interessiere	693
Medium	693
lampe	692
diebstahl	692
transportieren	692
braune	692
jahrhunderten	692
Hamlet	692
stockwerk	692
krankenhäuser	692
benötige	692
traurigen	692
auszugehen	692
betrieb	691
Annahme	691
ansprechen	691
frischer	691
befreiung	691
anzahlung	691
Jensen	691
Grafen	691
besaß	691
Nieder	690
herzog	690
büros	690
stürmen	690
sammle	690
feiertage	690
Franc	690
neela	690
elektrischen	690
hupt	690
italienische	690
hingekriegt	690
Marseille	690
gehalt	689
Columbia	689
unterschiedlich	689
godsey	689
zielperson	689
Kopenhagen	689
furchtbares	689
glocke	688
kasse	688
Hüte	688
Studie	688
pflege	688
golden	688
sahne	688
binde	688
fürchtete	688
Imperium	688
möcht	688
Säufer	688
Verlasst	688
weiser	688
zurückzuholen	688
cho	688
Schlösser	688
gitarre	687
Busch	687
zwiebeln	687
schlitten	687
jahrhunderte	687
rennst	687
Privileg	687
Montana	687
rührend	687
stumme	687
Investoren	687
Kakao	687
Sterne	686
Heilen	686
zwang	686
politiker	686
erbarmen	686
verkünden	686
betreiben	686
sadie	686
ausgestiegen	686
pisse	686
lucifer	686
Thailand	686
scheußlich	686
Demokratie	685
Ranger	685
mindeste	685
singst	685
nötigen	685
abu	685
gereizt	685
fassung	685
leitungen	685
Kaliber	685
losgeht	685
gemeine	685
wochenlang	685
morgengrauen	685
warmes	684
captains	684
sky	684
bürgerkrieg	684
abzuhauen	684
sorgte	684
verhandelt	684
Einwände	684
Lara	684
Unheil	684
wiege	683
Yankees	683
herb	683
Freaks	683
verbietet	683
verwendung	683
Cognac	683
flieger	682
vertrieben	682
küsste	682
unschuldiger	682
Evolution	682
Vulkanier	682
Wachsen	681
gästen	681
Gratulation	681
Eden	681
hingegen	681
quält	681
Spartacus	681
unversehrt	681
Himmels	680
Schweine	680
gering	680
janeway	680
floyd	680
Produzenten	680
Rektor	680
störungen	680
kreativ	680
Garderobe	679
Wirt	679
deckt	679
Winchester	679
Bianca	679
Willis	679
Quark	679
dead	679
Lernt	678
box	678
Medikament	678
blaues	678
ärgerlich	678
gibson	678
Chili	678
Diskretion	678
Armstrong	678
unterhosen	678
erforderlich	678
cassidy	678
Normale	677
Anbieten	677
Verwenden	677
möbel	677
grillen	677
auftauchte	677
Pascha	677
sentimental	677
empfängt	677
evakuierung	677
nebenwirkungen	677
mccormick	677
erstellt	677
vernichtung	677
Übers	676
Grün	676
Verarschen	676
berater	676
Vortrag	676
mount	676
aufschreiben	676
idiotisch	676
Cocktail	676
behandelst	676
eingepackt	676
meisterwerk	676
empfindet	676
Bestien	676
Anklage	675
unzählige	675
einbringen	675
darryl	675
spitznamen	675
Smoking	675
verschwende	675
iron	675
spätestens	675
Chinese	675
cash	675
gilmore	675
Lippen	674
mathematik	674
pfui	674
zeugenstand	674
gästezimmer	674
verschwanden	674
Chor	673
Schere	673
Serum	673
julio	673
place	673
Phantasie	673
Therapeuten	673
bedienung	673
trish	673
Elise	673
verriegelt	673
Achten	672
kanzlei	672
werkzeuge	672
genäht	672
spurensicherung	672
graue	672
ehrlicher	672
leichenhalle	672
wärs	672
Einladen	671
Käse	671
Aufwachen	671
anschlag	671
Beitrag	671
Argument	671
erlangen	671
vertuschen	671
nieren	671
zinsen	671
desmond	671
notiert	671
pfadfinder	671
Gorilla	671
roch	671
caitlin	671
Zusehen	670
etage	670
benutzten	670
anzuziehen	670
verlockend	670
bryce	670
Interpol	670
dodge	670
technische	670
zimmerservice	670
Hosen	669
objekt	669
Fell	669
Lache	669
lu	669
hayley	669
verspricht	669
lachend	669
anständiger	669
geschätzt	669
Kurze	668
Scheck	668
strategie	668
darstellen	668
gedenken	668
verbündete	668
Schwägerin	668
cybill	668
Edmund	668
Drohnen	668
Sauerei	668
Portion	668
beraubt	668
constance	668
Fresse	667
Wiederholen	667
Wende	667
hüten	667
jugendlichen	667
bemerkung	667
Aids	667
cate	667
Johann	667
hingehört	667
maryann	667
halskette	667
Istanbul	667
Bestellen	666
Zeuge	666
genosse	666
Händler	666
Dampf	666
schwerter	666
been	666
schweigt	666
Brei	666
antwortete	666
Fäden	666
coolen	666
schämst	666
West	665
fuchs	665
Wurm	665
software	665
einschlagen	665
aufgebrochen	665
Expedition	665
änderung	665
überwachungskameras	665
derer	665
durchzuführen	665
Reifen	664
löcher	664
Kerze	664
Parlament	664
dawson	664
tanya	664
Umfeld	664
schrieben	664
Michigan	664
woman	664
hergeschickt	664
vorstrafen	664
hingeht	664
grauenvoll	664
Tests	663
Schenken	663
April	663
reis	663
Visier	663
Rang	663
treppen	663
vereinen	663
Schwiegermutter	663
langley	663
erwürgt	663
Tassen	663
zauberspruch	663
lucien	663
Läufer	663
drive	663
Schwerer	662
platzt	662
halber	662
callie	662
hu	662
heitere	662
Jupiter	662
Trauzeuge	662
Steckst	661
Geschenke	661
Merkt	661
Beutel	661
puh	661
Österreich	661
Einkommen	661
vereinigung	661
mittelpunkt	661
Page	661
Helene	661
unverständliche	661
Höflichkeit	661
aufzeichnung	661
Komplikationen	661
gehorcht	661
Liefern	660
golf	660
Schiss	660
klarkommen	660
grimm	660
auftreiben	660
ausgaben	660
hollow	660
gefällig	660
schlicht	660
ausgestattet	660
reiße	660
nachdenke	660
richterin	660
verabschiede	659
vito	659
abgeht	659
dämlichen	659
edie	659
druckmittel	659
Grunde	658
Schulde	658
tauben	658
ankamen	658
Crack	658
festzuhalten	658
runtergefallen	658
Eindringling	658
wahlkampf	658
country	658
gewissermaßen	658
Verbraucht	658
Profit	657
idiotin	657
gleichgültig	657
Gefangenschaft	657
daktari	657
Loslassen	656
Berichten	656
Verabschieden	656
Schieß	656
davonkommen	656
hinzufügen	656
nu	656
russ	656
westlich	656
men	656
Nixon	656
laurie	656
vorhanden	656
Klara	656
only	656
face	656
hinbekommen	656
Adoption	656
Handelte	656
verrätst	656
hinterm	656
Break	656
reinziehen	656
zart	656
einholen	655
Ewigkeiten	655
Immunität	655
eingelassen	655
gewettet	655
ergab	655
ausgesagt	655
studiere	655
malt	655
Tonne	655
regle	655
Verdacht	654
kredit	654
hingabe	654
linien	654
spezialeinheit	654
behandle	654
Hermann	654
übergebe	654
Alma	654
Wanze	654
örtlichen	654
Phänomen	654
umgeht	654
weitaus	654
sattel	653
pflegen	653
polizeirevier	653
öfters	653
erreiche	653
beklagen	653
Schurke	653
kleinere	653
sonnenbrille	653
hühner	652
Strich	652
Stab	652
Maler	652
Boxer	652
wildes	652
bonus	652
spucken	652
einlassen	652
strenge	652
Phantom	652
zuzugeben	652
Titelseite	652
Schwiegervater	652
turner	651
bilde	651
blinde	651
abscheulich	651
nigel	651
Kleinigkeiten	651
Yoga	651
elektrische	651
Kaviar	651
plage	651
Zahlt	650
wahrer	650
Dolch	650
zurückzahlen	650
ameisen	650
verleihen	650
bekäme	650
erhoben	650
analysiert	650
Norwegen	650
Iran	650
aufzustehen	650
Urin	650
Blätter	649
Konzept	649
enthalten	649
sperrt	649
aufsetzen	649
iren	649
Triumph	649
begrenzt	649
ham	649
gil	649
streichhölzer	649
martinez	649
erscheinung	649
eyes	649
berechnungen	649
Auskunft	649
Zucker	648
nadel	648
Blase	648
Schrift	648
erstellen	648
herbringen	648
korrigieren	648
negative	648
pilze	648
Dänemark	648
hintergangen	648
flint	648
Patronen	648
wiederkommt	648
gefährliches	648
bereut	648
cherry	648
Ami	648
won	648
shh	648
Schreib	647
Standen	647
wehe	647
Draht	647
meiden	647
übernimm	647
Waffenstillstand	647
sonia	647
vorkommt	647
Virgil	647
kreislauf	647
nash	647
richtungen	647
Heil	646
isoliert	646
ausschlag	646
felder	646
sicherzugehen	646
weggerannt	646
widerfahren	646
lebensunterhalt	646
hintereinander	646
Dingern	646
Drum	645
Batterie	645
Obst	645
Droge	645
toiletten	645
gesetzes	645
angreift	645
Außenseiter	645
crockett	645
nummernschild	645
steuerbord	645
leidenschaftlich	645
kümmerte	645
Magen	644
Enge	644
sendet	644
quietscht	644
gereinigt	644
großgezogen	644
mina	644
Cafeteria	644
zusammenbleiben	644
bekomm	644
bedauere	644
zugesagt	644
jr	644
weiber	643
justiz	643
schuft	643
rückt	643
drohte	643
fix	643
Schwur	643
bewaffneten	643
höchstpersönlich	643
Giovanni	643
supergirl	643
juliet	643
blutbad	643
bear	643
Anfänger	642
Gen	642
Siegel	642
zünden	642
Bräute	642
foreman	642
atemzug	642
Legenden	642
kopfgeld	642
Johns	642
otaru	642
marsch	641
brett	641
Heller	641
ärgert	641
codes	641
bumsen	641
nils	641
Papagei	641
Ketchup	641
Aktionen	641
Bewahren	640
Drücke	640
reiches	640
studien	640
gelingen	640
nahen	640
gestolpert	640
feiertag	640
erwischte	640
spitzname	640
hardcastle	640
weht	640
verfolgte	640
Angeber	640
befassen	640
Pack	639
freies	639
gier	639
auspacken	639
Fantasien	639
befreie	639
Prophet	639
grundlos	639
abzuschließen	639
signor	639
haha	639
Handwerk	639
daddys	639
schert	639
Tiefer	638
Truppen	638
reiter	638
lose	638
höchstwahrscheinlich	638
pervers	638
mitgeteilt	638
Interviews	638
zugefügt	638
Vermieter	638
aßen	638
Truhe	638
moralische	638
Osten	637
boom	637
kleben	637
Blondine	637
alvarez	637
scheinwerfer	637
bewege	637
jap	637
zugrunde	637
weiblich	637
verfügt	637
Besitzt	636
Freien	636
Balkon	636
bauten	636
keuchen	636
wiedergutmachen	636
eingreifen	636
aufsuchen	636
verzichte	636
buchhaltung	636
beider	636
buffalo	636
befiehlt	636
Klickt	636
Antworte	635
Posten	635
Schneiden	635
gehör	635
Dracula	635
ermordete	635
Jura	635
einsamer	635
lustiges	635
künstliche	635
Cape	635
außerordentlich	635
Falke	635
klappern	634
sarge	634
schwindlig	634
hingebracht	634
überstürzen	634
reingelassen	634
gattin	634
östlich	634
genauen	634
Labyrinth	634
währenddessen	634
töricht	634
lautlos	634
Zitat	634
abgehalten	634
hale	634
Sammeln	633
Gesteckt	633
piep	633
hingezogen	633
ty	633
unendliche	633
Antibiotika	633
Emil	633
gehn	633
Häftlinge	633
alternative	632
experte	632
drehst	632
austauschen	632
schnellen	632
sozialen	632
polizeichef	632
Psychiatrie	632
übergeschnappt	632
Heuchler	632
Jerusalem	632
Temperament	632
Umhang	632
zugeteilt	632
alarmanlage	632
Trefft	632
ozean	631
Akademie	631
Branche	631
überfordert	631
Hubert	631
wegrennen	631
Stiles	631
Monte	631
Ausziehen	630
riss	630
Soße	630
Basketball	630
naht	630
perfekter	630
courtney	630
filmstar	630
interne	630
verurteilung	630
umwelt	629
bearbeiten	629
fetter	629
Umweg	629
Cisco	629
evakuiert	629
urteilsvermögen	629
malone	629
christy	629
einzugehen	629
Zeus	629
kellner	628
Wolke	628
Wall	628
Umgang	628
springe	628
kapsel	628
simpel	628
erfolgreiche	628
impfstoff	628
bestechung	628
Cruz	628
weigere	628
Salvatore	628
Verschweigen	628
aktuellen	628
trauriger	628
empfunden	628
journalistin	628
Kasino	628
Titus	628
veranlasst	628
sicherung	628
Erfüllen	627
Kauft	627
fürst	627
minen	627
geheimes	627
weiterhelfen	627
fahrkarte	627
fortgehen	627
jared	627
aufgeführt	627
tiffany	627
Adrenalin	627
frühere	627
drittens	627
Fernando	627
Basis	626
gebet	626
Demonstration	626
Porsche	626
deaktiviert	626
vertritt	626
erklärst	626
liebevoll	626
umgedreht	626
Konversation	626
freundliche	626
perverser	626
Madeline	626
Traurigkeit	626
Wiederhole	625
Bass	625
kehre	625
Ming	625
Marks	625
Irrenhaus	625
dance	625
rechenschaft	625
bloßen	625
Zahle	624
Autogramm	624
Kompanie	624
klingel	624
jens	624
flirten	624
tausenden	624
blockieren	624
schwört	624
Verleiht	624
henrik	624
Schlucht	624
five	624
Clan	624
rechne	624
ungestört	624
stationiert	624
kriminelle	623
ausschließen	623
wechselt	623
erforschen	623
Angewohnheit	623
lyle	623
sonnenlicht	623
warfen	623
Darlehen	623
scheidet	623
josie	623
gestimmt	623
Opfern	622
Blaue	622
Sparen	622
Weiteres	622
Abdrücke	622
Kurve	622
gesunden	622
senatorin	622
Beethoven	622
vormittag	622
ratet	622
Johanna	622
verarsch	622
Sushi	622
Gehörst	621
Miete	621
busen	621
durchatmen	621
strike	621
Geschwätz	621
enorme	621
Leistet	621
antwortest	621
Bonbons	621
gequält	621
analyse	620
stopfen	620
übergabe	620
einlegen	620
instrumente	620
belassen	620
scharfen	620
hereinkommen	620
erschrickt	620
away	620
drückst	620
schmerzmittel	620
zurückzubringen	620
Unruhe	620
Kommandanten	620
fliegende	620
aria	620
direktorin	620
Bereiten	619
Prüfen	619
rente	619
platte	619
puste	619
täuscht	619
änderst	619
chow	619
gabrielle	619
atombombe	619
missverstanden	619
nels	619
unterdrückt	619
Erscheinen	618
ersatz	618
Gipfel	618
Galerie	618
Tinte	618
werke	618
Made	618
Annika	618
hallöchen	618
ct	618
freigegeben	618
blutgruppe	618
schliefen	618
Besiegen	617
blinden	617
ausdrücklich	617
Ungeschickt	617
te	617
beizubringen	617
angucken	617
Gewissheit	617
verbrennungen	617
Klarheit	617
diskutiert	617
kratzt	617
typische	617
Landes	616
Fürchten	616
Mordes	616
ungeheuer	616
Früchte	616
finanzieren	616
unteren	616
versammeln	616
info	616
gedeckt	616
vergewaltigen	616
chemikalien	616
gelaunt	616
bins	616
hawkins	616
Tell	616
entdeckten	616
zuversichtlich	616
powell	616
fettsack	616
gewillt	616
stinkst	616
Nennst	615
Lizenz	615
verwechseln	615
vergrößern	615
lebensformen	615
immernoch	615
cage	615
tuck	615
town	615
carolyn	615
zäh	615
liu	615
Abgang	615
anlage	614
aufstand	614
Student	614
hemden	614
besen	614
jazz	614
plans	614
auszudrücken	614
fußboden	614
gemeiner	614
imstande	614
Erfolgt	614
wahrhaftig	614
Besessenheit	614
schämt	614
zurückgegeben	614
Lanze	614
Erwischen	613
Ausländer	613
fürsten	613
Stiefmutter	613
yakuza	613
nichtmal	613
three	613
Metapher	613
aufgeht	613
starr	613
friss	613
aufreißen	613
lost	613
Razzia	613
Hellseher	613
putzfrau	613
Rosa	612
Kalender	612
verweigern	612
töne	612
wohlstand	612
Beatrice	612
alberto	612
holten	612
daryl	612
scherzen	611
modern	611
finanzen	611
Lunch	611
Tattoos	611
unterdrücken	611
Connecticut	611
please	611
straftat	611
aktuelle	611
Dolly	611
entzückt	611
unterbrechung	611
Knox	611
zugeschlagen	611
ethel	611
Angeles	610
Kaufe	610
japaner	610
spritze	610
Friseur	610
bevorzugen	610
Base	610
räum	610
köpfchen	610
ruhigen	610
weck	610
anhört	610
zusammenleben	610
durcheinandergerede	610
flynn	610
bevorzugt	610
Gedächtnis	609
wacht	609
Biss	609
feuert	609
profitieren	609
kaltes	609
dominic	609
Krug	609
imitiert	609
spurlos	609
mitgekommen	609
abbekommen	609
Wagner	609
gardner	609
langweilt	609
benji	609
musiker	608
Frequenz	608
adern	608
piepsen	608
grinsen	608
norris	608
Kolonien	608
errichtet	608
Mentor	608
Blues	608
orson	608
lucie	608
Diät	607
provozieren	607
lehnen	607
unzufrieden	607
beschämt	607
lästig	607
Spind	607
übernachtet	607
spanischen	607
Definition	607
Unordnung	607
yuri	607
mittendrin	607
optimistisch	607
Vergewaltiger	607
geschockt	607
gracie	607
verbrochen	607
stünde	607
beschlagnahmt	607
madeleine	607
einzelhaft	606
Bug	606
italienischen	606
frederick	606
löste	606
Apachen	606
Spezialisten	606
Tapferkeit	606
Zutaten	606
unsichtbare	606
zurückgerufen	606
samstagabend	606
unverständliches	606
Pesos	606
ursprünglichen	606
reihen	605
Sol	605
Resultate	605
alexis	605
klientin	605
sympathisch	605
verwöhnt	605
langweile	605
Ausruhen	604
konkurrenz	604
Kneipe	604
Sumpf	604
anstoßen	604
Bekanntschaft	604
joggen	604
rettest	604
finanziell	604
Depressionen	604
weitergeben	604
Schnecke	604
Linken	603
Apotheke	603
gedruckt	603
feindlichen	603
Rinder	603
chemische	603
baust	603
getraut	603
haarschnitt	603
Schneewittchen	603
gerry	603
Pariser	603
einmalig	603
vergeudet	603
Üben	602
Morde	602
Mitarbeiter	602
intelligenz	602
frucht	602
tomas	602
depressiv	602
comandante	602
eingebrockt	602
schreibmaschine	602
selig	602
entgangen	602
gelohnt	602
Notizbuch	602
wechselgeld	602
starrst	602
Gehöre	601
metall	601
Niere	601
Altar	601
objekte	601
ärzten	601
aufwecken	601
obdachlosen	601
göttliche	601
überlebte	601
merkwürdiges	601
Frankreichs	601
Rund	600
Fieber	600
Leiten	600
Tuch	600
Fahne	600
Chauffeur	600
zaubern	600
engagieren	600
vermitteln	600
Jacks	600
gefällst	600
festland	600
Rückgrat	600
Knoblauch	600
Mörders	600
Korridor	600
sugar	600
Countdown	600
blauer	599
Socke	599
Bettler	599
signore	599
Russe	599
forge	599
lopez	599
Salut	599
äußeren	599
grausame	599
cooles	599
olsen	599
Rezeption	599
rasiert	598
steigst	598
erreichte	598
dreizehn	598
Paolo	598
Penelope	598
sogenannten	598
verschwendest	598
donny	598
zulassung	598
abtreibung	598
planung	598
Territorium	598
Pope	598
Portemonnaie	598
affengeräusche	598
Extrem	597
Juden	597
Schaue	597
temperatur	597
Schale	597
beziehen	597
reinzukommen	597
explodierte	597
Newton	597
aufgespürt	597
Reaktionen	597
Maxwell	597
director	597
schaufel	596
braunen	596
bestechen	596
verärgern	596
management	596
schiffen	596
passte	596
erhöhe	596
zusammengearbeitet	596
hanson	596
geschweige	596
Puff	596
dämlicher	596
Mikrofon	596
adler	595
Kinn	595
chefs	595
physik	595
dosen	595
porno	595
absoluter	595
stadion	595
streben	595
durchstehen	595
verwundeten	595
aufgewühlt	595
luftwaffe	595
beschissenes	595
verkleidung	595
Scarlett	595
Intensivstation	595
schlinge	595
Mahlzeiten	595
Kugeln	594
lunge	594
oper	594
Einwohner	594
Rekord	594
tipps	594
handvoll	594
lehnte	594
stärksten	594
beweisstück	594
pretty	594
einzigartige	594
Pittsburgh	594
Stadium	594
stritten	594
Unsterblichkeit	594
karev	594
Dutzend	593
Testen	593
agentur	593
krach	593
pfeil	593
hinsehen	593
starte	593
liefere	593
ginny	593
erweckt	593
Kategorie	593
überwältigend	593
underwood	593
neelix	593
Explosionen	593
telefonzelle	593
plaza	593
Langsamer	592
sektor	592
gutmachen	592
angesagt	592
beschreibt	592
easy	592
fehlende	592
anständigen	592
Kurzem	591
Fische	591
Einkaufen	591
Afrika	591
frosch	591
Schwung	591
adele	591
häufiger	591
buh	591
anfängst	591
fandest	591
jaja	591
giftig	591
jarvis	591
hochwürden	591
Schnecken	591
einheimischen	591
unmögliche	591
weaver	591
freilassung	591
sonderbar	591
Fassade	591
Nachsehen	590
Grippe	590
Hülle	590
lehrte	590
seide	590
Scharfschützen	590
bewegte	590
Fotografen	590
Monika	590
cardassianer	590
ansiehst	590
freitagabend	590
legten	590
dewey	590
hartnäckig	590
bars	590
Bereuen	589
Berge	589
umschlag	589
Floh	589
Schaf	589
Zigarre	589
leichten	589
pistolen	589
paddy	589
sofortige	589
küstenwache	589
entsetzt	589
moe	589
edle	589
unbemerkt	589
religiöse	589
Plänen	589
wundervoller	589
Mozart	589
shelly	589
deprimierend	589
Onkels	589
Jade	589
Steuern	588
ente	588
gläser	588
Rohr	588
klatschen	588
städten	588
feinen	588
gönnen	588
bedankt	588
fi	588
Alexandra	588
Jacqueline	588
reddington	588
Hüter	588
jetzigen	588
dee	588
aufgeklärt	588
außenministerium	588
Verlasse	587
Überfallen	587
Umdrehen	587
gehörten	587
ausflippen	587
wheeler	587
adios	587
Oxford	587
lebensform	587
clint	587
anfasst	587
veranstaltet	587
umstellt	587
bezieht	587
besetzung	587
murdock	587
Cut	587
kriminell	587
Praktikum	587
Märtyrer	587
hall	586
Dom	586
Drache	586
kehrte	586
sonntags	586
blutest	586
paß	586
bogg	586
tapferen	586
nachtschicht	586
gebrochene	586
klebeband	586
Metzger	586
Marlene	586
gewöhnlichen	586
umarme	586
Philipp	586
leistungen	586
Tanzt	585
Verbrennen	585
ziege	585
löwe	585
schluchzen	585
bezeugen	585
meldete	585
Fitzgerald	585
Lesben	585
ehering	585
Uno	585
Strauss	585
großbritannien	585
aufsehen	585
Heu	585
Blauen	584
pfad	584
ecken	584
bedrohen	584
tabak	584
Schwarm	584
ziemlicher	584
mitteilung	584
aufgerissen	584
Sätze	584
gottverdammten	584
gelockt	584
erwägung	584
keen	584
Gunst	584
leichenschauhaus	584
widersetzen	584
geflüchtet	584
Stücke	583
Identifizieren	583
Distanz	583
geistern	583
schonen	583
Therapeut	583
hingehst	583
edlen	583
kaputte	583
Susanne	583
tokyo	583
Lordschaft	583
zuhört	583
finanziellen	583
camelot	583
Bäckerei	583
Kameras	582
verantworten	582
gehauen	582
ziemliche	582
bronx	582
originell	582
sicherheitssystem	582
elektronische	582
twilight	582
charlene	582
nahezu	582
sichtkontakt	582
Wenden	581
zurückbekommen	581
anrufst	581
Sportler	581
mutiger	581
Becker	581
det	581
Suchte	580
bock	580
korb	580
Literatur	580
inseln	580
trennt	580
Saga	580
entgeht	580
abläuft	580
timothy	580
beschwingte	580
lindsay	580
aufklärung	580
phantastisch	580
zane	580
haven	580
Gracias	580
Justine	580
Angestellte	579
gebildet	579
rast	579
blonden	579
Kobra	579
Spot	579
bewerbung	579
biologische	579
raffiniert	579
kapiere	579
Linus	579
Argentinien	579
harbor	579
Brachten	578
quartier	578
Hüfte	578
versäumt	578
zeitmaschine	578
weiterzumachen	578
beiß	578
verzögerung	578
Sprit	578
Berühren	577
Hafen	577
Wurf	577
ausweise	577
lenkt	577
recherchiert	577
malley	577
erfuhren	577
eingebaut	577
offener	577
geheimnisvoll	577
Geschöpf	577
unangebracht	577
schlüsse	577
eingefangen	577
Halts	577
bewährungshelfer	577
Verschwenden	576
transport	576
städte	576
durchdrehen	576
verständigen	576
folgten	576
erhebe	576
surfen	576
Hörner	576
fürchtest	576
Run	576
zweieinhalb	576
gebrochenen	576
mehrfach	576
Königs	575
Lese	575
skandal	575
Dolores	575
cox	575
vorlesung	575
berechnet	575
römische	575
auffällig	575
lenkrad	575
Engagement	575
amerikanerin	575
Harlem	575
jose	575
chakotay	575
fernzuhalten	575
technischen	575
Hassan	575
verschickt	575
studierte	575
frühjahr	575
Heiligabend	575
stellvertreter	575
Stahl	574
Affen	574
Müller	574
Routine	574
Umkreis	574
schleppen	574
erfassen	574
warteten	574
unvorstellbar	574
sichert	574
scheißt	574
space	574
zweifle	574
verbrannte	574
hähnchen	574
Exfrau	574
ehrgeizig	574
bewegst	574
verschüttet	574
Worten	573
zutritt	573
Ärmel	573
verbrechens	573
Whirlpool	573
atmung	573
kaltblütig	573
Handwerker	573
unangenehme	573
andernfalls	573
sonderlich	573
angefühlt	573
Vermeiden	572
Aussagen	572
streich	572
reif	572
elender	572
sound	572
begleichen	572
benachrichtigen	572
Prag	572
Frösche	572
herausfand	572
vega	572
vance	572
zärtlich	572
doe	572
jüdischen	572
steuerung	572
zeitschriften	572
Laufe	571
Tausch	571
Gärtner	571
Garantie	571
Anstand	571
weigern	571
angehörigen	571
verbockt	571
gewaltige	571
genesung	571
Auftraggeber	571
wanna	571
abgehört	571
Oregon	571
gecheckt	571
zusammenbruch	571
beachtet	571
united	571
Planen	570
Klauen	570
herbst	570
stamm	570
Knöpfe	570
Sprecher	570
global	570
warmen	570
wahlen	570
aufziehen	570
eagle	570
Logbuch	570
irgendwem	570
ausgenommen	570
Churchill	570
rankommen	570
relevant	570
tiefsten	570
einbildung	570
instabil	570
fühlten	570
hr	570
transportiert	570
Mönche	570
lina	570
Riggs	570
stacy	570
Beschuss	570
Fledermaus	570
Klingen	569
profil	569
bananen	569
hüften	569
stattgefunden	569
nell	569
lebeau	569
moss	569
Kgb	569
romantischen	569
blutig	569
Alliierten	569
mara	569
oberflächlich	569
sanders	569
Appetit	568
Weite	568
Techniker	568
Ausgabe	568
aufwachsen	568
ermöglichen	568
karton	568
hicks	568
orangensaft	568
unbekannter	568
thornton	568
ausgerutscht	568
Aurora	568
freundlicher	568
clary	568
Blog	568
mysteriösen	568
überwunden	568
Ära	568
eingefroren	568
großzügigkeit	568
einreichen	568
Kritik	567
anderswo	567
seinetwegen	567
ferguson	567
Zwilling	567
Deppen	567
verlangte	567
Genf	567
Trophäe	567
Lucia	567
Abschnitt	566
errichten	566
stapel	566
reduziert	566
ernährt	566
irgendjemandem	566
kaiserin	566
Reiste	566
lucrezia	566
therapeutin	566
Pfanne	566
Komma	566
Aussteigen	565
Kuppel	565
reste	565
anliegen	565
eliminieren	565
verstärken	565
adressen	565
themen	565
aufteilen	565
stillhalten	565
Freundlichkeit	565
stockholm	565
informiere	565
Konsul	565
Dante	565
gänge	565
irgendwen	565
unerhört	565
deutlicher	565
ausgeliehen	565
Prostitution	565
inoffiziell	565
motherfucker	565
glücklichste	565
erschreckend	565
fortschritt	564
hindernis	564
solo	564
schreck	564
verrotten	564
verwirren	564
flugplatz	564
friedliche	564
furchtbarer	564
erkältet	564
boyle	564
Nadine	564
slim	564
angestellter	564
Anomalie	564
bestimme	564
off	564
provoziert	564
allgemeinen	563
image	563
zigarren	563
siehe	563
herauskommen	563
Gräber	563
savage	563
heh	563
jedesmal	563
bajor	563
angepasst	563
übertreib	563
schweinchen	563
herbei	563
Betreten	562
käufer	562
nachgehen	562
soziale	562
vieler	562
dastehen	562
mengen	562
silvester	562
ahnte	562
Dirk	562
Fläschchen	562
sams	562
kotze	562
übt	562
Lupe	562
Stanford	562
zerstöre	562
Jerome	562
schöpfung	562
Todes	561
Konflikt	561
Turnier	561
Taube	561
Mais	561
Trieb	561
berufen	561
tische	561
wasche	561
einhalten	561
schossen	561
Soul	561
verschlafen	561
Indiana	561
verdoppelt	561
entschuldigungen	561
inakzeptabel	561
Prioritäten	561
Bryan	561
dominion	561
jem	561
Karate	561
unterschreib	561
Clinton	561
Feder	560
design	560
Louisiana	560
fat	560
komplizierte	560
alain	560
vorrat	560
Wanne	559
Dauer	559
jüngeren	559
immobilien	559
industries	559
entfernte	559
Katja	559
Bücherei	559
fallschirm	559
laurent	559
Fusion	559
Angeboten	558
anhänger	558
Fach	558
strahlen	558
Komplize	558
haie	558
Witzbold	558
drecksarbeit	558
schiedsrichter	558
spezialisiert	558
Innern	558
verschlüsselt	558
Chirurgie	558
festzustellen	558
harlan	558
kern	557
business	557
privates	557
streiche	557
wänden	557
erwecken	557
senken	557
Schweinerei	557
anzuhören	557
überprüf	557
Seelen	556
Steine	556
Schlamm	556
gucke	556
abreißen	556
hartes	556
spart	556
fahrzeuge	556
überprüfung	556
Florenz	556
blanche	556
maddie	556
getauscht	556
verübt	556
blutige	556
Galaxien	556
Homo	556
slade	556
Stange	555
zähl	555
strecken	555
gegeneinander	555
ausfüllen	555
chapman	555
america	555
zerbrechlich	555
palm	555
basta	555
Leser	555
woods	555
Prototyp	555
wider	555
liebenswürdig	555
Gewohnheiten	555
Ruhen	554
Gepäck	554
burg	554
schneider	554
Schwänze	554
kapital	554
anwenden	554
Säure	554
chaotisch	554
moran	554
Call	554
Besorgnis	554
grundschule	554
Telefonieren	553
Datei	553
direkten	553
extreme	553
einzeln	553
aufwärmen	553
verheiratete	553
Sauce	553
verwandter	553
fröhliches	553
mmh	553
herrliche	553
lächerliche	553
dutch	553
Heirate	552
münze	552
stinken	552
freiem	552
zustoßen	552
zerschlagen	552
herzchen	552
eineinhalb	552
verbrachten	552
Igor	552
sexueller	552
spaßig	552
yep	552
Intuition	552
Traditionen	552
game	552
lad	552
Spring	551
Uni	551
schichten	551
vorgetäuscht	551
lehnt	551
Samson	551
verhungere	551
burton	551
Pyjama	551
verurteile	551
Wachtmeister	551
dunkles	551
abgeschlachtet	551
tätowierung	551
Fakten	550
Informieren	550
Jugend	550
Ansprüche	550
Ruinen	550
kommenden	550
hoffman	550
verstummt	550
Panama	550
Benzin	549
schenke	549
kondome	549
winde	549
begeht	549
vorurteile	549
militärischen	549
verpissen	549
edler	549
Tablett	549
geblasen	549
hergeholt	549
beratung	549
behaltet	549
Zigaretten	548
produkt	548
beck	548
decker	548
zeilen	548
granate	548
tapferer	548
offenbarung	548
Motive	548
Unannehmlichkeiten	548
village	548
verfickten	548
behauptete	548
wertvolles	548
niki	548
Hierbleiben	547
tafel	547
Antrieb	547
Parade	547
dulden	547
abendbrot	547
übermitteln	547
spielplatz	547
auszusehen	547
wiehert	547
basil	547
spezielles	547
flüchtigen	547
dringt	547
verkraften	547
unglaublichen	547
schwuler	547
hob	547
Pfleger	547
dermaßen	547
ruder	546
orange	546
Araber	546
anteile	546
rauben	546
allgemein	546
benson	546
hindert	546
gespendet	546
Lire	546
erstaunliche	546
patterson	546
begreift	546
Marionette	546
backbord	546
Drittel	545
blas	545
inn	545
benehmt	545
Buenos	545
erwähnten	545
gestohlene	545
Medaillon	545
streifenwagen	545
Pascal	545
Romanze	545
shelley	545
javier	545
untergebracht	545
Kahn	545
scht	545
ehemänner	545
Drang	544
Sturz	544
becken	544
jüngere	544
sechsten	544
reichte	544
höhlen	544
kraftfeld	544
unbesiegbar	544
Horst	544
beinah	544
schneit	544
versenkt	544
wärest	544
Erika	544
toi	544
stromausfall	544
zielscheibe	544
Wohnst	543
Hans	543
Ergebnis	543
verhör	543
schnarchen	543
bird	543
eingejagt	543
que	543
kundin	543
enzo	543
riech	543
su	543
entscheidende	543
Zeugs	543
lorraine	543
auszusprechen	543
dichter	542
angaben	542
Gerard	542
dani	542
Our	542
emotionalen	542
Kommentare	542
Parfum	542
Roms	542
glücksspiel	542
Innen	541
Masse	541
aussetzen	541
geburtstagsparty	541
Cadillac	541
herausgestellt	541
beeinträchtigt	541
feel	541
eingetragen	541
Sprünge	541
Joker	541
Torpedos	541
xavier	541
Belgien	541
Rouge	541
Darius	541
Hypnose	541
Verhandeln	540
Inneren	540
Terrorist	540
säubern	540
misstrauen	540
konfrontiert	540
gezielt	540
ultimative	540
weggeschickt	540
regierungen	540
erdnüsse	540
missy	540
spritztour	540
kopfgeldjäger	540
Diamanten	539
hungern	539
einladungen	539
chicken	539
hawk	539
Quarterback	539
Glatze	539
vergeblich	539
mäuschen	539
eingeliefert	539
kerlchen	539
Euro	538
Segel	538
terror	538
beugen	538
Unentschieden	538
Ausverkauft	538
viermal	538
fargo	538
zugenommen	538
Migräne	538
eddy	538
rothaarige	538
Memphis	538
aufgetragen	538
runtergehen	538
seen	538
Amnesie	538
einzustellen	538
bedeutest	538
Steaks	538
telefonbuch	538
vorführung	538
cheese	538
winkel	537
torte	537
austausch	537
falten	537
saugen	537
walden	537
angefordert	537
royce	537
Heinz	537
Hexerei	537
sündenbock	537
Eindringlinge	537
verhältst	537
Bosse	537
abzugeben	537
Ice	537
genetisch	537
anständiges	537
lächelst	537
davina	537
wochenenden	537
augenbrauen	537
unverändert	537
wuchs	536
bohren	536
versteckten	536
gebäudes	536
kippen	536
gleicht	536
schleicht	536
unterbewusstsein	536
nat	536
sehne	536
Schilling	536
schluß	536
verschrieben	536
Anschauen	535
Material	535
füllt	535
bestohlen	535
heiliges	535
verstopft	535
Kürbis	535
Grausamkeit	535
Makler	535
ausgerastet	535
geräumt	535
Stellst	534
Einfallen	534
hänge	534
Bucht	534
zuschauen	534
abstimmen	534
deaktivieren	534
rück	534
begehrt	534
gange	534
Santiago	534
Schnur	534
garth	534
len	534
foundation	534
death	534
kaputten	534
rüberkommen	534
senor	534
lizzy	534
Kommandeur	534
Geschirr	533
bull	533
jubelt	533
Copyright	533
Ursula	533
mitgekriegt	533
perkins	533
Kakerlaken	533
durchdacht	533
westlichen	533
waschmaschine	533
Shorts	533
sehn	533
Dora	533
ausgänge	533
moralisch	533
krönung	533
Instinkte	533
Rächen	532
Begrüßen	532
beunruhigen	532
scheren	532
vollem	532
blinder	532
hü	532
vernon	532
hierhergekommen	532
geborene	532
ausgebucht	532
mitkommst	532
Irrsinn	532
unterhalb	532
tok	532
vors	532
Jackett	532
geraubt	532
Ständer	532
Luna	532
Überraschen	531
Elefant	531
Gewebe	531
direkte	531
auffliegen	531
vormachen	531
Rolf	531
hingefallen	531
jorge	531
Waffeln	531
korrupt	531
ba	531
Kentucky	531
Nevada	531
cap	531
Illinois	531
wies	531
trainiere	531
bloom	531
Störe	530
Filmen	530
Maschinen	530
ufer	530
Wechsel	530
lehrt	530
raquel	530
eiscreme	530
Heimweh	530
four	530
spionin	530
behielt	530
einstecken	530
Franco	530
wiedergeboren	530
festgelegt	530
Models	530
Graben	529
Auftauchen	529
Springt	529
Terroristen	529
Vulkan	529
effektiv	529
nord	529
auskommen	529
steinen	529
besorgte	529
leidest	529
blood	529
Shanghai	529
trent	529
Brüssel	529
vorgeschichte	529
ninja	529
großvaters	529
Sabrina	529
rausschmeißen	529
Verleger	529
genetische	529
erlitt	529
Bekämpfen	528
Lärm	528
scheibe	528
konferenz	528
länder	528
andeuten	528
anschein	528
aufsteigen	528
parks	528
anstrengen	528
darstellt	528
wohlauf	528
allmächtiger	528
verrecken	528
weston	528
treppenhaus	528
leland	528
rauskommst	528
Betrachten	527
bindet	527
alternativen	527
springfield	527
sunny	527
spence	527
Wangen	527
aubrey	527
luc	527
gehirnwäsche	527
brothers	527
Stalker	527
erdnussbutter	527
gallagher	527
arnie	527
antut	527
diagnose	526
Beschwerde	526
schweben	526
staunen	526
lagern	526
sinnen	526
bremse	526
dot	526
gespeichert	526
grauenhaft	526
beobachtete	526
wegzulaufen	526
wiederfinden	526
sinnvoll	526
ostküste	526
historischen	526
Scheich	526
Bergen	525
Vögeln	525
frost	525
kabine	525
ähnlichen	525
aufgeschlitzt	525
sanchez	525
Republikaner	525
gottesdienst	525
weis	525
charly	525
Türkei	525
vollständige	525
Gebieter	525
Amerikanern	525
schmutziges	525
intelligente	525
getauft	525
Soda	525
einsatzbereit	525
Verbinden	524
mail	524
bestell	524
rande	524
borgen	524
verliehen	524
untersuche	524
robbins	524
Konsulat	524
marta	524
nimmer	524
aufgeflogen	524
geburtstagsgeschenk	524
micki	524
fleming	524
rotwein	524
tausendmal	524
fuller	524
great	524
Steck	523
Initiative	523
Pulver	523
zerreißen	523
zeugnis	523
äußere	523
Gatten	523
sauberen	523
berechtigt	523
Gunsten	523
gefrühstückt	523
taschengeld	523
robby	523
herzanfall	523
downtown	523
wirbelsäule	523
Hunderte	522
bunker	522
löffel	522
produkte	522
misch	522
curt	522
Flyer	522
reservierung	522
Gelübde	522
blutigen	522
carroll	522
Notwendigkeit	522
rover	522
rücksichtslos	522
malik	522
vermutungen	522
dwight	522
Besitzen	521
flagge	521
kongress	521
schirm	521
verdoppeln	521
verstört	521
zahlung	521
Inspektion	521
kennenlernte	521
sauberes	521
Amulett	521
neuerdings	521
zusteht	521
remington	521
vergossen	521
wörtlich	521
bereust	521
Beschreiben	520
Pier	520
gewirkt	520
reiben	520
erziehen	520
streife	520
volles	520
Kontinent	520
schweinehund	520
university	520
straßenseite	520
geniale	520
untertitelung	520
Ignorieren	519
tabu	519
angekündigt	519
Meyer	519
erfand	519
treuer	519
blüht	519
Beule	519
church	519
sprachlos	519
scan	519
Außen	518
Pullover	518
Spitzel	518
erweitern	518
düster	518
Manuela	518
emmett	518
logische	518
tapfere	518
barrett	518
Anwälten	518
geschäftliches	518
widersetzt	518
meth	518
Wilde	517
mode	517
Beamte	517
banks	517
astronauten	517
geklopft	517
wright	517
begrüßung	517
dauerhaft	517
älterer	517
Kanzler	516
ziegen	516
autoren	516
jeremiah	516
ehen	516
repariere	516
irving	516
Docks	516
überarbeitet	516
jagte	516
Dörfer	516
ungefährlich	516
webber	516
versorgung	516
angenehmer	516
Hubschrauber	515
wirtschaft	515
auflösen	515
verschonen	515
backe	515
trey	515
leila	515
verstreut	515
spuckt	515
deep	515
Bagdad	515
wale	515
tagesanbruch	515
subbed	515
interessierst	515
berührte	515
polizeiarbeit	515
interessierte	515
stottert	515
beworben	515
vorziehen	515
Konto	514
seife	514
zwerg	514
türglocke	514
abgeriegelt	514
Weilchen	514
cary	514
Ruck	514
drückte	514
offenes	514
Wikinger	514
abserviert	514
Gebührt	514
padre	514
Freie	513
Haken	513
Militär	513
herrscher	513
losfahren	513
nadeln	513
beschränkt	513
nigga	513
Frankfurt	513
antiker	513
mikrowelle	513
herkommst	513
umgekommen	513
Coup	513
mülleimer	513
Malibu	513
entwickelten	513
buzz	513
getrennte	513
schalter	512
Nachfrage	512
wärmer	512
groll	512
Manöver	512
schauspiel	512
verehrt	512
Vers	512
wag	512
schenkst	512
Empire	512
zac	512
sicherste	512
fehlenden	512
Dummerchen	512
bleistift	512
alejandro	512
gänsehaut	512
magisch	512
Erwähnen	511
Tipp	511
Reißen	511
koks	511
Glanz	511
Fähre	511
einfangen	511
engen	511
jungfrauen	511
ereignissen	511
ahoi	511
freundlichen	511
üblen	511
gebrannt	511
verkündet	511
Skipper	511
Logo	511
lover	511
flachgelegt	511
leroy	511
abgesucht	511
verblutet	511
Gerüchten	511
örtliche	511
Berichte	510
Kram	510
Umziehen	510
kammer	510
verantwortlichen	510
verpfiffen	510
Rosalie	510
wegzukommen	510
express	510
mitzukommen	510
berühre	510
blutvergießen	510
weigerte	510
Puzzle	510
diaz	510
pure	510
erwähne	510
gesündigt	510
Kassette	509
mischt	509
aufwachte	509
abheben	509
Picasso	509
streitkräfte	509
bedeutungslos	509
Psychopathen	509
krankes	509
Ruinieren	508
transporter	508
Kandidat	508
Klempner	508
Schlauch	508
tippen	508
fügen	508
siebten	508
well	508
klicken	508
jüdische	508
zornig	508
lili	508
heiratsantrag	508
ole	508
bestochen	508
beweismaterial	508
coleman	508
religiös	508
vermittelt	508
Arche	508
fliegenden	508
motiviert	508
schlank	508
Heben	507
becher	507
Schöpfer	507
seins	507
wiegen	507
ausrauben	507
lorenzo	507
Befugnis	507
lockhart	507
johan	507
regst	507
beau	507
verhext	507
todesurteil	507
kaiserliche	507
besorgst	507
forschungen	507
allie	507
auszuziehen	507
Rutscht	507
Koch	506
zweier	506
ausgetrickst	506
auszugeben	506
clive	506
why	506
zurückzugeben	506
verzaubert	506
coop	506
interessanten	506
Kriegte	506
Fakt	505
Bänder	505
immun	505
boulevard	505
überquert	505
ergangen	505
coco	505
untergeht	505
kunstwerk	505
Bodyguard	505
behinderung	505
Kamm	505
verwandlung	505
antike	505
Mitmachen	504
Tauschen	504
Arbeitgeber	504
galgen	504
verfügen	504
jemandes	504
regenbogen	504
verursachte	504
Zürich	504
Chinatown	504
Nottingham	504
Pate	504
inszeniert	504
vorenthalten	504
Einstellen	503
Reagieren	503
Verwandeln	503
Senden	503
einberufen	503
ablaufen	503
zwecke	503
beidem	503
außergewöhnliches	503
Beteiligten	503
neville	503
angus	503
übungen	503
mittelalter	503
Skript	503
Simulation	503
stockwerke	503
circa	503
überlässt	503
starling	503
feng	503
geschadet	503
geldbeutel	503
Parker	502
Anhören	502
allianz	502
Ballon	502
Horizont	502
lampen	502
endes	502
glücksbringer	502
Adolf	502
fowler	502
vargas	502
Motivation	502
abwesend	502
Gunnar	502
Viper	502
zerquetscht	502
stetson	502
Pisser	502
konferenzraum	502
declan	502
weitergegeben	502
Japan	501
Hinsetzen	501
lokal	501
sklave	501
honig	501
Fracht	501
Struktur	501
Kerker	501
listen	501
äußern	501
biegen	501
malte	501
draufgehen	501
davey	501
whoo	501
castiel	501
Unverschämtheit	501
Plattform	501
mexikanischen	501
Phyllis	501
Kripo	501
Schalten	500
Gewöhnen	500
Christ	500
zurückverfolgen	500
ausbrechen	500
speisen	500
verfallen	500
gittern	500
benachrichtigt	500
beunruhigend	500
vernachlässigt	500
schnellsten	500
Küken	500
could	500
Yacht	500
Kutscher	500
lagerraum	500
Olaf	500
Ferrari	500
Helga	500
Lernte	499
Birne	499
kauen	499
erwachen	499
lichts	499
bluebell	499
give	499
Stalag	499
ripper	499
wissenschaftlichen	499
demnach	499
really	499
Planänderung	499
leichtsinnig	499
dreckiges	499
jennings	499
zufälligerweise	499
verpasste	499
Gesetzen	499
Zweiter	498
Schieben	498
Weich	498
vertreter	498
Eingriff	498
packst	498
standard	498
Aufseher	498
jugendamt	498
Horde	498
Reisende	498
Darwin	498
Schmetterlinge	498
buchanan	498
mutige	498
doppelgänger	498
kinderzimmer	498
stacey	498
Drachen	497
Bruch	497
auswählen	497
Gesindel	497
vorwarnung	497
Astrid	497
wählerisch	497
beschleunigt	497
Charleston	497
einschätzung	497
best	497
vorspielen	497
dorfbewohner	497
superheld	497
Stationen	497
Beihilfe	497
Erlöst	497
Unkraut	497
Hexen	496
Plastik	496
Leder	496
Schmutz	496
kassieren	496
totes	496
drittes	496
beheben	496
lappen	496
nutzte	496
flüchtig	496
verheirateten	496
pearson	496
Sierra	496
forbes	496
ruinierst	496
Kaplan	496
pepper	496
ms	496
then	496
auszusagen	496
ehepaar	496
Doppelt	495
türken	495
objektiv	495
gefordert	495
zumute	495
vorliebe	495
kathryn	495
Iwan	495
about	495
denny	495
durchgebrannt	495
Paranoia	495
Ai	495
Zivilisationen	495
vous	495
erstmals	495
Taschen	494
Hauses	494
Leihen	494
Scheiden	494
duft	494
schein	494
symbole	494
verübeln	494
erleuchtung	494
erfolgreicher	494
schäm	494
irgendwoher	494
unterhalt	494
Vormund	494
Kommunist	494
hobbs	494
draper	494
hinterlasse	494
wundervolles	494
feuerwehrmann	494
kopfhörer	494
Warne	493
reduzieren	493
vermieten	493
ausweichen	493
leckt	493
trittst	493
Austern	493
abgefangen	493
zugreifen	493
Musical	493
charming	493
Delphine	493
webster	493
griechischen	493
zerstörten	493
entschädigung	493
Sklaven	492
Dreier	492
Gruß	492
Geige	492
einnahmen	492
pumpen	492
pfeile	492
betrinken	492
längere	492
expertin	492
via	492
uhm	492
handle	492
palace	492
Gatte	492
überblick	492
keep	492
lebensstil	492
eingetreten	492
vertauscht	492
weltmeister	492
wesentliche	492
Deals	492
Gesamten	491
Stille	491
Archiv	491
Hacker	491
ernten	491
erleichtern	491
springs	491
Gruft	491
handbuch	491
savannah	491
too	491
Maine	491
heirateten	491
milde	491
Perfektion	491
haufenweise	491
wissenschaftlich	491
Walters	491
jessi	491
Überfall	490
ernte	490
kamin	490
weste	490
Bandit	490
Nerv	490
comics	490
maximal	490
gehirns	490
kaufhaus	490
erweist	490
zusammengebrochen	490
Fakultät	490
leitete	490
Möpse	490
überfällig	490
Luzifer	490
beantragt	490
präsentiere	490
französischer	490
dringende	490
empfand	490
angestarrt	490
schlagzeile	490
Genies	490
moira	490
genannten	490
streichholz	490
Favorit	490
Linke	489
Schwäche	489
Couch	489
dose	489
spitzen	489
poltern	489
erfreuen	489
gnädiger	489
hold	489
Verwalter	489
forderung	489
ehefrauen	489
tragische	489
Organismus	489
Potential	489
schnellstens	489
kontrolliere	489
hingehe	489
klemme	488
Gebot	488
kochst	488
schülern	488
darren	488
gewehrt	488
vorladung	488
himmlisch	488
sowjetunion	488
verheilt	488
sicheres	488
misshandelt	488
unterbringen	488
abgereist	488
lebensversicherung	488
Part	488
bürgermeisters	488
aufgeweckt	488
Beweist	487
formel	487
spinne	487
Deckel	487
Schwamm	487
Container	487
horror	487
friedens	487
tick	487
verwundbar	487
gekonnt	487
erbaut	487
sagtet	487
Memo	487
beleidigend	487
vergnügt	487
abgebrannt	487
geistige	487
rückendeckung	487
Mcdonald	487
Agents	487
haustiere	487
geeinigt	487
Hansen	487
Leere	486
Trinkst	486
gitter	486
kaisers	486
schnelles	486
durchbrechen	486
grüner	486
Penthouse	486
cassandra	486
brauchtest	486
Masche	486
Vampiren	486
Montreal	486
angenehmen	486
dope	486
serge	486
erhofft	486
rauskomme	486
sterblichen	486
esszimmer	486
Stalin	486
minnie	486
außenwelt	486
Eingehen	485
Greift	485
sekte	485
ignoriere	485
Patriot	485
Vögelt	485
gehaltserhöhung	485
everett	485
ss	485
verblüffend	485
Ferdinand	485
erlaubte	485
sitzungen	485
Erbsen	485
kreuzfahrt	485
servus	485
chcyan	485
dea	485
Illusionen	485
augenzeugen	485
ärztliche	485
Atem	484
welle	484
nazi	484
sende	484
schiffs	484
Krypton	484
einsetzt	484
would	484
Homeland	484
auszuführen	484
triebwerke	484
verabreicht	484
App	484
lisbon	484
anerkannt	484
cobb	484
ko	484
anstarren	484
emilio	484
Anstellen	483
Milliarden	483
Dunkeln	483
fischer	483
lehre	483
schrott	483
Schweiß	483
Briggs	483
katholisch	483
Barcelona	483
luisa	483
geiler	483
Wachstum	483
Donut	483
Zufriedenheit	483
wood	483
vicki	483
Bowling	483
lawson	483
beitreten	483
physisch	483
maße	483
gewundert	483
st	483
speisekarte	483
zurückschicken	483
Entwickeln	482
Schämen	482
Durchsuchen	482
Rollen	482
waisen	482
lachte	482
enten	482
Bescheidenheit	482
verbrenne	482
übersee	482
Jesu	482
ori	482
Londoner	482
trauriges	482
schutzengel	482
Yankee	482
siedlung	482
Tricks	481
Sünden	481
raub	481
Instrument	481
Eigenschaft	481
hochzeitsreise	481
jace	481
sayid	481
wahrhaft	481
betreibt	481
höllisch	481
überreichen	481
piggy	481
ching	481
elternteil	481
ay	481
medizinisches	481
barrow	481
Swan	481
Skalpell	481
Abmarsch	481
verteidige	481
Floß	481
Räumen	480
Lerne	480
entziehen	480
schmuggeln	480
motoren	480
geistigen	480
Tournee	480
entzündet	480
Porträt	480
angeschrien	480
seavers	480
sauberer	480
passenden	480
jenes	480
schockierend	480
eliot	480
plötzliche	480
Saloon	480
ops	480
Hinweise	479
Ausreden	479
ausfallen	479
bakterien	479
feindes	479
vorgelesen	479
yuki	479
Rafael	479
tyson	479
League	479
spucke	479
seymour	479
unglaubliches	479
Pinguin	479
Lords	479
sterbenden	479
anfühlen	479
Jahres	478
Bedanken	478
Ritt	478
Cheeseburger	478
schlappschwanz	478
lapd	478
täten	478
Strümpfe	478
holden	478
Cookie	478
ade	478
kleinstadt	478
justizministerium	478
verborgenen	478
Harald	478
Grade	477
karre	477
Stoß	477
improvisieren	477
tanken	477
einschüchtern	477
berechnen	477
befördern	477
streicheln	477
offenbart	477
abfindung	477
hausarbeit	477
lautete	477
Cocktails	477
nervenzusammenbruch	477
vierzig	477
waschbecken	477
dümmste	477
Francesca	477
Szenario	477
rip	477
Jahrgang	477
Haube	477
Claus	477
Stecke	476
Patrouille	476
Gewitter	476
hinteren	476
rollt	476
room	476
verfolgst	476
russischer	476
Lambert	476
verwende	476
jeb	476
Eskorte	476
gebumst	476
feen	476
solomon	476
alberne	476
Nippel	476
Cheerleader	476
Pc	476
medizinisch	476
zusammenreißen	476
bekloppt	476
vollbringen	476
wiedergutmachung	476
Pasta	476
Studieren	475
Duschen	475
Enger	475
gehirne	475
pfeffer	475
nachgeben	475
stau	475
schlimmere	475
edna	475
reyes	475
andersrum	475
unverletzt	475
langweilige	475
kluges	475
barton	475
schmilzt	475
stinksauer	475
schwesterchen	475
psychologische	475
clare	475
neigt	475
Hebamme	475
verteidigungsministerium	475
Medaille	474
wiehern	474
erkenntnis	474
schwarzmarkt	474
vollendet	474
ausgehalten	474
Inder	474
lächerlichen	474
vortäuschen	474
vorgeben	474
saunders	474
sterbt	474
tollste	474
verträgt	474
unmittelbar	474
erhängt	474
hinab	474
albernen	474
grässlich	474
aufgibt	474
Versehen	473
Positiv	473
Anschluss	473
verschließen	473
western	473
lern	473
Legion	473
Dimitri	473
gekränkt	473
Gelegenheiten	473
beabsichtigt	473
kostenlose	473
Alltag	473
gebadet	473
einwandfrei	473
zusammengeschlagen	473
schlampig	473
Glückwünsche	473
shadow	473
Alabama	473
attraktive	473
umbrachte	473
Kolumbien	473
forrest	473
zurückzubekommen	473
fitnessstudio	473
Existieren	472
Proben	472
Beschissen	472
fotze	472
Pirat	472
solide	472
schicksals	472
Item	472
behaupte	472
wichtigere	472
freiraum	472
verjagt	472
crusher	472
Prometheus	472
schmoren	472
Komplimente	472
Fässer	472
Oklahoma	472
Krokodil	472
Botschaften	472
music	472
hola	472
ehrlichen	472
Gewinne	471
Personal	471
Fällen	471
Wecken	471
Kurt	471
logik	471
Zeile	471
scheiben	471
schleifen	471
unpassend	471
ausgegraben	471
bellamy	471
auszusetzen	471
übergang	471
addison	471
ankündigung	471
gewöhn	471
Silvia	471
burkhalter	471
religiösen	471
selbstverteidigung	471
Storm	471
angesteckt	471
bedauerlicherweise	471
auserwählte	471
pipi	471
eliminiert	471
leah	471
Neger	470
Sessel	470
buchen	470
leiste	470
kurzes	470
rene	470
tate	470
byron	470
philly	470
erlaubst	470
cohen	470
größtenteils	470
darstellung	470
stattgegeben	470
Reißverschluss	470
Entschlossenheit	470
seltenen	470
kameramann	470
cuddy	470
Rekruten	470
eingeweiht	470
esteban	470
Glied	470
Nähern	469
Decken	469
Sinne	469
anfall	469
Aufstieg	469
angebote	469
zusammenkommen	469
wechsle	469
Kolumne	469
betrunkenen	469
schlaue	469
Minnesota	469
aziz	469
Maryland	469
lungenentzündung	469
ingenieur	468
flamme	468
Abfall	468
Länge	468
anfange	468
kick	468
dankt	468
armeen	468
Ricardo	468
psychisch	468
Zebra	468
sogenannte	468
Missionen	468
hausmädchen	468
dogs	468
wales	468
eingeleitet	468
rumgemacht	468
auszulöschen	468
läge	468
tasha	468
landstreicher	468
rechtmäßig	468
Jahrzehnten	468
Psychologen	468
mustafa	468
della	468
dokument	467
langsame	467
Nathalie	467
Flanke	467
lyla	467
ersparnisse	467
einzumischen	467
dillon	467
joanna	467
tonight	467
Südafrika	467
Brigitte	467
boone	467
teilzunehmen	467
scher	467
heights	467
Widerrede	467
Snacks	467
Ratten	466
August	466
Wunden	466
Provinz	466
abdrücken	466
lokale	466
ernährung	466
vorfälle	466
Wahnvorstellungen	466
schnappe	466
bequemer	466
Popmusik	466
Hoden	466
aufdringlich	466
staatsanwältin	466
abstoßend	466
Bataillon	466
japp	466
energiequelle	466
Widerspruch	466
free	466
betrunkene	466
geschubst	466
machs	466
griechisch	466
Schließ	465
hase	465
Effekt	465
glaubens	465
Ungarn	465
pscht	465
homosexuell	465
aufregende	465
Diabetes	465
schnieft	465
verbittert	465
Herausforderungen	465
lebensgefahr	465
agency	465
gladys	465
schnall	465
historische	465
moralischen	465
Bmw	465
verwüstet	465
strafen	464
gehorsam	464
ski	464
grabstein	464
Reh	464
Präsenz	464
erkundigt	464
angegeben	464
wahrnehmung	464
gepflegt	464
hautfarbe	464
newkirk	464
geschwächt	464
vice	464
Ballett	463
Luder	463
beantragen	463
muscheln	463
texte	463
willens	463
bissen	463
abbiegen	463
zugerichtet	463
öffnung	463
Muffins	463
heikel	463
Visitenkarte	463
betrat	463
allmächtigen	463
Jahrzehnte	463
rebekah	463
Odysseus	463
schöneres	463
geschlossenen	463
gewickelt	463
Leopold	463
chin	463
erhört	463
frustrierend	463
forderte	463
anleitung	463
Beinen	462
Alibi	462
Damm	462
Laser	462
Behörde	462
fernen	462
frühe	462
rohre	462
packte	462
kleinsten	462
vergiß	462
Massachusetts	462
Slip	462
Mustang	462
zeke	462
some	462
tröstet	462
bemühe	462
untreu	462
lmmer	462
Ziele	461
Brennen	461
initialen	461
zahlte	461
Odin	461
verhalte	461
teilhaben	461
liebenswert	461
Jackpot	461
aufstellung	461
baba	461
lillian	461
Morgana	461
mallory	461
guttun	461
chung	461
diene	461
entzogen	461
smallville	461
Pazifik	461
Schwarzer	460
Ersetzen	460
annahme	460
Tugend	460
hintergehen	460
abzeichen	460
zielt	460
gesamtes	460
vordertür	460
angefleht	460
Panther	460
anzuschließen	460
nördlichen	460
junggeselle	460
ertränken	460
manning	460
schickes	460
gänzlich	460
Lieferanten	460
hopkins	460
carlton	460
mother	460
Juli	459
Verfahren	459
hüte	459
Orchester	459
Senf	459
ren	459
kulturen	459
anmelden	459
unerwartete	459
halsband	459
strömung	459
beweismittel	459
Petrus	459
geborgen	459
bien	459
Pfennig	459
erfolgreichen	459
abgekriegt	459
wertvoller	459
gefürchtet	459
verfluchtes	459
witzige	459
Orlando	459
marschiert	459
heftige	459
leckeres	459
rumstehen	459
aufregendes	459
Garden	459
Camp	458
studie	458
busch	458
Hörer	458
kurse	458
griffen	458
ausstellen	458
anwesenden	458
around	458
herzstillstand	458
wahnsinniger	458
artig	458
publicity	458
Iq	458
pas	458
bevorsteht	458
diebin	458
verzerrt	458
Reinheit	458
anrühren	458
Orten	457
Hitze	457
demokratie	457
ranger	457
Tornado	457
demütigung	457
Detektive	457
überspringen	457
Kapuze	457
Britta	457
kostbare	457
Fund	457
repräsentiert	457
sulu	457
zahlreiche	457
Gewand	457
einspringen	457
Ungeziefer	457
Meldet	456
Trocken	456
Schreibst	456
cowboys	456
besuchst	456
Wdr	456
verpackt	456
brennenden	456
family	456
lime	456
franky	456
Momenten	456
Bangkok	456
kindchen	456
bum	456
officers	456
alldem	456
verstorbene	456
corey	456
Heulen	455
segnen	455
krallen	455
Spezialist	455
füttere	455
bliebe	455
Darsteller	455
Proviant	455
chu	455
Gesichtern	455
versprachen	455
ka	455
Klischee	455
dude	455
übertroffen	455
anfingen	455
gaston	455
moriarty	455
effizient	455
Eitelkeit	455
Unruhen	455
selma	455
escobar	455
Geheime	454
Begleiter	454
Ober	454
Knabe	454
Maß	454
Räder	454
ostern	454
schmelzen	454
erdbeeren	454
Marx	454
hazel	454
ausgangssperre	454
bestätige	454
adama	454
eintrifft	454
revoir	454
anheuern	454
versetzung	454
zündung	454
eingeführt	454
riskierst	454
Jahrmarkt	454
aufgegessen	454
abed	454
Therese	454
armselig	454
größerer	454
Schmuck	453
garderobe	453
Aquarium	453
wasserfall	453
ständige	453
davongekommen	453
aufgesetzt	453
halblang	453
lest	453
spielfeld	453
strohsack	453
bademantel	453
schießpulver	453
mindy	453
hochzeitsgeschenk	453
Ferien	452
wirt	452
medikament	452
koste	452
drehten	452
isolieren	452
Romulaner	452
Wölfen	452
fantastischen	452
flüge	452
zerfetzt	452
peyton	452
umgehauen	452
postkarte	452
Millimeter	452
babysitten	452
Lotte	452
ehrenhaft	452
einzunehmen	452
chambers	452
loft	452
hauptstraße	452
hürrem	452
bösartig	452
unglückliche	452
Zange	452
Normaler	451
Steuer	451
Weißer	451
vortrag	451
Bote	451
Monitor	451
Kiefer	451
völliger	451
Reisenden	451
perverse	451
Gespür	451
aktenkoffer	451
erfülle	451
zubereitet	451
erdboden	451
hüa	451
reinbringen	451
vorbestraft	451
saures	451
zeichnet	451
schrottplatz	451
Examen	451
herzliches	451
Kanister	451
Gabel	450
aufbewahren	450
meinungen	450
bobo	450
Omen	450
Tresen	450
alpträume	450
very	450
Linker	450
oberleutnant	450
zusätzlichen	450
evie	450
missachtet	450
abgehängt	450
Fasse	449
Schweren	449
Leeren	449
chor	449
schere	449
Spender	449
bewältigen	449
davonlaufen	449
klima	449
befriedigen	449
Diskussionen	449
Mccarthy	449
marple	449
Dublin	449
Konvoi	449
einrichtungen	449
gerechten	449
brent	449
gemessen	449
Fußstapfen	449
anya	449
Toaster	449
bekennen	449
Strange	449
nacheinander	449
dinozzo	449
brandstiftung	449
Tai	449
bürgermeisterin	449
Behörden	448
Bruders	448
Kaufte	448
Defekt	448
putzt	448
kampfes	448
grades	448
würdigen	448
erfrischend	448
launisch	448
rekrutiert	448
Premier	448
terrence	448
öffnest	448
überlegst	448
wendung	448
gilles	448
Vorsitzenden	448
staatliche	448
verfasst	448
uhtred	448
Pakistan	448
schreiend	448
weiterarbeiten	448
verlief	448
vernünftiger	448
definiert	448
Katzen	447
beitrag	447
argument	447
Grill	447
trocknen	447
hässliches	447
zündet	447
Verschlingen	447
Board	447
Souvenir	447
undankbar	447
Sequenz	447
weges	447
erworben	447
Salem	447
griechische	447
harmon	447
erholung	447
kontrollraum	447
Raphael	447
liebenden	447
Studios	447
obdachlose	447
Grünen	446
Aufnahmen	446
fell	446
lache	446
Würfel	446
hüpfen	446
gerichts	446
Kracht	446
geschoben	446
Püppchen	446
vorhatte	446
dringen	446
brutale	446
cece	446
arschgesicht	446
Muffin	446
again	446
head	446
carly	446
naturtalent	446
Passe	445
Sing	445
wende	445
Streik	445
Grube	445
matrosen	445
schnarcht	445
mill	445
margo	445
entfernten	445
Rivalen	445
revanchieren	445
hässlicher	445
gewisses	445
anakin	445
ermutigt	445
dark	445
Truman	445
marguerite	445
newman	445
paco	445
Espresso	445
mabel	445
wahnsinnige	445
geachtet	445
ahnt	445
wiederhergestellt	445
Trainieren	444
Zurückbringen	444
Studenten	444
Höchste	444
Schmecken	444
Klappen	444
händler	444
dampf	444
Stier	444
Entschluss	444
Kitt	444
antiquitäten	444
wandert	444
hormone	444
brenne	444
sticht	444
zurückbleiben	444
has	444
blamiert	444
Spatz	444
anschreien	444
versprechungen	444
zauberhaft	444
einzelgänger	444
liebende	444
medizinischer	444
wackeln	444
season	444
wiederherstellen	444
Dummköpfe	444
kostbar	444
Mumie	444
Kittel	444
Kapitulation	444
woraus	444
Mitglieder	443
Blicken	443
wurm	443
kerze	443
Hypothek	443
Server	443
geschissen	443
verzichtet	443
lightman	443
Monique	443
him	443
hiro	443
ave	443
lilli	443
hara	443
einfachste	443
Missouri	443
herrlicher	443
Dicke	442
visier	442
rang	442
schwelle	442
kühlen	442
angriffen	442
zurückfahren	442
lennox	442
mandantin	442
herrlichen	442
barb	442
ranzukommen	442
überwiesen	442
identifizierung	442
kev	442
Jungfer	442
Talbot	442
schonmal	442
barbecue	442
geschäftliche	442
melinda	442
vibriert	442
davies	442
wegschicken	442
Diskutieren	441
Pinkeln	441
Erheben	441
beutel	441
Blei	441
besetzen	441
kreuzen	441
terrorismus	441
Karotten	441
delaney	441
durchgefallen	441
Strahlt	441
Arroganz	441
Disneyland	441
geoffrey	441
verletzlich	441
Gregor	441
Pegasus	441
wegzunehmen	441
Port	441
Morrison	441
tschüß	441
mexikanische	441
Apartment	440
Wilden	440
Enttäuschen	440
schiss	440
Aufprall	440
unterrichte	440
link	440
schiefgehen	440
erleiden	440
reife	440
staubsauger	440
projekte	440
kopieren	440
Indizien	440
Gmbh	440
Dilemma	440
telefonklingeln	440
rückstand	440
ausgestorben	440
Sponsor	440
Ariel	440
durchsuchung	440
Theodore	440
higgins	440
altmodische	440
Marokko	440
vergibt	440
grimes	440
ramirez	440
Online	439
Normalen	439
Massage	439
unters	439
prüfe	439
renne	439
verdirbt	439
morton	439
Gärten	439
nachdenkt	439
Marko	439
joes	439
verständigt	439
lustigen	439
tanzmusik	439
chemo	439
restliche	439
vielversprechend	439
verriet	439
pur	439
fingernägel	439
aschenbecher	439
tong	439
eye	439
Interview	438
Süßen	438
profit	438
Teilnehmer	438
wegkommen	438
verabreden	438
späten	438
argumente	438
fehlern	438
Wisconsin	438
undeutlich	438
mancher	438
langweiligen	438
gefalle	438
Fundament	438
friere	438
stellvertretender	438
Tennessee	438
stanton	438
bartowski	438
Hologramm	438
erhöhte	438
klassenzimmer	438
bojack	438
nachsichtig	438
ace	438
zufälle	438
verwandelte	438
liebesleben	438
geduscht	438
dunham	438
Anblick	437
gutachten	437
endlos	437
klarmachen	437
every	437
tüchtig	437
stehende	437
Bereiche	437
vorgang	437
wütender	437
noel	437
Vanille	437
busse	437
Geschütze	437
Jüdin	437
enthüllt	437
geringer	437
gekidnappt	437
Generäle	437
Winnetou	437
gummi	436
fluchen	436
wehzutun	436
think	436
court	436
chinesisches	436
nelly	436
walking	436
wiedergeburt	436
Artefakt	436
wiedererkennen	436
künstlich	436
Exempel	436
brich	436
hinsichtlich	436
oprah	436
gegraben	436
untertauchen	436
schuldige	436
Athen	436
zittert	436
herauf	436
Stellungnahme	436
Judas	436
mrt	436
Handel	435
Getrieben	435
Bomben	435
strich	435
stab	435
Element	435
schwing	435
brücken	435
gale	435
teuerste	435
nachthemd	435
schusswunde	435
aiden	435
hei	435
debra	435
faule	435
Nova	435
Bedenken	434
Ken	434
maler	434
boxer	434
Börse	434
Aufsatz	434
überschreiten	434
versenken	434
fördern	434
beerdigen	434
omi	434
nachtclub	434
Telefonat	434
männlicher	434
geschmacklos	434
internen	434
Utah	434
kriegsgericht	434
buster	434
Mathilde	434
Herrlichkeit	434
befestigt	434
Shampoo	434
griffith	434
fun	434
hochzeitsnacht	434
unwiderstehlich	434
umlaufbahn	434
Balance	434
hinzugehen	434
muppet	434
Verkaufe	433
Tiefe	433
Narren	433
dolch	433
Ausschuss	433
zoom	433
brillante	433
brachen	433
betrunkener	433
Audienz	433
auseinandersetzung	433
gezweifelt	433
zehnmal	433
Jasmine	433
Zerstörer	433
geknallt	433
Vegetarier	433
Epidemie	433
zhang	433
betrügst	433
ertappt	433
seltener	433
perversen	433
Abhalten	432
Löschen	432
blätter	432
konzept	432
blase	432
schrift	432
Banane	432
spiels	432
hinnehmen	432
belegen	432
schauspielern	432
murmeln	432
fairer	432
Avatar	432
überweisen	432
dulde	432
sybil	432
glaubwürdig	432
Grazie	432
außerirdischer	432
zerreißt	432
Manchester	432
rummachen	432
bereitmachen	432
ruben	432
einstweilige	432
Kairo	432
Cappuccino	432
Vertragen	431
Gebissen	431
Geheimen	431
draht	431
kleidern	431
systems	431
entschlüsseln	431
anzutun	431
superhelden	431
bewunderung	431
raumschiffs	431
skip	431
Ada	431
cutler	431
hip	431
reinkam	431
bedanke	431
bezahlten	431
dubois	431
europäischen	431
Schilde	430
batterie	430
obst	430
droge	430
Terrasse	430
Impuls	430
Peitsche	430
double	430
massen	430
Berliner	430
Schrotflinte	430
Kanalisation	430
case	430
Stämme	430
rumpeln	430
Barmherzigkeit	430
webseite	430
verachtung	430
erbitte	430
Provision	430
Disco	430
jeglicher	430
zerstörst	430
Mira	430
Meuterei	430
ähneln	430
großziehen	430
ferengi	430
Nachteil	430
Alzheimer	430
anstrengung	430
enge	429
Absturz	429
Kavallerie	429
asien	429
kopiert	429
kauften	429
elliott	429
ununterbrochen	429
ermordeten	429
beurteilung	429
milt	429
zügen	429
dämmerung	429
befriedigt	429
zarte	429
rechnet	429
losgegangen	429
attackiert	429
verzweifelte	429
Überwachen	428
anfänger	428
gen	428
siegel	428
fickst	428
entfliehen	428
klick	428
demütigen	428
eingeholt	428
Munster	428
Lasagne	428
fehlfunktion	428
dino	428
Verkauften	428
trucks	428
bing	428
eingebracht	428
angemessene	428
sultanin	428
burrows	428
lst	428
terri	428
gefälschte	428
Herkules	428
brave	428
selbstsüchtig	428
heller	427
drücke	427
Betrag	427
teilte	427
einleiten	427
gelder	427
demonstrieren	427
vereinbaren	427
fairen	427
Sarkasmus	427
melvin	427
omega	427
traumhaft	427
enttäuschend	427
meldungen	427
rivers	427
erzbischof	427
obdachlos	427
field	427
schafften	427
meilenweit	427
Vermont	427
geschlechtsverkehr	427
teyla	427
anfälle	427
hodgins	427
halbwegs	427
Gemurmel	427
politischer	427
Anubis	427
tanzfläche	427
Toast	426
Löwen	426
Einsetzen	426
Scheinst	426
Pflanzen	426
Kondom	426
tranken	426
vatikan	426
sausen	426
ertränkt	426
Jahrzehnt	426
friert	426
silbernen	426
gästeliste	426
weggetreten	426
Schnabel	426
Musketiere	426
mystic	426
Josephine	426
Gerichte	426
stichwort	426
insgeheim	426
hello	426
schlaftabletten	426
Aussichten	426
Davids	426
Talisman	426
blendend	426
Coach	425
Werte	425
Fraß	425
Abfahrt	425
schwitzt	425
Mohammed	425
bi	425
videospiele	425
chico	425
fire	425
Kriminalität	425
jed	425
testergebnisse	425
mächtigste	425
kaufmann	425
geschwängert	425
bezogen	425
maddy	425
teures	425
behandelte	425
ready	425
France	425
need	425
Yuan	425
Zirkus	424
Ausmachen	424
Laute	424
balkon	424
Reparatur	424
freiwilligen	424
kreise	424
entschärfen	424
Nachsicht	424
juanita	424
dag	424
freute	424
verfügbaren	424
Donnergrollen	424
körperlichen	424
fiese	424
gell	424
geärgert	424
entspannung	424
Aidan	424
Skelett	424
flüsse	424
anonyme	424
finanzierung	424
unterschreibt	424
angsthase	424
Tablette	424
befugt	424
Lohnt	423
Märchen	423
Lob	423
fetzen	423
blute	423
aufm	423
Messias	423
tötung	423
Träumer	423
greer	423
Rain	423
artagnan	423
colleen	423
Sensation	423
liberty	423
Identitäten	423
Glaubwürdigkeit	423
überlebe	423
bildest	423
abschießen	423
hillary	423
Kehren	422
notieren	422
erwidern	422
vorspiel	422
scheu	422
Ps	422
beschert	422
randolph	422
vorstelle	422
renoviert	422
freigesprochen	422
Fäuste	422
ehrt	422
zitiere	422
Redaktion	422
santos	422
Imperator	422
vollenden	422
Einsicht	422
bankkonto	422
drecksau	422
gesandt	422
aufzuwachen	422
Fegefeuer	422
kämpf	422
his	422
Persönlichkeiten	422
horace	422
lokalisieren	421
beschatten	421
Wolfgang	421
wonder	421
jüdisch	421
Traktor	421
muriel	421
pepe	421
bewundernswert	421
french	421
Nikolaus	421
dusty	421
kassiert	421
Formation	421
Gomez	421
angeschlagen	421
nucky	421
sichtweite	421
Manipulation	421
Malen	420
akademie	420
branche	420
soße	420
basketball	420
Forscher	420
Taufe	420
wohnten	420
nachschauen	420
verkleiden	420
englands	420
reparaturen	420
starrte	420
Meetings	420
Shows	420
Vereinten	420
Spielverderber	420
weckst	420
zeitraum	420
anklopfen	420
abgeknallt	420
Serviette	420
füttert	420
schmeichelhaft	420
Pyramide	420
gesiegt	420
merkwürdigen	420
Jacht	420
brewster	420
ultraschall	420
weihnachtsbaum	420
verpass	420
selbstmitleid	420
unterschiedlichen	420
jagst	420
unterbreche	420
Ernstes	419
Lücke	419
beton	419
ausreichen	419
ballons	419
wagens	419
blutes	419
trab	419
abstreiten	419
hochziehen	419
Französin	419
untereinander	419
Google	419
romantisches	419
cook	419
Rezepte	419
sylvester	419
erweitert	419
Viecher	419
thorpe	419
ungewöhnlichen	419
grausamen	419
Privilegien	419
weihnachtsgeschenk	419
Karussell	419
ältester	419
hindernisse	419
entferne	419
sags	419
vorrang	419
Treue	418
wolke	418
wall	418
umgang	418
hetero	418
verlassenen	418
trockenen	418
gespenster	418
körperteile	418
Scharfschütze	418
Obama	418
vorkehrungen	418
franck	418
Camilla	418
Hamptons	418
akzeptabel	418
unsichtbaren	418
entführte	418
dragon	418
lieferungen	418
buy	418
carver	418
vorgeworfen	418
grundsätzlich	418
lagerfeuer	418
kleineren	418
showtime	418
gamera	418
beistehen	418
Degen	418
Peking	418
yan	418
Felsen	417
Kurzen	417
Taucht	417
Bestimmen	417
Zurückgeben	417
bass	417
dreien	417
ichs	417
fülle	417
Punk	417
herrschte	417
zugemacht	417
intim	417
übertreibt	417
Flüchtling	417
wirke	417
gegengift	417
cupcakes	417
Strauß	417
gesundes	417
Aspekt	417
Beeren	417
rückzieher	417
Prime	417
rosemary	417
unfreundlich	417
anzuschauen	417
verachtet	417
Dell	417
baronin	417
Ausrichten	416
Stürzen	416
autogramm	416
kompanie	416
Olive	416
überholt	416
platzieren	416
parteien	416
lindern	416
sons	416
piepton	416
dagelassen	416
Kitzelt	416
Übelkeit	416
rauskam	416
Minimum	416
anzulügen	416
Ag	416
auferstanden	416
tantchen	416
Siegt	416
vertrauten	416
vollidioten	416
getarnt	416
stellvertretende	416
upper	416
ungeachtet	416
Farben	415
Tempo	415
Kindes	415
Erden	415
Falsches	415
hinstellen	415
entsprechen	415
aufladen	415
Ungerechtigkeit	415
sergei	415
nassen	415
walnut	415
darhk	415
erstattet	415
Breitet	415
noble	415
rush	415
gebrochenes	415
mamma	415
vermietet	415
gebraten	415
Zeitlang	415
Cambridge	415
überglücklich	415
aaah	415
Iowa	415
realisiert	415
tardis	415
Jacobs	415
Täuschen	414
Sichern	414
abdrücke	414
kurve	414
Komplex	414
Alias	414
joghurt	414
biologie	414
ellbogen	414
ungelegen	414
erlebe	414
primitiv	414
apophis	414
lindsey	414
Buffet	414
aufgegangen	414
erlebte	414
verschwommen	414
spielsachen	414
geschmuggelt	414
Tyrann	414
verbesserung	414
Karneval	414
briefmarken	414
Ufo	414
Milan	414
Beatles	414
Trauer	413
Bilden	413
steckten	413
steuert	413
greife	413
zischt	413
Lauert	413
reitest	413
bestätigte	413
gehorche	413
Durchgang	413
ridge	413
zauberhafte	413
illegales	413
Palme	413
organisierte	413
lucille	413
todeszeitpunkt	413
Geiste	413
befinde	413
gemahlin	413
Verlaufen	412
Rechnen	412
Befragen	412
Reiche	412
Beginn	412
Daumen	412
gipfel	412
galerie	412
tinte	412
Passagier	412
Mieter	412
Wirbel	412
warnte	412
wohler	412
granaten	412
franks	412
Tanja	412
größtes	412
touchdown	412
scans	412
rausgekriegt	412
vierzehn	412
vermischt	412
rausbekommen	412
unübersetztes	412
bergab	412
cortez	412
grundgütiger	412
erdgeschoss	412
Miliz	412
zig	412
Bestrafen	411
Weine	411
Fremder	411
Sachte	411
Behälter	411
Kurier	411
kompletten	411
fenstern	411
klammern	411
beitragen	411
plündern	411
geklingelt	411
viertelstunde	411
tech	411
Demut	411
amis	411
oberin	411
geizig	411
diamond	411
aussehend	411
skeptisch	411
Erich	411
todesfälle	411
göttlich	411
absitzen	411
schmeiße	411
Visum	411
ansah	411
Gral	411
aufgefordert	411
channing	411
unglücklichen	411
Verlag	411
schnaubt	411
saubermachen	411
niko	411
Gestehen	410
früchte	410
lizenz	410
Kristall	410
betäuben	410
ernster	410
definieren	410
ausüben	410
Symptom	410
beschossen	410
Princeton	410
flüchtige	410
Geschick	410
täubchen	410
familienmitglied	410
bestehst	410
zurückgeholt	410
abrechnung	410
finanzamt	410
Rampenlicht	410
geschleppt	410
peilsender	410
through	410
Yin	410
Entscheide	409
Marke	409
Harter	409
student	409
verlängern	409
getreide	409
wissens	409
zurücknehmen	409
gasthaus	409
volltrottel	409
atemberaubend	409
gisborne	409
hayden	409
gewaltigen	409
physische	409
spiegelbild	409
vin	409
parrish	409
Sexualität	409
herzlos	409
remy	409
Kosmos	409
Rosen	408
Fortschritte	408
ausländer	408
kalender	408
Marmelade	408
Mächte	408
Zitrone	408
trommel	408
bestelle	408
vitamine	408
faulen	408
Eliza	408
herkamen	408
Norton	408
gino	408
anbietet	408
Singapur	408
einzudringen	408
endstation	408
Betreuer	408
alarmbereitschaft	408
erkenntnisse	408
Neuling	408
verehrter	408
buchmacher	408
betete	408
pflegte	408
rhonda	408
sicherheitschef	408
Thunfisch	408
würgt	408
capitaine	408
Vorhaben	407
friseur	407
Zigeuner	407
flügeln	407
sperre	407
abgeordneter	407
kritisieren	407
conway	407
Geschöpfe	407
vlad	407
intelligenter	407
klügste	407
eigenhändig	407
merkwürdiger	407
schlapp	407
dreharbeiten	407
notfalls	407
spannungen	407
felicia	407
verabredungen	407
lösungen	407
gutaussehend	407
brachtest	407
feuchten	407
Angelina	407
Prämie	407
Verzichten	406
biss	406
briefen	406
gießen	406
medikamenten	406
herauskommt	406
leiterin	406
Muse	406
verdächtiges	406
knarrt	406
überwachungskamera	406
gepinkelt	406
wiederholung	406
hofften	406
Playboy	406
hoffst	406
verhungert	406
Tang	406
unbezahlbar	406
finster	406
shin	406
huhu	406
rumliegen	406
Petra	406
superstar	406
fünfmal	406
frequenz	405
diät	405
fettes	405
entwischen	405
ringen	405
bauernhof	405
Kopfweh	405
strengen	405
Melone	405
Prozedur	405
Psyche	405
heimgehen	405
Freundschaften	405
coolste	405
ohrring	405
handynummer	405
ungeschehen	405
jt	405
vergangene	405
lädst	405
rassistisch	405
Neugierde	405
Magda	405
Guckt	404
Privat	404
Abflug	404
barbaren	404
rudern	404
neigen	404
blühen	404
dünne	404
hunderten	404
ausgefüllt	404
nahmst	404
Limit	404
anzufassen	404
Sibirien	404
Männlichkeit	404
law	404
liza	404
Wohnmobil	404
überallhin	404
Scherben	404
ineinander	404
exzellente	404
blutprobe	404
schiefgeht	404
dong	404
lockerer	404
cafe	404
gerichtsmedizin	404
son	404
ahmed	404
gedankt	404
Salazar	404
Mad	404
fingerabdruck	404
Schokoriegel	404
Blasen	403
kneipe	403
Fels	403
zitieren	403
kippe	403
blamieren	403
programme	403
freigabe	403
Reservat	403
selbstachtung	403
einreden	403
stay	403
weir	403
unvermeidlich	403
juice	403
reagierte	403
Jaguar	403
bezaubernde	403
weggezogen	403
cecil	403
verarbeitet	403
Individuum	403
moretti	403
lynch	403
sumpf	402
apotheke	402
Milliarde	402
Pflaster	402
Ampel	402
differenzen	402
obere	402
Rangers	402
entsorgt	402
abhängt	402
telefoniere	402
Institution	402
geringe	402
duftet	402
lebensende	402
Hämmert	402
erschuf	402
temple	402
dienerin	402
tripp	402
Brunch	402
mort	402
psychische	402
Amor	402
glory	402
abschiedsbrief	402
oberhaupt	402
Bauern	401
Wartete	401
Schaust	401
Genossen	401
Tropfen	401
niere	401
Hirsch	401
spitz	401
Moschee	401
zerlegt	401
behutsam	401
hundertprozentig	401
Timings	401
Muttermal	401
Schwiegertochter	401
Tribut	401
Poet	401
gesteht	401
zurückgeschickt	401
Kollektion	401
geburtsurkunde	401
traditionelle	401
gespritzt	401
stillgestanden	401
Verhungern	400
altar	400
tuch	400
fahne	400
chauffeur	400
beteiligen	400
bündnis	400
europas	400
feines	400
parasiten	400
erhalte	400
landest	400
blickt	400
Lea	400
libby	400
ghost	400
gerammt	400
kendra	400
gegriffen	400
rayburn	400
Orion	400
schnappte	400
gekotzt	400
angestrengt	400
stärkere	400
klarzustellen	400
Yards	400
nordpol	400
eclair	400
September	399
Bestanden	399
Haaren	399
Mehl	399
knete	399
leeres	399
hinkommen	399
rechtlich	399
mülltonne	399
auferstehung	399
angeführt	399
Begabung	399
ruhiges	399
reno	399
Möse	399
übernatürliche	399
specter	399
kendall	399
anzieht	399
amerikanisches	399
missachtung	399
va	399
simple	399
hoover	399
kälter	399
kenntnisse	399
augenblicke	399
Marcello	399
arbeitstag	399
Falcon	399
typischer	399
schale	398
geheimer	398
sehnen	398
geschmiert	398
treff	398
choi	398
gezeugt	398
Cromwell	398
callahan	398
pole	398
hellen	398
clarissa	398
leckere	398
nana	398
anzulegen	398
ahsoka	398
schnüffelt	398
untergetaucht	398
intersect	398
abzunehmen	398
scylla	398
mitgespielt	398
Flinte	398
gitarrenmusik	398
geoff	398
morning	398
Deo	398
Maus	397
Seuche	397
Nuss	397
vorführen	397
geweigert	397
scooter	397
myers	397
key	397
alphonse	397
Ram	397
Nebraska	397
waschlappen	397
Einwanderer	397
erzielt	397
badeanzug	397
faire	397
erklingt	397
mucks	397
vulgär	397
must	397
Werwölfe	397
schwerste	397
Dakota	397
Bordeaux	397
ungünstig	397
dargestellt	397
zimmermädchen	397
Weiterer	396
Geräusche	396
Lichter	396
kinn	396
einwohner	396
rekord	396
renovieren	396
stützen	396
nachweisen	396
elfen	396
spür	396
planst	396
abfeuern	396
seufzen	396
Thorne	396
geradewegs	396
aufgedeckt	396
beschimpft	396
Gebäck	396
mitfahrgelegenheit	396
patrik	396
Marys	396
sharp	396
Opium	396
bedenke	396
verspielt	396
Mieze	396
ursprüngliche	396
fahrkarten	396
Summers	396
reinstecken	396
syd	396
aufzutauchen	396
widerliche	396
Staffel	395
Flaschen	395
Putzen	395
Einbruch	395
murmelt	395
wohle	395
aufessen	395
filmtiger	395
Casting	395
selbstständig	395
snake	395
kings	395
cheng	395
autorin	395
anzupassen	395
bezeichnung	395
wahnsinnigen	395
leuchtturm	395
Läuse	395
aufgeteilt	395
Kabinett	395
hopper	395
grüßt	395
verkabelt	395
hingen	395
ungestraft	395
Auffahrt	395
Beißen	394
Stammen	394
Grüßen	394
schwung	394
Formular	394
Architekt	394
appartement	394
katholischen	394
wing	394
zusammenbrechen	394
gerechte	394
Ausblick	394
aufzuklären	394
Berühmtheit	394
handschuhfach	394
nathaniel	394
Scheißding	394
versicherungen	394
caldwell	394
annimmt	394
hineingezogen	394
geortet	394
klassentreffen	394
Müttern	394
myrtle	394
zitterst	394
Hektar	394
miserabel	394
Affären	394
profitiert	394
Katalog	394
Verschieben	393
Media	393
Entdecken	393
grippe	393
hülle	393
floh	393
schaf	393
zigarre	393
Samt	393
brummt	393
schriften	393
unterschiede	393
hurley	393
Scherzt	393
bauchschmerzen	393
autorisiert	393
absuchen	393
Titanic	393
together	393
sabotiert	393
mathias	393
regelrecht	393
deke	393
bedeutend	393
weiterziehen	393
Rampe	393
Waage	393
ausgeruht	393
Corps	393
Tamara	393
Truppe	392
Übertragen	392
Flammen	392
Erschrecken	392
rohr	392
gemischt	392
steigern	392
lutschen	392
formulare	392
scheppern	392
dollars	392
buben	392
lokalen	392
kacken	392
weggebracht	392
unschuldiges	392
erlangt	392
aufzuräumen	392
bemerkungen	392
aktuell	392
tacos	392
zahlungen	392
machbar	392
dream	392
Schwachköpfe	392
Apple	392
kreuzzug	392
stehle	392
großmaul	392
farbige	392
beleuchtung	392
zynisch	392
bethany	392
Iv	392
ausgelacht	392
verkuppeln	392
heimatstadt	392
rocco	392
schwaches	392
hinterhof	392
eingestiegen	392
vorstellungskraft	392
beantrage	392
Chip	391
dom	391
erwürgen	391
rechter	391
zurechtkommen	391
veranlassen	391
kennenlernten	391
bedrohlich	391
Chaplin	391
knallhart	391
übergibt	391
wackelt	391
kraftwerk	391
Falken	391
walten	391
mitgift	391
losgeworden	391
aktentasche	391
zusammengestellt	391
Vertreten	390
Lernst	390
Füllen	390
drache	390
Kompass	390
Kappe	390
Hebel	390
erlösen	390
meisterschaft	390
greene	390
wortwörtlich	390
Tresorraum	390
zivilisiert	390
amüsier	390
schlich	390
patti	390
Erlöser	390
even	390
zaubertrank	390
anschaut	390
Brise	390
Krishna	390
ausländische	390
husch	390
Crews	390
ames	390
unverantwortlich	390
stabilisiert	390
Redakteur	390
Schwachstelle	390
scharfes	390
wegzugehen	390
chevy	390
brutalen	390
Luigi	390
glänzend	390
Ausschalten	389
Penis	389
Profi	389
Angeln	389
Neid	389
erkunden	389
zufügen	389
almosen	389
wischen	389
überreagiert	389
Pimmel	389
straßenrand	389
Junkies	389
attraktiver	389
Ecstasy	389
heimkommen	389
frachtraum	389
unangemessen	389
Bombardiert	389
außenposten	389
kitschig	389
anschuldigung	389
zeichne	389
Castro	389
Wanzen	389
Wichtigkeit	389
willard	389
Spa	389
vertretung	389
distanz	388
beladen	388
abliefern	388
sabotieren	388
gangs	388
Sascha	388
zurückverfolgt	388
spannungsgeladene	388
Prügelei	388
zusammenziehen	388
hochkommen	388
besiegelt	388
mendez	388
subtitles	388
Meere	388
con	388
Schrein	388
bedrohte	388
counsellor	388
faucht	388
akira	388
raylan	388
werf	388
reizenden	388
ausgezeichneter	388
beherrschung	388
kaputtgemacht	388
abgedreht	388
Plakat	388
Ausdauer	388
Gaul	388
Verrate	387
Kehrt	387
Lade	387
Billig	387
literatur	387
kläre	387
aufbringen	387
zimmern	387
schlussfolgerung	387
kamui	387
hierlassen	387
Kanäle	387
tschuldige	387
blah	387
Hurensöhne	387
abgestimmt	387
rausfindet	387
barfuß	387
Allergie	387
geblendet	387
Mackenzie	387
rücktritt	387
abgekauft	387
aussehende	387
nützliches	387
Polo	387
Kanne	387
weinend	387
Felipe	387
Juni	386
angestellte	386
seile	386
ekel	386
enthüllen	386
hercule	386
eingeklemmt	386
einkäufe	386
movie	386
amtes	386
waldorf	386
Salt	386
marjorie	386
loszulassen	386
duane	386
Spukt	386
Einblick	386
bestreitet	386
merlyn	386
vorlegen	386
hochzeitskleid	386
addy	386
holodeck	386
Genugtuung	386
willoughby	386
Norm	386
impulsiv	386
allerbeste	386
Krämpfe	386
Koordinaten	385
Hinlegen	385
Liege	385
hüfte	385
wurf	385
Anrufer	385
Rutsch	385
Bankrott	385
hinhalten	385
orangen	385
bewerben	385
weizen	385
werbespot	385
feierlich	385
gefängnisse	385
allesamt	385
true	385
open	385
klappert	385
Heiden	385
Durchlaucht	385
Zar	385
Rabbit	385
abgesperrt	385
unsre	385
stinkenden	385
Gerda	385
Alfonso	385
Met	385
betrübt	385
ignorier	385
deienn	385
cleverer	385
pfeif	385
gerächt	385
Dings	385
gringo	385
Nutzt	384
Nebel	384
Latte	384
Senior	384
kröten	384
geweiht	384
preisen	384
fallenlassen	384
asyl	384
verachten	384
ausatmen	384
zunichte	384
shake	384
drogenhandel	384
perez	384
mcqueen	384
dickie	384
Oleg	384
mitbürger	384
netteste	384
kräftiger	384
lexi	384
jämmerlich	384
wecke	384
kriecht	384
problemlos	384
Lise	384
ser	384
mercy	384
träne	384
grunzt	384
politisches	384
Zimmermann	384
almanzo	384
Gläschen	384
unterhaltsam	384
play	384
Kontaktieren	383
Fuhren	383
Rennt	383
Anlegen	383
müller	383
routine	383
atelier	383
bessern	383
festival	383
devlin	383
zitiert	383
Skorpion	383
mächtigsten	383
einigung	383
ärmste	383
nine	383
eingeschätzt	383
eingesteckt	383
irischen	383
hutchinson	383
jährlich	383
verwundete	383
lagst	383
Qualitäten	383
vertrauenswürdig	383
zeb	383
jonny	383
Transporterraum	383
Verderben	382
Kanal	382
umkreis	382
ärmel	382
durchschauen	382
markieren	382
kar	382
gleichung	382
Reimt	382
südlichen	382
nachlässig	382
gage	382
ausgerichtet	382
Peru	382
gefroren	382
Alfredo	382
durchgekommen	382
verschlungen	382
begegnete	382
zwinge	382
fügt	382
Youtube	382
wiedererkannt	382
Einklang	382
Leopard	382
zukommt	382
Grüne	381
Ausgeben	381
Schwören	381
Arten	381
Betrügen	381
tausch	381
gärtner	381
Perle	381
surren	381
abseits	381
hälst	381
benedict	381
shaolin	381
reingegangen	381
Signatur	381
unbedeutend	381
hinterzimmer	381
einführung	381
Henrys	381
Skala	381
leidtun	381
poppy	381
hohem	381
Mutanten	381
beklaut	381
existiere	381
vorzüge	381
Auftritte	381
control	381
garantie	380
anstand	380
knöpfe	380
sprecher	380
anschnallen	380
störst	380
stücken	380
fehl	380
balken	380
dranbleiben	380
acker	380
menü	380
frieren	380
treib	380
genehmigen	380
mutters	380
befunden	380
tau	380
gewendet	380
Rodeo	380
Aufschub	380
clem	380
Anhalter	380
geschwollen	380
andrej	380
alarmiert	380
wendell	380
gerichtshof	380
vorhabe	380
Rituale	380
faszinierende	380
lyndsey	380
schlafanzug	380
vernünftigen	380
hinterlasst	380
todesangst	380
klassischen	380
Ehrengast	380
magic	380
Zahltag	380
hübscheste	380
bestürzt	380
Durchgehen	379
weite	379
akku	379
hetzen	379
trennten	379
widerspricht	379
überzogen	379
sea	379
Launen	379
Snack	379
aj	379
casa	379
Lyon	379
fisk	379
rennbahn	379
Trunkenheit	379
allemal	379
hergebeten	379
geschäftsreise	379
pine	379
krankenschwestern	379
vertuscht	379
mitmenschen	379
vorzüglich	379
lokalisiert	379
beieinander	379
reingesteckt	379
brüderchen	379
wiederkomme	379
traute	379
Praxis	378
Eigener	378
techniker	378
ausgabe	378
kritik	378
Aufwand	378
Klippe	378
nachvollziehen	378
geordi	378
unschlagbar	378
nan	378
alvin	378
Connors	378
Zivilist	378
lebwohl	378
altersheim	378
Riff	378
oberschenkel	378
unvernünftig	378
Pastete	378
Schwächling	378
rausgegangen	378
Happen	378
geflirtet	378
Private	377
Welten	377
abschnitt	377
zelten	377
schluckt	377
schaufeln	377
hergezogen	377
enormen	377
Achterbahn	377
niedergebrannt	377
parkhaus	377
wesentlichen	377
retteten	377
gezerrt	377
Casanova	377
aufgeladen	377
aufwuchs	377
panisch	377
machine	377
ordentliche	377
Mördern	377
verkorkst	377
ladyschaft	377
por	377
wählst	377
Koffein	377
kol	377
verteidigst	377
perversling	377
einigermaßen	377
gesunder	377
Verlegen	376
Gelände	376
Draus	376
kuppel	376
Verlauf	376
Missbrauch	376
Seminar	376
auslassen	376
turbo	376
aufgehen	376
Che	376
schwörst	376
türsteher	376
Guillaume	376
boah	376
schneesturm	376
rausziehen	376
luka	376
gesteuert	376
Pubertät	376
Sykes	376
Theke	376
Meerjungfrau	376
ausgibt	376
Tüten	376
ausländischen	376
unterhielten	376
zod	376
schwierigste	376
Maja	376
Lehrling	376
bam	376
Leichte	375
Losgehen	375
abende	375
streite	375
zustande	375
abschlagen	375
lockt	375
Krater	375
vorbeigehen	375
Bahamas	375
Marschall	375
Funktionen	375
Nero	375
Grande	375
dümmer	375
aufregender	375
Schwimmbad	375
alledem	375
Pfahl	375
Wellington	375
ringo	375
Lsd	375
Rummel	375
Urgroßvater	375
darbietung	375
tierisch	375
kathleen	375
ain	375
neige	375
maschinengewehr	375
Halbes	374
Action	374
konflikt	374
turnier	374
taube	374
mais	374
trieb	374
spülen	374
schwänzen	374
meckern	374
vorgänger	374
trauben	374
boomer	374
löscht	374
massive	374
poe	374
rodriguez	374
Blackout	374
crawley	374
gepasst	374
wertvollen	374
beecher	374
hypothetisch	374
god	374
rice	374
brother	374
Ansager	374
going	374
kaputtmachen	374
Hampton	374
versperrt	374
Offenheit	374
pferdchen	374
Janine	374
rannten	374
emerson	374
niedriger	374
rausnehmen	374
Linkshänder	374
wütende	374
lieblingsessen	374
Exemplare	374
handyklingeln	374
ehrenwerte	374
Achte	373
Kanone	373
feder	373
wanne	373
treuen	373
übernahme	373
centauri	373
miez	373
micah	373
zerbrach	373
verzeihst	373
schwacher	373
Watts	373
Skulptur	373
jedermanns	373
völlige	373
unterdrückung	373
Gebüsch	373
fucking	373
Magd	373
schultag	373
dion	373
Bbc	373
Reha	373
biologischen	373
dummerweise	373
mikes	373
Guido	373
lexie	373
Rabe	373
landwirtschaft	373
Brillant	372
dauer	372
fach	372
Biene	372
Beschluss	372
Ast	372
springst	372
spüle	372
tanzte	372
nachsitzen	372
übergehen	372
wortes	372
nebeneinander	372
unbequem	372
flippt	372
Malerei	372
Gewässer	372
bubba	372
krumm	372
überlastet	372
Scheißkerle	372
selbstzerstörung	372
eisernen	372
Smiley	372
amüsierst	372
casper	372
Plätzen	372
Tropft	372
mc	372
katholische	372
andi	372
manuell	372
vorarbeiter	372
Nähert	371
Kissen	371
abfangen	371
betreffen	371
automaten	371
benton	371
verhelfen	371
beschäftige	371
neigung	371
Giulia	371
raoul	371
schweigepflicht	371
miau	371
fertiggemacht	371
markierung	371
ying	371
carmine	371
marquez	371
Schnelle	370
Normales	370
Lautes	370
Kalte	370
schlamm	370
stange	370
Ausmaß	370
Manuskript	370
stifte	370
karren	370
erlöse	370
alfie	370
Kaff	370
rausgelassen	370
strohhalm	370
gleichmäßig	370
Aura	370
automatische	370
bumst	370
Gig	370
lecter	370
blondie	370
verfolgten	370
zauberhaften	370
gelächelt	370
Cockpit	370
Vollmacht	370
dixie	370
Schicht	369
Packt	369
schwänze	369
datei	369
Abdruck	369
durchreise	369
sechste	369
begehren	369
abtreten	369
winters	369
bluff	369
gekratzt	369
beta	369
respektvoll	369
hard	369
professioneller	369
Prostituierten	369
Gefährten	369
Jungfräulichkeit	369
täglichen	369
unterhalte	369
Korsak	369
rockstar	369
verdrängt	369
verschone	369
ewiges	369
untersagt	369
staatlichen	369
tubbs	369
Visage	369
jag	369
umgibt	369
Konrad	369
beschäftigung	369
heikle	369
standhalten	369
reilly	369
vermag	369
schnürsenkel	369
rettungswagen	369
Schwuchteln	369
memorial	369
Gespannt	368
Zurückgehen	368
Klingeln	368
gebären	368
siege	368
schrauben	368
ticken	368
verfehlen	368
leih	368
auffällt	368
gewöhne	368
übersteigt	368
mutigen	368
Scheiterhaufen	368
permanent	368
machtest	368
Kulissen	368
psychiatrische	368
armand	368
zusammensetzen	368
offizieller	368
eingehalten	368
oakland	368
crichton	368
jacky	368
überlebst	368
Radius	368
winselt	368
natürlicher	368
kristen	368
Stewardess	368
babies	368
labs	368
Harten	367
Ofen	367
Cowboy	367
Aufgaben	367
Verein	367
einfall	367
auferstehen	367
krähen	367
umfallen	367
gebiete	367
gefreiter	367
dirty	367
full	367
garfield	367
erfolglos	367
destiny	367
Pharao	367
rechtmäßigen	367
sutter	367
liebesgeschichte	367
notfälle	367
buchladen	367
abbie	367
superkräfte	367
erhobenen	367
gefälschten	367
bewaffneter	367
geformt	367
delia	367
tonic	367
eingefädelt	367
geronimo	367
Faktor	367
untersuchte	367
hieße	367
Ig	367
Stiel	367
Galaxis	367
channel	367
puerto	367
Ruh	366
Deutsch	366
Respektieren	366
Bordell	366
Gebrauch	366
bedien	366
betrieben	366
bestellte	366
polieren	366
herausholen	366
tatwaffe	366
mall	366
behauptung	366
sehnt	366
solang	366
unterstellen	366
überzeugte	366
mitarbeiterin	366
wegziehen	366
Zärtlichkeit	366
bescheuerte	366
geisteskrank	366
aufnimmt	366
nothing	366
Präsidium	366
spirituelle	366
fröhlichen	366
behauptest	366
Zustimmen	365
antrieb	365
Reserve	365
stör	365
höhen	365
unterschriften	365
Eduard	365
durchmachst	365
yi	365
blank	365
Tanten	365
macy	365
enterprises	365
anstellt	365
erwachte	365
Fanatiker	365
gillian	365
Pralinen	365
haste	365
sully	365
suzy	365
hackfleisch	365
olle	365
verlobungsring	365
spielregeln	365
compton	365
Widerling	365
Wäscherei	365
Psychologe	365
anhält	365
Kotzen	364
parade	364
araber	364
Mikro	364
buches	364
beat	364
islam	364
mobile	364
einjagen	364
kohl	364
erneuern	364
betonen	364
ficke	364
verwöhnen	364
klappte	364
Maskottchen	364
Auschwitz	364
verräterin	364
Farce	364
Martine	364
micky	364
Mixer	364
berücksichtigt	364
mer	364
bibi	364
krankenhauses	364
niklaus	364
recherchieren	364
Katholiken	364
annehme	364
Dasein	364
unterkriegen	364
Vorfahren	363
Medien	363
drittel	363
drang	363
gleicher	363
bestreiten	363
gebote	363
Lorelei	363
misty	363
leela	363
notwendige	363
westküste	363
verwechslung	363
bashir	363
aufgetreten	363
tragischen	363
Bonbon	363
Ghetto	363
arlene	363
stattfand	363
lebendige	363
lonnie	363
sanfter	363
Aussuchen	362
sturz	362
Träger	362
reservieren	362
aushelfen	362
knaben	362
spare	362
repräsentieren	362
behindern	362
zugänglich	362
bloody	362
Bankier	362
Tyrannei	362
Udo	362
stinker	362
lächelte	362
versäumen	362
romantischer	362
verzieht	362
viv	362
ohrfeige	362
gewaltsam	362
Quatscht	362
Gretel	362
Kobold	362
befehlshaber	362
wilkes	362
eiserne	362
dachtet	362
Kerls	362
beisammen	362
unteroffizier	362
reagierst	362
befolge	362
These	362
überschätzt	362
Zweites	361
Zünder	361
eintopf	361
benennen	361
anführen	361
überführen	361
hineingehen	361
Fledermäuse	361
bankräuber	361
body	361
beleidigungen	361
Vorspeise	361
Toronto	361
umbringe	361
sofortiger	361
müllcontainer	361
Exekution	361
Sirup	361
unabhängige	361
hallelujah	361
glänzt	361
besagen	361
Konfrontation	361
aussterben	361
ausstattung	361
Fotografie	361
nationalgarde	361
aufhöre	361
morddezernat	361
schweinefleisch	361
six	361
yoko	361
brutaler	361
empfehlungen	361
Durchführen	360
Eröffnen	360
Stoßen	360
masse	360
terrorist	360
Hupe	360
erfolge	360
beben	360
wehrt	360
ebenen	360
exklusiv	360
stolze	360
Cheyenne	360
Pippi	360
irische	360
bäh	360
Gouverneurs	360
Mutation	360
vornehm	360
Spekulation	360
weiblicher	360
defiant	360
Ch	360
Antlitz	360
gunn	360
offensichtliche	360
bekamst	360
wilbur	360
außergewöhnlichen	360
wallander	360
Cds	360
antat	360
aufzutreiben	360
flott	360
vortreten	360
helles	360
Sake	360
Gestatten	359
Zeh	359
Freud	359
untertanen	359
kilometern	359
lachten	359
referenzen	359
trauung	359
leitende	359
beiße	359
erspar	359
unbekanntes	359
Columbus	359
Landsleute	359
lieh	359
Abi	359
Corinne	359
tobi	359
Vergießen	359
ale	359
aktiviere	359
lebendigem	359
tin	359
leidtut	359
zulässt	359
verkäuferin	359
wiedergesehen	359
eistee	359
entführten	359
Butter	358
Schließe	358
Begehen	358
segel	358
Anflug	358
Schleife	358
Speer	358
fabriken	358
durchfall	358
entsorgen	358
ungesund	358
herausgefordert	358
peace	358
abgehoben	358
beklagt	358
bietest	358
beerdigungen	358
hung	358
jaime	358
cotton	358
wegging	358
himmlische	358
Stabilität	358
Ungehorsam	358
kamt	358
dumpfbacke	358
samaritan	358
jepp	358
unmoralisch	358
Schlafenszeit	358
durchgezogen	358
Schlaumeier	358
klassisch	358
dash	358
wißt	358
Margarita	358
herausfinde	358
Werkstatt	357
Überreden	357
Ablauf	357
Wiese	357
trockene	357
rutschen	357
hämmern	357
abfahren	357
realen	357
wegschaffen	357
unverzeihlich	357
augenblicklich	357
Fesselt	357
sforza	357
bürgersteig	357
dunn	357
Infanterie	357
süßeste	357
Kakerlake	357
beeindruckende	357
zertrümmert	357
liebeskummer	357
endgültige	357
übertreffen	357
Valium	357
schnellstmöglich	357
gnadenlos	357
titelmusik	357
Begierde	357
Syrien	357
hmmm	357
believe	357
Gemüt	357
bucht	356
List	356
adel	356
kuscheln	356
offenbaren	356
schnüffeln	356
aufführen	356
winken	356
abfinden	356
schubsen	356
brüsten	356
schwingt	356
zwitschern	356
brecht	356
computern	356
sunshine	356
beinbruch	356
rückschlag	356
Feigheit	356
Aires	356
genetischen	356
fahrerflucht	356
enthielt	356
wohnheim	356
sylvie	356
überlebten	356
Steroide	356
labil	356
geheimhaltung	356
zusammenzuarbeiten	356
chemischen	356
wählten	356
herausbekommen	356
bestenfalls	356
fingerabdrücken	356
Master	355
Quietschen	355
Füttern	355
geschirr	355
Absatz	355
Main	355
Lehne	355
Buße	355
anbringen	355
interviewen	355
erinner	355
schraubenzieher	355
abbringen	355
Anja	355
Halunke	355
Gunther	355
prellungen	355
schmerzlos	355
verwandle	355
verständnisvoll	355
rossi	355
Annette	355
zahnpasta	355
stach	355
gefährlichste	355
tagesordnung	355
aufgedreht	355
Ire	355
verklemmt	355
prescott	355
Landet	354
Kisten	354
Leine	354
elefant	354
gewebe	354
Rausch	354
Anfrage	354
Klatsch	354
donnern	354
schmieren	354
durchbrochen	354
seaquest	354
Hotdogs	354
Komplott	354
Jana	354
Vögelst	354
vernichte	354
Taille	354
täusche	354
geburtstage	354
tonband	354
grundlagen	354
gerechtfertigt	354
Telefonate	354
weitersuchen	354
hinzugefügt	354
erwidert	354
Dänen	354
hintereingang	354
marcia	354
Jeanette	354
Hurrikan	354
Steckte	353
Angesichts	353
Baden	353
wechsel	353
Trump	353
antiken	353
corporation	353
zauberstab	353
verschlechtert	353
Teleskop	353
torrente	353
glänzende	353
verabscheue	353
schachzug	353
Zuversicht	353
fluchtweg	353
hui	353
Taverne	353
luftschleuse	353
gefühlvolle	353
überlasst	353
skywalker	353
Elektriker	353
Genitalien	353
stones	353
rechtfertigt	353
Knacken	352
vulkan	352
Pol	352
Harmonie	352
Kelch	352
Arrest	352
stolzer	352
festlegen	352
stabilisieren	352
hinrichten	352
allgemeine	352
züchten	352
pflücken	352
elanna	352
runterholen	352
preisgeben	352
bernardo	352
dottie	352
ahnst	352
Falk	352
burnett	352
everybody	352
bizarr	352
fraser	352
Aspekte	352
toren	352
unsern	352
gemeinen	352
vernommen	352
Satans	352
Pudel	352
Fötus	352
umbringst	352
Seoul	352
Halluzination	352
Fokus	352
kreative	352
Aufbauen	351
Zähle	351
Verlieben	351
beschwerde	351
Haupt	351
kirchen	351
wohlergehen	351
neujahr	351
Patrioten	351
Bowlen	351
replikatoren	351
Roberta	351
toms	351
Muschis	351
magisches	351
bares	351
zeitreisen	351
schlafmittel	351
Tölpel	351
vierter	351
zeitlinie	351
had	351
enkelkinder	351
Verdeckte	351
richtete	351
Urne	351
hollis	351
verheimlichst	351
nerd	351
Ekg	351
durchzuziehen	351
geregnet	351
pence	351
kinderwagen	351
ungezogen	351
Revanche	351
mika	351
Begegnen	350
Eule	350
Bann	350
nachholen	350
schnitte	350
leihe	350
tiny	350
weismachen	350
zukünftiger	350
Mamie	350
cause	350
verhältnisse	350
Rubel	350
baumwolle	350
erniedrigt	350
warpantrieb	350
moderner	350
Ramona	350
manu	350
Vogelgezwitscher	350
studierst	350
mcgill	350
asgard	350
außenminister	350
angedeutet	350
zelda	350
Dominique	350
lucius	350
were	350
verpfeifen	350
lebenswerk	350
Demokraten	350
kaiserlichen	350
ncis	350
Alpha	349
Faust	349
initiative	349
Dialog	349
stroh	349
eintauschen	349
geheimnissen	349
Ganoven	349
einlässt	349
taktische	349
existierte	349
cardassia	349
zittere	349
Havanna	349
vertreibt	349
anspruchsvoll	349
beendete	349
Rubin	349
darla	349
mind	349
Erbin	349
Winkt	349
internationaler	349
umzulegen	349
denkbar	349
lilith	349
mayo	349
türkisch	349
erbarme	349
Hinterwäldler	349
göttlichen	349
Gequatsche	349
pulver	348
Eigen	348
ausnahmen	348
entwerfen	348
blüten	348
erlassen	348
decks	348
lowell	348
Fonds	348
aufgeschlossen	348
foley	348
Welpe	348
Töchtern	348
abzulehnen	348
hastig	348
pi	348
polizeisirene	348
anführerin	348
beschmutzt	348
vorschein	348
pacific	348
Tyrannen	348
Trockner	348
kommandozentrale	348
candace	348
Tollwut	348
Hilton	348
kes	348
freigesetzt	348
lehn	348
erreichten	348
Moral	347
Dokumente	347
pier	347
Protest	347
Panne	347
problems	347
elende	347
Obelix	347
befriedigung	347
omas	347
Edwin	347
janey	347
Ufos	347
höhenangst	347
grinst	347
Nikolai	347
alexandre	347
wahrscheinlicher	347
joanne	347
sicherheitsvorkehrungen	347
Gallier	347
ungemütlich	347
Pinguine	347
ledig	347
angestiftet	347
Demonstranten	347
Sorten	347
ever	347
Wiesel	347
Ambitionen	347
verhaftungen	347
obendrein	347
heftiger	347
Opfers	346
Noten	346
Brunnen	346
Ansprache	346
prüft	346
fixiert	346
verjagen	346
treibe	346
eingeben	346
stick	346
tauchst	346
positiven	346
frequenzen	346
verbrannten	346
irritiert	346
Hotdog	346
Stute	346
neutral	346
begnadigung	346
Taiwan	346
ni	346
heiterem	346
krankenversicherung	346
Milz	346
Pandora	346
verschenkt	346
pflegeheim	346
evil	346
finsteren	346
loretta	346
unprofessionell	346
Jamaika	346
pilar	346
Syphilis	346
Spenden	345
Dünn	345
Schultern	345
Ahnen	345
Verbessern	345
pullover	345
spitzel	345
beamte	345
Brenner	345
Reaktor	345
Ansage	345
Kompromiss	345
Gründer	345
Eingeweide	345
Industrie	345
bikini	345
vorliegen	345
gong	345
verwischen	345
georgina	345
Letztem	345
simms	345
hervorragender	345
small	345
verzweifelten	345
sonnensystem	345
durchmacht	345
Warschau	345
ping	345
losgelassen	345
verlängert	345
bee	345
feinsten	345
Moderator	345
romero	345
entlastet	345
furchtlos	345
dahlia	345
Kommunismus	345
wissenschaftlerin	345
Absender	345
abgekommen	345
lasen	345
polizeiwache	345
Nizza	345
Cedric	345
mietvertrag	345
sleepy	345
gonzo	345
Fette	344
kanzler	344
ansetzen	344
überwältigen	344
regelt	344
erzielen	344
umhauen	344
ost	344
waffenhändler	344
amerikanisch	344
bushaltestelle	344
erstklassige	344
turnhalle	344
erniedrigend	344
untergraben	344
trauerfeier	344
unglaublicher	344
schusslinie	344
Buckingham	344
mondlicht	344
verkrampft	344
injiziert	344
count	344
anzusprechen	344
eröffne	344
akzeptierst	344
gestand	344
theaterstück	344
Budapest	344
mitzubringen	344
belagerung	344
Statistiken	344
anstrengungen	344
hochstapler	344
abschlussfeier	344
Isolation	344
Konkurrenten	344
nelle	344
Tieren	343
Bedienen	343
Jan	343
Bären	343
flusses	343
amateure	343
angriffs	343
durchgeschnitten	343
sankt	343
Nichtsnutz	343
vorbeikommt	343
kooperiert	343
lausige	343
Disney	343
Nachtigall	343
starre	343
unternimmt	343
besitzerin	343
kel	343
Drähte	343
Äffchen	343
ergehen	343
Dreieck	343
Dünger	343
Tätigkeit	343
mitzumachen	343
lung	343
bess	343
angehängt	343
unterstellt	343
stressig	343
weißwein	343
ewing	343
Besuche	342
Werkzeug	342
Kranken	342
Dauerte	342
Pumpe	342
meistern	342
lumpen	342
installieren	342
Kästchen	342
Maximum	342
ständigen	342
wörterbuch	342
deborah	342
Wolfe	342
sowjetischen	342
ablenkungsmanöver	342
engsten	342
beigetreten	342
second	342
gepostet	342
ro	342
tatest	342
aufgesucht	342
brennende	342
ugh	342
Chemiker	342
gestrigen	342
shepard	342
joanie	342
Twist	342
brock	342
minderjährig	342
Anmarsch	342
Melbourne	342
abartig	342
rücksichtsvoll	342
Hündin	342
doppelter	342
Durchziehen	341
Service	341
nachfrage	341
billard	341
putze	341
glass	341
fabelhafte	341
einzubrechen	341
heftigen	341
langweiler	341
richtlinien	341
Ruin	341
blickwinkel	341
glücklichsten	341
ausgepackt	341
decknamen	341
Maxime	341
bescheuerten	341
Materialien	341
Leoparden	341
enttäusche	341
weitermachst	341
beurteilt	341
üblicherweise	341
geldbörse	341
maddox	341
untreue	341
cutter	341
Letzt	341
Clans	341
Maman	341
Beherrschen	340
Detail	340
glanz	340
fähre	340
Exil	340
Wisch	340
vorsingen	340
matrix	340
positives	340
stahlen	340
protestieren	340
auszahlen	340
verschlagen	340
Klaute	340
Milliardär	340
Event	340
verkraftet	340
wameru	340
emilie	340
kanns	340
Denis	340
marissa	340
bedauert	340
aussagt	340
baldwin	340
hebräisch	340
Dietrich	340
wessex	340
auflösung	340
angelica	340
Ambulanz	340
ereignet	340
ten	340
Niklas	340
zurückgeblieben	340
wiedersehe	340
erreichst	340
Entführen	339
kassette	339
kandidat	339
klempner	339
Bomber	339
schnallen	339
plante	339
berücksichtigen	339
lotto	339
erträgt	339
dev	339
sportwagen	339
makellos	339
Engeln	339
gabby	339
Rindfleisch	339
Koran	339
tobt	339
Charlies	339
folgendermaßen	339
Leukämie	339
cleo	339
archibald	339
geilen	339
lau	339
Frieda	339
gekrochen	339
Oslo	339
Jericho	339
dane	339
helllichten	339
hochverrat	339
hege	339
paßt	339
verschleppt	339
pot	339
öi	339
ablehnung	339
gekillt	339
zuhörst	339
cosima	339
abwischen	339
Plant	338
Schieße	338
Umgeben	338
schlauch	338
schöpfer	338
Lachs	338
durchschneiden	338
verschenken	338
ausgraben	338
nobel	338
aufwachst	338
globale	338
zulegen	338
erwähnst	338
dobbs	338
Towers	338
hats	338
tödlicher	338
Portugal	338
verschollen	338
Sizilien	338
winziges	338
verbündet	338
vash	338
Edison	338
ausging	338
once	338
gläubigen	338
bemerkenswerte	338
heiter	338
Statement	338
überlegung	338
schob	338
Zoo	337
Baseball	337
Locken	337
fakt	337
Diamant	337
Poster	337
Strick	337
demo	337
einverständnis	337
Festmahl	337
weggesperrt	337
stiehlst	337
schachmatt	337
terminkalender	337
wagte	337
kiss	337
Hexer	337
knistern	337
cahill	337
Mayer	337
ausgerüstet	337
zurückhaltend	337
bowman	337
pinky	337
strafbar	337
hawks	337
fröhlicher	337
ziemliches	337
geheiligt	337
kryptonit	337
Hypothese	337
polizeibericht	337
Marcos	337
lebenslang	337
istja	337
Ticket	336
bänder	336
arbeitgeber	336
Waise	336
vermehren	336
versöhnen	336
durchdringen	336
bewerten	336
dickes	336
buchstabieren	336
indianern	336
belohnen	336
ananas	336
herausfordern	336
feuers	336
Saat	336
signorina	336
grandios	336
verliebe	336
Weibt	336
auftragskiller	336
nachdenkst	336
slater	336
oi	336
curly	336
Appell	336
geheimnisvollen	336
erwarteten	336
fe	336
Aberglaube	336
Mdr	336
Mao	336
erfreulich	336
Essex	336
Bestandteil	336
Vi	336
demütigend	336
Isis	336
verliebten	336
Thing	336
Befehlen	335
ballon	335
asthma	335
diverse	335
zuteil	335
vorschreiben	335
künstlichen	335
graysons	335
gesetzeshüter	335
kenji	335
Vorsichtsmaßnahme	335
pitt	335
schlagzeug	335
laufbahn	335
rippchen	335
physischen	335
kleiderschrank	335
beglichen	335
Saigon	335
Gebrüll	335
Statuen	335
Uwe	335
hinführt	335
carlotta	335
tschau	335
Magdalena	335
herüber	335
diesbezüglich	335
isobel	335
jamal	335
erfindungen	335
alaric	335
Statistik	335
Freundes	334
Wolken	334
horizont	334
fracht	334
struktur	334
kerker	334
Frachter	334
abhören	334
direkter	334
always	334
lorna	334
didi	334
Susi	334
personalabteilung	334
mitkomme	334
Taliban	334
vorgekommen	334
beschließt	334
beschuldigte	334
zurückzuziehen	334
nachgeforscht	334
kriminalpolizei	334
britischer	334
lees	334
ernest	334
marv	334
Klopapier	334
gültig	334
eduardo	334
versohlen	334
christ	333
birne	333
Nachschub	333
Riese	333
Hang	333
wimmern	333
schuften	333
überfälle	333
wiedergutzumachen	333
charmante	333
zugewiesen	333
befanden	333
gisburne	333
huang	333
geschehe	333
traten	333
doreen	333
Checkt	333
Zaum	333
Immunsystem	333
Nägeln	333
Veteranen	333
telefonnummern	333
elton	333
authentisch	333
betrog	333
weiterführen	333
vorrücken	333
moody	333
weiterreden	333
sarkastisch	333
Hangar	333
einmischung	333
schuljahr	333
Kraut	333
lebhaft	333
Verlaub	333
Verteilen	332
eingriff	332
kalter	332
niesen	332
siebte	332
viert	332
meldest	332
tiefes	332
meeres	332
lauern	332
glotzen	332
werten	332
erwartung	332
garrison	332
Sanatorium	332
uncool	332
Romantiker	332
allerersten	332
fayed	332
abbott	332
shorty	332
überlegte	332
gezögert	332
aussehender	332
donnelly	332
angetreten	332
roscoe	332
überführt	332
Bankett	332
beachte	332
kritischen	332
cloud	332
jojo	332
friedlichen	332
grantham	332
Aktiv	331
bruch	331
plastik	331
Aufruf	331
Lift	331
Verschluss	331
carpenter	331
himmlischen	331
wegbleiben	331
öffentliches	331
geburtstagskind	331
verbotene	331
wirklicher	331
rider	331
drehung	331
einzelner	331
olivier	331
Lafayette	331
serienkiller	331
wiederherzustellen	331
schwersten	331
gefährlichsten	331
Spektakel	331
beherrsche	331
regenschirm	331
beabsichtige	331
begründung	331
Dieter	331
telefonisch	331
waschbär	331
christliche	331
gesäubert	331
sichtweise	331
kurzschluss	331
bedeutende	331
amüsiere	331
europäische	331
verspottet	331
ehebruch	331
Berkeley	331
Zellen	330
Dienste	330
Schmeißen	330
leder	330
schmutz	330
Satellit	330
durchsetzen	330
endlose	330
heile	330
agieren	330
fauler	330
Haiti	330
zwangsläufig	330
something	330
empört	330
unberührt	330
Lutz	330
hiesigen	330
hailey	330
singh	330
verblüfft	330
golfplatz	330
birgt	330
führende	330
härteste	330
building	330
eitel	330
stärkeres	330
ungläubigen	330
geklettert	330
Injektion	330
Partikel	330
jun	330
moreno	330
quantico	330
Pyramiden	330
hackbraten	330
kopfkissen	330
Quadranten	330
Unterrichten	329
Streichen	329
Zielen	329
Rabatt	329
besteigen	329
paaren	329
weicht	329
schraube	329
aufschneiden	329
ordnen	329
erfordern	329
gurken	329
water	329
moin	329
staatsbürger	329
östlichen	329
Währung	329
samir	329
dreckschwein	329
lorne	329
Jubiläum	329
tanaka	329
verschweigst	329
hofe	329
Philosoph	329
freizulassen	329
marlowe	329
yates	329
eroberung	329
eingeredet	329
verseucht	329
unlogisch	329
vorherigen	329
selbstbewusstsein	329
Müsli	329
musstet	329
Vogelscheuche	329
Normandie	329
Erhöhen	328
dreier	328
gruß	328
geige	328
Putz	328
Kritiker	328
raubt	328
konflikte	328
mücken	328
romane	328
strömen	328
feuchte	328
bundesagenten	328
begleitest	328
rächt	328
Gassi	328
Tito	328
florrick	328
Fohlen	328
ehm	328
Hitlers	328
Dekoration	328
französisches	328
whitey	328
geheimwaffe	328
patsy	328
schikaniert	328
peabody	328
niest	328
flehte	328
manch	328
Wahn	328
entsichert	328
jeglichen	328
überprüfte	328
futsch	328
ähnlicher	328
Übernachten	327
archiv	327
hacker	327
bandit	327
Zicke	327
zucken	327
pennen	327
stiegen	327
verwirklichen	327
pakete	327
roxy	327
unvorsichtig	327
them	327
hour	327
erledigst	327
klugen	327
Aggression	327
früherer	327
Pietro	327
Marius	327
viva	327
auskennt	327
Goliath	327
aufgerufen	327
herausstellt	327
leckeren	327
Formalität	327
nervensystem	327
versöhnung	327
Instruktionen	327
Kalle	327
ya	327
Merke	326
Jubel	326
Lehren	326
Präsentieren	326
Auflegen	326
Fangt	326
nerv	326
Erfinder	326
Niete	326
terminal	326
verdrängen	326
verringern	326
großstadt	326
füge	326
Formalitäten	326
droiden	326
klassischer	326
Louisa	326
cosmo	326
hingefahren	326
lutsch	326
Ultimatum	326
nachhause	326
vorzeitig	326
natasha	326
Ochse	326
genannte	326
Francesco	326
erfindet	326
freigeben	326
Sprengen	325
Breit	325
Treibst	325
gebot	325
deckel	325
Portier	325
Beobachter	325
Einfahrt	325
Durchschnitt	325
sperr	325
nachfragen	325
mittels	325
wärmen	325
verehren	325
inne	325
erschöpfung	325
zerschmettert	325
eindrucksvoll	325
behüte	325
ersticke	325
nino	325
besorgungen	325
gebärmutter	325
fußspuren	325
nasse	325
kill	325
Verwandtschaft	325
einzusperren	325
Dokumentation	325
distanziert	325
Intimität	325
dringender	325
selbstsicher	325
dickköpfig	325
verbündeter	325
Tauchen	324
Apfel	324
schwamm	324
container	324
dreist	324
ess	324
wandte	324
abholt	324
abwenden	324
wundere	324
loben	324
Kanadier	324
mineralwasser	324
minderjährigen	324
neusten	324
father	324
christlichen	324
vizepräsidenten	324
castillo	324
russel	324
dumpfer	324
bestellungen	324
ahhh	324
selbstbewusst	324
autotür	324
Diplomatie	324
Blufft	324
Zuständigkeit	324
geschüttelt	324
hoyt	324
Fiktion	324
erforscht	324
steifen	324
gay	324
duffy	324
britney	324
simpsons	324
Yvette	324
Gründete	324
überflutet	324
phelps	324
Heirat	323
Höchst	323
flicken	323
geheult	323
wiedergeben	323
fußabdrücke	323
traditionell	323
anzuhalten	323
stiller	323
Glöckchen	323
Gandhi	323
Manfred	323
bisherigen	323
ratlos	323
rasend	323
Rhodes	323
Christie	323
sechzehn	323
webb	323
gläubig	323
motorräder	323
geschworene	323
herzfrequenz	323
mads	323
ewiger	323
beschrieb	323
cain	323
Iii	323
Agatha	323
loomis	323
landebahn	323
kimberly	323
herrliches	323
Machete	323
Gespürt	322
Methoden	322
Sau	322
Ermitteln	322
Kartoffeln	322
Elefanten	322
schweiß	322
Völker	322
Empfänger	322
Astronaut	322
spionieren	322
mandeln	322
Alphabet	322
peinliche	322
abgesprochen	322
Geländer	322
Courage	322
bahnsteig	322
jault	322
raul	322
wah	322
gallo	322
Barriere	322
dotty	322
abzulegen	322
konstruiert	322
Dimensionen	322
psychologin	322
lhm	322
geprägt	322
geschäftlichen	322
rückfall	322
Schluckauf	322
Dicken	321
Angestellten	321
Kerzen	321
Kundschaft	321
Kröte	321
Kalb	321
zünde	321
ernsten	321
edel	321
hocken	321
abwehr	321
eigenem	321
derartige	321
schwedisch	321
Monsignore	321
doggett	321
erstechen	321
Torpedo	321
widerlichen	321
waisenkind	321
durant	321
jucken	321
beschafft	321
veröffentlichung	321
geschämt	321
rooster	321
verschwundenen	321
Klaust	321
schwieriges	321
spektakulär	321
hilary	321
Shop	321
beigetragen	321
suv	321
russo	321
abgeschleppt	321
schicker	321
sicherheitsleute	321
glückssträhne	321
chefkoch	321
garvey	321
Gemetzel	321
Unmengen	321
Lagen	320
instrument	320
fremdes	320
sauna	320
wachst	320
erfrieren	320
modelle	320
schwefel	320
protokolle	320
lebensmüde	320
Merkmale	320
gräbt	320
einzigartigen	320
Erwin	320
ocean	320
hoffnungsloser	320
vergingen	320
Omaha	320
Törtchen	320
vorsitz	320
freilich	320
feindselig	320
einsammeln	320
Leni	320
übertrifft	320
Trübsal	320
postbote	320
harmlose	320
Milligramm	320
schamlos	320
carlisle	320
wau	320
townsend	320
gerieten	320
verstümmelt	320
Hippie	320
marshmallows	320
orry	320
Piloten	319
Scherze	319
Rasen	319
Empfehlen	319
Empfinden	319
Büffel	319
Lot	319
ablassen	319
leiht	319
bezwingen	319
hockey	319
anerkennen	319
hergeben	319
krasse	319
crixus	319
Gertrude	319
westliche	319
Stuntman	319
Meute	319
vererbt	319
inspirierend	319
genaues	319
wohlfühlen	319
ripley	319
Idol	319
auserwählten	319
Sergej	319
skyler	319
engelchen	319
Komet	319
schlaues	319
sicherheitsmaßnahmen	319
Thai	319
Helmut	319
schiebst	319
Kocht	318
Hupen	318
Ausdrücken	318
ritt	318
stoß	318
Kessel	318
Kartell	318
Wähler	318
Bürde	318
bestehlen	318
fälschen	318
dock	318
hobbys	318
elenden	318
oliven	318
verfickter	318
briefträger	318
Benedikt	318
mondschein	318
Westens	318
haftstrafe	318
Cabrio	318
darby	318
garibaidi	318
selina	318
weckte	318
gesprächig	318
polizeifunk	318
Sporen	318
dahintersteckt	318
hero	318
gottverdammter	318
müßt	318
eingegeben	318
Voodoo	318
angeblichen	318
Exmann	318
alistair	318
trainierst	318
Perfekten	317
Rebellen	317
Schuppen	317
November	317
Sensoren	317
patrouille	317
gewitter	317
Säge	317
Ansatz	317
mg	317
dünner	317
temperaturen	317
unterwerfen	317
campen	317
komplexe	317
abgeordneten	317
fiesen	317
Ernesto	317
holiday	317
flachlegen	317
dienstmarke	317
ehevertrag	317
pflegt	317
schüttelt	317
hereinspaziert	317
lhres	317
Ilona	317
geplündert	317
stig	317
fusco	317
elmer	317
antust	317
erbärmliche	317
Sek	317
mundwerk	317
Stephan	317
feuerlöscher	317
verwiesen	317
Trailer	317
konfisziert	317
Ferne	316
enger	316
medaille	316
Verstoß	316
Speicher	316
Periode	316
Höchster	316
Gleis	316
leihst	316
kandidieren	316
einführen	316
grabe	316
neunten	316
kupfer	316
klärt	316
brillanter	316
spendieren	316
order	316
kleiden	316
privater	316
bristow	316
Kreativität	316
kombiniert	316
kooperativ	316
clifford	316
pie	316
niederbrennen	316
soprano	316
Enthusiasmus	316
rizzoli	316
pernell	316
genoss	316
jugendlicher	316
Kolonne	316
Leonardo	316
herstellung	316
klopfte	316
Lama	316
earp	316
stammbaum	316
eigentlichen	316
Brutus	316
Richte	315
Weisen	315
Bremsen	315
anschluss	315
Breite	315
Stecker	315
auffressen	315
verbluten	315
kneifen	315
längste	315
update	315
altern	315
berger	315
korrupten	315
Lehmann	315
eingewiesen	315
sensationell	315
malst	315
ausgelegt	315
terminplan	315
Shrimps	315
nobody	315
ertrinkt	315
adalind	315
goodman	315
heimzahlen	315
unzertrennlich	315
Biester	315
dynamische	315
unanständig	315
dudley	315
generell	315
baltar	315
reingebracht	315
Artefakte	315
bedeute	315
fürchterliche	315
apfelkuchen	315
straßensperren	315
Aktivieren	314
pirat	314
zeile	314
Sabotage	314
schaukeln	314
mondes	314
entlasten	314
karibik	314
einfrieren	314
fehlgeburt	314
diagnostiziert	314
Anarchie	314
wisse	314
kahl	314
sangen	314
Berta	314
mitnimmt	314
Aufrichtigkeit	314
cullen	314
Martins	314
ergebe	314
auszusuchen	314
aufmacht	314
tierheim	314
dalli	314
abgeschickt	314
postamt	314
nachtwächter	314
Beirut	314
spielzeuge	314
mitkommt	314
mcmanus	314
schauspielerei	314
Verdenken	314
schiefgelaufen	314
schlechtesten	314
mummy	314
drecksloch	314
überlaufen	314
stürmisch	314
betäubung	314
Lolita	314
neger	313
sessel	313
Schenkel	313
Genuss	313
Korn	313
Walzer	313
brocken	313
salami	313
kompromisse	313
infizierten	313
downton	313
zumal	313
mercer	313
befasst	313
kühn	313
vorgezogen	313
verschwitzt	313
Konstantin	313
pager	313
Petersburg	313
öffentlicher	313
geschäftsleute	313
jocelyn	313
misst	313
ausstrahlung	313
geehrte	313
lew	313
Garnison	313
ausgeglichen	313
annabelle	313
Malmö	313
Hendrix	313
Till	313
untröstlich	313
aufstieg	312
abfall	312
länge	312
Fürsorge	312
Wachs	312
Eintrag	312
lenk	312
tätigen	312
hallen	312
blinzeln	312
vergebens	312
owens	312
Angelus	312
Touch	312
Streuner	312
toro	312
beautiful	312
Kostprobe	312
etliche	312
angetrieben	312
dina	312
festzunehmen	312
undichte	312
meld	312
entspanne	312
irdischen	312
gewöhnliches	312
Simons	312
praktische	312
sutton	312
ertrank	312
suzie	312
Nicks	312
verunsichert	312
getätigt	312
Fordern	311
Fischen	311
Dezember	311
provinz	311
Katz	311
talk	311
kostbaren	311
ber	311
Rübe	311
Senatoren	311
vickie	311
verachte	311
abzuziehen	311
hilfssheriff	311
spielraum	311
herbestellt	311
unterschrieb	311
peck	311
teri	311
jimbo	311
langgeht	311
Memoiren	311
verfluche	311
sportlich	311
verklage	311
Augustus	311
wiedergefunden	311
sa	311
cuina	311
lem	311
mio	311
heul	311
gro	311
abstammung	311
anschläge	311
silberne	311
Koreaner	311
anwendung	311
erspare	311
tree	311
Spekulationen	311
zurückgehalten	311
vorbeifahren	311
cara	311
vorstellbar	311
vorstellt	311
Operieren	310
Problemen	310
Begleite	310
Wehren	310
effekt	310
Windel	310
saugt	310
aufdecken	310
röntgen	310
sitten	310
verabreichen	310
schiebe	310
mürrisch	310
kreuzworträtsel	310
Fritten	310
cold	310
absperrung	310
Masters	310
adrien	310
betrüge	310
Redensart	310
abhält	310
schwellung	310
isak	310
erneuert	310
rates	310
schuldete	310
beschattet	310
pferderennen	310
übertreibe	310
indische	310
kämst	310
rauszukriegen	310
fine	310
umgesehen	310
abhaut	310
Vermittler	310
Zurückrufen	309
Teilt	309
ballett	309
luder	309
Blüte	309
gebieten	309
twitter	309
flehen	309
roh	309
mische	309
landeten	309
bombardieren	309
aufmuntern	309
beibehalten	309
offline	309
versaust	309
auffassung	309
hosentasche	309
Lazarus	309
ausführung	309
Mob	309
mystische	309
illegaler	309
überzeugungen	309
Maden	309
bewilligt	309
ashton	309
Macho	309
Gliedmaßen	309
Mysterium	309
bluttest	309
heimfahren	309
baseballschläger	309
aufgibst	309
Bentley	309
conny	309
fließend	309
Co	309
Dornröschen	309
gescannt	309
sonya	309
geäußert	309
doofe	309
Optimismus	309
regan	309
Ochsen	309
Passagiere	308
Guckst	308
Fließt	308
Elend	308
damm	308
laser	308
behörde	308
verleugnen	308
patsche	308
mitarbeitern	308
beruhen	308
parkt	308
nachhilfe	308
Marlboro	308
unterschreibst	308
Ländereien	308
brustkorb	308
Bayern	308
Volt	308
nichols	308
Michele	308
capone	308
Ukraine	308
seelenklempner	308
ausdrucksweise	308
monkey	308
Omelett	308
Atlas	308
maxine	308
geschlossene	308
food	308
Arne	308
Mayonnaise	308
überträgt	308
Zeugt	308
einwilligung	308
entlarvt	308
dinah	308
Seufzer	308
Unzucht	308
geschätzte	308
manolo	308
aufgebraucht	308
celeste	308
Vierte	307
Trete	307
Interessen	307
Schafe	307
Absolute	307
grunzen	307
reinfall	307
einbauen	307
lauschen	307
streck	307
umgefallen	307
rennfahrer	307
gerichtsbeschluss	307
eingelegt	307
verehrten	307
einwanderungsbehörde	307
Rudolph	307
fernglas	307
Venezuela	307
verschuldet	307
Roth	307
Pocken	307
mam	307
Investitionen	307
unendlichen	307
Shogun	307
style	307
Belfast	307
abergläubisch	307
Trance	307
lebensweise	307
zwingst	307
Ehrfurcht	307
timer	307
velma	307
Freiheiten	307
hinterhältig	307
ungültig	307
verklingt	307
gestopft	307
riet	307
Verbeugen	307
Hilda	307
erheblich	307
vergess	307
verarsche	307
Inge	307
Rosinen	307
chirurgin	307
Kontakte	306
tugend	306
orchester	306
senf	306
kürzen	306
klassen	306
untere	306
befallen	306
schmieden	306
tausche	306
wandeln	306
kreuze	306
massieren	306
giftige	306
blaine	306
ramsey	306
reagiere	306
rasmus	306
Solis	306
Rassist	306
erfinde	306
auszuschließen	306
Katrin	306
chucky	306
Comeback	306
glorreichen	306
formuliert	306
danvers	306
dunbar	306
derzeitigen	306
losgeschickt	306
menschenverstand	306
ui	306
klares	306
vielerlei	306
fachmann	306
hap	306
bettchen	306
teilgenommen	306
did	306
Piraten	305
Muskeln	305
Fesseln	305
Umarmen	305
hörer	305
Pfiff	305
inspirieren	305
militärs	305
rädern	305
schotten	305
gepflanzt	305
bacon	305
sterbliche	305
traktorstrahl	305
schäbig	305
ciro	305
gruselige	305
estelle	305
morgigen	305
Turbulenzen	305
Champions	305
kontaktlinsen	305
milady	305
Legionen	305
waltons	305
Collier	305
aussichtslos	305
kjeld	305
ebenbürtig	305
geehrter	305
verpflegung	305
rotschopf	305
zusieht	305
herausstellte	305
klarzukommen	305
zickig	305
whitman	305
Bertram	305
flugzeugabsturz	305
erkannten	305
überweisung	305
flexibel	305
Morden	304
Schneide	304
Weiten	304
Elite	304
erwerben	304
ausrasten	304
abwaschen	304
billiges	304
abwärts	304
gefallenen	304
jammert	304
versuchs	304
cello	304
kovac	304
Witwer	304
haltestelle	304
bauunternehmer	304
zaren	304
Diktator	304
gutzumachen	304
losging	304
fingernägeln	304
Rutschte	304
baze	304
sparks	304
braddock	304
vernehmung	304
porthos	304
Mäntel	304
grausamer	304
gezündet	304
hypnotisiert	304
entscheidenden	304
bowl	304
lightning	304
landesweit	304
Plakate	304
Karo	304
Närrin	304
Slogan	304
Sportsfreund	304
feldmarschall	304
Moose	304
vollgas	304
vertrauliche	304
zahnfee	304
Handys	303
Beleidigen	303
Schach	303
Explodieren	303
Wundern	303
begleiter	303
ober	303
Creme	303
Fährte	303
Warner	303
Pelz	303
zehnten	303
kreide	303
hack	303
teilten	303
anmut	303
goldenes	303
badehose	303
gao	303
Jumper	303
scheitert	303
Storys	303
Servietten	303
Geysir	303
großzuziehen	303
vorgelegt	303
darlene	303
Plantage	303
diplomatische	303
arms	303
Aufkleber	303
angeguckt	303
verurteilten	303
auszuhalten	303
versuchskaninchen	303
days	303
Vinci	303
stürme	303
Zweifelt	303
flugticket	303
Herausgeber	303
vorträge	303
einzelkind	303
liebevolle	303
gehetzt	303
raubtier	303
Flohmarkt	303
nam	303
bauchgefühl	303
kompromittiert	303
Kokosnuss	303
todesfall	303
wilkins	303
paradise	303
Beeinflussen	302
Hinfahren	302
Top	302
Heran	302
Ärgern	302
Mädchens	302
Runden	302
knabe	302
maß	302
räder	302
abstürzen	302
anmerken	302
angels	302
missbrauchen	302
ermutigen	302
reale	302
Sexleben	302
taco	302
Dieben	302
unnötige	302
Verzug	302
afrikanische	302
Punsch	302
lebenszeit	302
junggesellen	302
indischen	302
Philippinen	302
Lutscher	302
flugbahn	302
Rica	302
vorbeibringen	302
binford	302
freizeichen	302
Livia	302
wartezimmer	302
zurückgegangen	302
professionellen	302
Momo	302
schriftliche	302
hinschicken	302
Holger	302
Things	302
kritisiert	302
Junges	301
Flugzeuge	301
bote	301
monitor	301
Springer	301
Strahl	301
unternehmer	301
glänzen	301
atlantik	301
lücken	301
Dynastie	301
geliebtes	301
Leibe	301
kylie	301
abgeworfen	301
bereitete	301
grauer	301
enrique	301
neuseeland	301
cami	301
Narkose	301
zielobjekt	301
zurückhaltung	301
kollabiert	301
Organisationen	301
führenden	301
untätig	301
Hagen	301
tägliche	301
shan	301
ronny	301
geschnallt	301
Lava	301
amigos	301
passendes	301
verging	301
hej	301
Getue	301
möglicher	301
Wilderer	301
Sergio	301
bekämen	301
Redner	301
betreffend	301
fieser	301
scooby	301
pisst	301
problematisch	301
entwendet	301
wortwahl	301
Athos	301
verstaucht	301
reginald	301
kiefer	300
gabel	300
Spieß	300
stiche	300
aufkommen	300
propaganda	300
ingenieure	300
aufwache	300
comic	300
pracht	300
etagen	300
fackeln	300
kartons	300
kirschen	300
thank	300
hardman	300
vertan	300
miaut	300
videospiel	300
Pointe	300
Firewall	300
geschwommen	300
branch	300
vernünftiges	300
kowalski	300
knappe	300
zugetraut	300
Artus	300
durchtrennt	300
Moslem	300
abgebogen	300
lieblingsfarbe	300
visuelle	300
harding	300
gewährleisten	300
überraschte	300
beschwere	300
orientierung	300
erträumt	300
Günther	300
Arrangement	300
brownies	300
ceo	300
ergebt	300
betest	300
biologisch	300
hebst	300
Absagen	299
Beeindrucken	299
spender	299
feigen	299
mitgliedern	299
meisters	299
wickeln	299
Rassismus	299
verleumdung	299
vergaßen	299
stacheldraht	299
Dubai	299
widerlicher	299
jethro	299
milly	299
luftraum	299
hochstetter	299
schlechtem	299
verwanzt	299
lockwood	299
eingerostet	299
thad	299
Besuchten	299
eingecheckt	299
Syndikat	299
asse	299
california	299
bieg	299
trinity	299
plötzlichen	299
Asiaten	299
feuerkraft	299
francois	299
rivera	299
crown	299
livie	299
beachtung	299
aufzuheben	299
Schlückchen	299
Tickets	298
Ablenken	298
Umlegen	298
Gehorchen	298
defekt	298
grill	298
Athena	298
abgeliefert	298
Individuen	298
steinbruch	298
aufregt	298
meisterin	298
Kult	298
brächte	298
familienmitglieder	298
erstklassig	298
dabeihaben	298
speisesaal	298
bloße	298
bedrängt	298
schmuckstück	298
Meineid	298
übergab	298
Verdammnis	298
berichtete	298
bogenschützen	298
eingekauft	298
Brosche	298
vertagt	298
kwan	298
verdienten	298
zurückzugehen	298
jawoll	298
stinkende	298
genialen	298
vergrößert	298
gesetzlich	298
katy	298
Süßigkeiten	297
Zurückziehen	297
würfel	297
streik	297
haute	297
anziehend	297
abstatten	297
Gewächshaus	297
unwürdig	297
Mechanismus	297
unzuverlässig	297
tip	297
pausenlos	297
tan	297
whiteywhiteman	297
abgetrennt	297
schlimmster	297
Normalität	297
großzügige	297
Transplantation	297
auszudenken	297
genialer	297
Orgie	297
bruchteil	297
entzückende	297
cinderella	297
schwingungen	297
fantastischer	297
gone	297
tj	297
caprica	297
Aufräumen	296
Ablehnen	296
Belästigen	296
Kälte	296
März	296
Nummern	296
grube	296
stier	296
entschluss	296
kitt	296
schubs	296
zelte	296
pokern	296
spionage	296
begeistern	296
eintragen	296
spritzt	296
recherchen	296
durchlaufen	296
grobe	296
Tagebücher	296
healy	296
Bambi	296
gigi	296
mager	296
stopf	296
Malaria	296
allerletzte	296
verwischt	296
Tahiti	296
hop	296
skrupellos	296
rausschaffen	296
angebissen	296
Arsenal	296
unerreichbar	296
Hocker	296
zeitbombe	296
raumschiffe	296
niedrigen	296
damentoilette	296
Leite	295
Büchern	295
Anfangs	295
Falscher	295
hypothek	295
server	295
Juwel	295
Wiener	295
Gemahl	295
Sekt	295
Reiz	295
entbehren	295
schlüpfen	295
eingeborenen	295
aufschrei	295
gala	295
purer	295
Anhaltspunkt	295
gun	295
gesoffen	295
derweil	295
Zeitvertreib	295
Meditation	295
blassen	295
prophezeiungen	295
gemeinsamer	295
thelma	295
Heuhaufen	295
Broschüre	295
eingewickelt	295
Verlies	295
Kühen	295
Gerhard	295
seltenes	295
geiles	295
ungewöhnlicher	295
exakte	295
Cracker	295
Bürokratie	295
Windsor	295
Knüller	295
pj	295
kartenspiel	295
joaquin	295
lil	295
Quellen	294
Silber	294
Ereignis	294
Vergraben	294
Doppelte	294
blei	294
glücks	294
wink	294
risse	294
geschenken	294
Halunken	294
gesehene	294
zeugenaussage	294
erregung	294
Schubladen	294
abgesichert	294
Holländer	294
Substanzen	294
Tori	294
Monarchie	294
Zweifelst	294
angefertigt	294
wills	294
brautjungfer	294
ku	294
auszeichnungen	294
portugiesisch	294
anstellung	294
Plasma	294
davenport	294
geendet	294
newark	294
anfällig	294
subtil	294
marley	294
Crash	294
turnschuhe	294
bedrohungen	294
auslöst	294
octavia	294
hierherkommen	294
Annas	294
schminke	294
Gymnasium	294
smitty	294
pos	294
schildkröten	294
einstimmig	294
gegrillt	294
halbzeit	294
Kathedrale	294
stürmt	294
niedrige	294
schwedische	294
Delfine	294
Tiefen	293
Reicher	293
Bohnen	293
Pfeifen	293
Raketen	293
aufprall	293
Heft	293
Banner	293
endlosen	293
knutschen	293
stiften	293
architekten	293
predigen	293
erzwingen	293
unternehmens	293
ballast	293
anziehungskraft	293
Schwede	293
Ursachen	293
Rudolf	293
landkarte	293
chantal	293
ernenne	293
schriftstellerin	293
Gianni	293
unvorbereitet	293
widme	293
steuermann	293
blade	293
ignorierst	293
Ip	293
Alligator	293
english	293
wenns	293
Dialekt	293
weggeht	293
mysteriös	293
heulst	293
lip	293
weglassen	293
erbärmlichen	293
sofie	293
Bertie	293
postkarten	293
Frack	293
Aufpasser	293
tätowiert	293
abteilungen	293
Interpretation	293
Versetzen	292
Büßen	292
Kalten	292
Zweit	292
Sprecht	292
massage	292
teilnehmer	292
Kantine	292
tippe	292
schmeicheln	292
hacke	292
wahrnehmen	292
spannen	292
klettert	292
ferner	292
sowjets	292
arztes	292
lohnen	292
verhauen	292
erkundigen	292
programmieren	292
festes	292
beistand	292
samstags	292
anprobieren	292
geprobt	292
angelangt	292
umfasst	292
Office	292
Hermes	292
Schlips	292
glühbirne	292
übles	292
Meteoriten	292
Bernstein	292
Hektor	292
Kristina	292
Unsicherheit	292
Müdigkeit	292
herumsitzen	292
verstrickt	292
daleks	292
allmächtige	292
Lotus	292
Cornflakes	292
Lounge	292
Düsseldorf	292
bewertung	292
melody	292
Faschisten	292
Grips	292
abbey	292
Monaco	292
falschgeld	292
Uss	292
erkrankung	292
auftauchst	292
Abschalten	291
Wellen	291
Diensten	291
Abschließen	291
Schilder	291
Klon	291
alarmieren	291
söhnen	291
nasen	291
absoluten	291
eingestehen	291
Geiger	291
belauscht	291
nik	291
geneigt	291
drogenfahndung	291
Exorzismus	291
umgeleitet	291
paulo	291
schleichst	291
Lagebericht	291
überfüllt	291
dent	291
unnatürlich	291
murph	291
suchtrupp	291
geschnitzt	291
lt	291
troi	291
spioniert	291
Brutalität	291
Airlines	291
fänden	291
Warteliste	291
sichergestellt	291
sagenhaft	291
begnadigt	291
sparky	291
Ketten	290
Merkst	290
Heißer	290
Versorgen	290
Sperren	290
element	290
entnehmen	290
blitze	290
piano	290
rascheln	290
heimgesucht	290
Bescheißen	290
pensioniert	290
aufzuziehen	290
Asterix	290
bells	290
Norfolk	290
paloma	290
aufhörte	290
herzubringen	290
lebensgeschichte	290
ow	290
funkstille	290
Popo	290
lebender	290
verwehrt	290
Journalismus	290
haarfarbe	290
Kidnapper	290
siebzehn	290
zusammenbricht	290
Put	290
anmeldung	290
Mauern	289
Erweisen	289
Zurücklassen	289
Chips	289
börse	289
aufsatz	289
ausschuss	289
Schacht	289
Weide	289
Roller	289
Gips	289
würgen	289
pusten	289
fantastisches	289
Moslems	289
pryce	289
Lektionen	289
handumdrehen	289
begegneten	289
einfallsreich	289
laufende	289
fay	289
Kapitalismus	289
verschlingt	289
sacramento	289
ju	289
Präzision	289
geborgt	289
reizendes	289
einheimische	289
toilettenpapier	289
Sardinen	289
meadow	289
siobhan	289
academy	289
zerstreut	289
wegkommst	289
weggeben	289
jewel	289
doo	289
abzuhängen	289
spider	289
poetisch	289
hemmungen	289
Paulette	289
Allergien	289
tränengas	289
winn	289
hattie	289
eingemischt	289
Religionen	289
oberhand	289
Aushalten	288
Einschlafen	288
Laptop	288
Status	288
Bond	288
banane	288
hinführen	288
reizt	288
reizen	288
urteile	288
eifer	288
mittlere	288
erwägen	288
zerquetschen	288
lenke	288
crow	288
strengt	288
dunkelsten	288
matilda	288
vermöbelt	288
überstürzt	288
gestrandet	288
reinigt	288
herbie	288
zhao	288
beklemmende	288
davongelaufen	288
kupplung	288
Schnäppchen	288
Sherwood	288
Odessa	288
intensiver	288
Distrikt	288
strandhaus	288
Verschreiben	288
trixie	288
Verse	288
vorgibt	288
heißeste	288
judd	288
priya	288
Balboa	288
Benno	288
mutterschiff	288
oberarzt	288
Ebay	288
geschlichen	288
rau	288
Strang	288
windschutzscheibe	288
niemandes	288
trocknet	288
pelle	288
mariana	288
scarecrow	288
vinny	288
primitive	288
Harrys	288
rasiermesser	288
kiera	288
Pressen	287
Ausprobieren	287
Julien	287
terrasse	287
Notar	287
technologien	287
englischer	287
wucht	287
abblasen	287
bescheidenen	287
mühen	287
klippen	287
dreckskerle	287
volljährig	287
wohltäter	287
verpackung	287
harmony	287
ange	287
templeton	287
Bimbam	287
voraussetzungen	287
natürliches	287
selbstlos	287
pierrot	287
kündigt	287
Bosheit	287
Herpes	287
Brüche	287
Aas	287
olympischen	287
vergibst	287
sommerferien	287
jameson	287
verehrung	287
marlo	287
erwünscht	287
ryans	287
etienne	287
shay	287
wan	287
engagierte	287
uff	287
Jasmin	287
Alexandria	287
psychologischen	287
Taft	287
vorahnung	287
Kometen	287
Drehe	286
Ertrage	286
impuls	286
peitsche	286
absturz	286
kavallerie	286
Kräuter	286
riemen	286
erläutern	286
wuchsen	286
dorfes	286
umstimmen	286
angekettet	286
scottie	286
cecilia	286
bike	286
behandlungen	286
bean	286
blinddarm	286
Spießer	286
verschiedener	286
whistler	286
seekrank	286
vern	286
ungemein	286
jolly	286
vorsätzlich	286
zak	286
verzögert	286
unmenschlich	286
söhnchen	286
Inquisition	286
rübergehen	286
Hermine	286
erschafft	286
Eiffelturm	286
Trophäen	286
Baptiste	286
society	286
kriegsführung	286
than	286
Dicker	285
Verklagen	285
Vergleichen	285
Bemerken	285
Zurückholen	285
Nazis	285
Auswahl	285
Flöte	285
Takt	285
schlossen	285
trümmern	285
bedecken	285
zurückschlagen	285
negativen	285
werben	285
entführungen	285
forest	285
durchschnittlich	285
geschmiedet	285
Superintendent	285
mace	285
mean	285
verteidigungsminister	285
anzutreten	285
belästige	285
beunruhigende	285
Fight	285
änderten	285
cher	285
fünfter	285
berührst	285
Derwisch	285
favor	285
zusammenbringen	285
eiswürfel	285
arbeitsplätze	285
entnommen	285
charlottesville	285
Anomalien	285
hundegebell	285
Kusine	285
stackhouse	285
blähungen	285
Prise	285
säße	285
erbrechen	285
Ventilator	285
eingestuft	285
mikael	285
Fr	285
sinnlose	285
aufzuregen	285
gigantische	285
Historiker	285
Tank	284
Donner	284
Schrecken	284
Hotels	284
Kandidaten	284
betrag	284
kondom	284
taxis	284
basteln	284
verspäten	284
leinen	284
abspielen	284
papieren	284
formulieren	284
vorderen	284
bluffen	284
stütze	284
klettere	284
kalorien	284
hügeln	284
tonnenweise	284
durchkommt	284
angezapft	284
lausiger	284
Filmemacher	284
erleuchtet	284
Kombi	284
gelagert	284
gescheit	284
yancy	284
marshals	284
cobra	284
judah	284
feiger	284
geblutet	284
verrottet	284
wünschten	284
linc	284
bitteren	284
wicht	284
hereingelegt	284
eingeschüchtert	284
kampfkunst	284
Nicki	284
zusammentun	284
Krokodile	284
ta	284
traumatisiert	284
Mythologie	284
Pauls	284
Schützling	284
bel	284
Luise	284
Hades	284
carmela	284
Palästina	284
zäher	284
geschmolzen	284
pride	284
erlegt	284
Schulen	283
Lachst	283
Ermorden	283
Betracht	283
Fester	283
fraß	283
abfahrt	283
Mahl	283
schimmel	283
abkaufen	283
totalen	283
monstern	283
foul	283
hundertmal	283
Spinat	283
tucson	283
müßte	283
Pinocchio	283
Wyoming	283
Kanu	283
Vätern	283
vorderseite	283
Rumänien	283
horse	283
kirchenglocken	283
left	283
kunstwerke	283
ritchie	283
irrte	283
vorsehung	283
Beil	283
versessen	283
Antonia	283
festnageln	283
botschafterin	283
branson	283
zusammenstellen	283
Experimenten	283
kleinlich	283
erlebnisse	283
gaines	283
abteilungsleiter	283
folglich	283
ergeht	283
hegt	283
tiefpunkt	283
Rühren	282
Kriminellen	282
Anlügen	282
Feste	282
Burger	282
reparatur	282
lob	282
Sitte	282
verlangsamen	282
ausbreiten	282
binnen	282
klargemacht	282
wohlhabend	282
nachttisch	282
maultier	282
Schimpft	282
minderjährige	282
Ängsten	282
adriana	282
geburtstagsfeier	282
obgleich	282
Giraffe	282
atmest	282
einzulassen	282
schmutziger	282
ordentlichen	282
entschlüsselt	282
sank	282
erfroren	282
russisches	282
kräht	282
lodge	282
nachtragend	282
zuschlägt	282
nada	282
vollzogen	282
aufzustellen	282
Milwaukee	282
sichersten	282
abgeladen	282
Antarktis	282
strenger	282
blutbild	282
wetterbericht	282
Antoinette	282
schwangeren	282
dreieinhalb	282
klagt	282
larson	282
berry	282
Verzehrt	282
Unfähigkeit	282
boo	282
fachgebiet	282
Schalte	281
Beurteilen	281
anheben	281
schweige	281
schummeln	281
wandel	281
rekrutieren	281
stamme	281
Bertha	281
verurteilte	281
Nasenbluten	281
ansatzweise	281
chinesischer	281
herablassend	281
Henning	281
wütenden	281
Moos	281
uninteressant	281
reizender	281
fawlty	281
hierzu	281
Göring	281
Carole	281
verblasst	281
gesünder	281
annabeth	281
Sinatra	281
hyde	281
annalise	281
fallon	281
exotische	281
hulk	281
kieran	281
Chile	281
paarmal	281
funkkontakt	281
hipp	281
langweilst	281
marek	281
maude	281
hauptfach	281
Eu	281
hiergeblieben	281
korrekte	281
Björn	281
ersatzteile	281
Quittungen	281
ives	281
einhundert	281
kreiert	281
schutzhaft	281
Kauz	281
Stinktier	281
Sark	281
geschlachtet	281
sunset	281
hingeschickt	281
auszusteigen	281
Erwachsenen	280
Banken	280
Aufstellen	280
Husten	280
Buchstaben	280
forscher	280
taufe	280
Frist	280
dünnen	280
krepieren	280
schnupfen	280
verdauen	280
stande	280
stolpern	280
generals	280
ausschlafen	280
alpen	280
ladet	280
zählst	280
spalten	280
auslachen	280
dus	280
hadar	280
Concierge	280
weglegen	280
gäb	280
gepflückt	280
neutralisiert	280
vikaay	280
tatenlos	280
hochheben	280
lancelot	280
königinnen	280
überbewertet	280
unterfangen	280
außergewöhnlicher	280
erteile	280
Gefolge	280
standhaft	280
aufgeschnitten	280
Ddr	280
flaschengeist	280
familientreffen	280
motorhaube	280
bolton	280
waters	280
care	280
versau	280
abgeschoben	280
durchgesehen	280
Cdc	280
dickens	280
käuflich	280
schärfer	280
heaven	280
Töpfe	280
Spielten	279
Anzahl	279
Vorkommen	279
lücke	279
Wehr	279
Sammler	279
quoten	279
freitags	279
tanzten	279
aufkreuzen	279
rocken	279
hinwegkommen	279
brandt	279
nageln	279
ausweisen	279
Zyklus	279
flirtet	279
Callen	279
kelso	279
witziger	279
voreingenommen	279
zugeht	279
Intrigen	279
ziellinie	279
davy	279
reinzulegen	279
Hälften	279
zwischendurch	279
shaun	279
Triade	279
losgefahren	279
müsstet	279
hufe	279
Jahrbuch	279
gackern	279
blutsauger	279
Salvador	279
bundesstaat	279
Rambo	279
abdul	279
willa	279
Panda	279
aufgefressen	279
zuallererst	279
weicheier	279
bash	279
forever	279
bewohnt	279
mitmacht	279
Anschließen	278
Büchse	278
bürgern	278
zählte	278
zubereiten	278
verzögern	278
testet	278
abneigung	278
zisch	278
Tragödien	278
hüpft	278
emilys	278
Zufluchtsort	278
kriegsschiff	278
vorlage	278
eingeteilt	278
versohlt	278
farrell	278
rational	278
Nervenkitzel	278
oho	278
Wappen	278
ausgebrannt	278
straßenbahn	278
geschuftet	278
Pfirsich	278
Nordkorea	278
ladungen	278
renard	278
mari	278
unbrauchbar	278
losziehen	278
Wandelt	278
Lok	278
Endest	278
bullock	278
fortgeschritten	278
Trauzeugen	278
vollständigen	278
fortgesetzt	278
wahrgenommen	278
afrikanischen	278
busfahrer	278
Kubaner	278
lagerhalle	278
verfickt	278
devil	278
kris	278
Beseitigen	277
Ausführen	277
Drehte	277
Ersparen	277
Versteckte	277
olive	277
Recherche	277
Cover	277
Handlanger	277
partnern	277
sammelte	277
reichsten	277
räuspern	277
Gisela	277
ausführlich	277
bertrand	277
strikt	277
assistenzarzt	277
Möwen	277
Cornelius	277
sparsam	277
lkws	277
cesar	277
wasserhahn	277
Absätze	277
nützliche	277
luftangriff	277
türkischen	277
Anatomie	277
zugunsten	277
carmichael	277
genaugenommen	277
filmmaterial	277
Direktors	277
Schlächter	277
petty	277
huggy	277
oberkörper	277
wasserdicht	277
Erpresser	277
ambrose	277
verlangsamt	277
vorbeizukommen	277
zeitfenster	277
haupteingang	277
Holzfäller	277
anonymer	277
abgedeckt	277
clevere	277
hockt	277
chun	277
Gefährden	276
Urteilen	276
Preise	276
Gelten	276
komplex	276
alias	276
Klartext	276
Lippe	276
Denkmal	276
marken	276
kompletter	276
transfer	276
inneres	276
teste	276
widerrufen	276
feldern	276
vergewissern	276
pupillen	276
kristalle	276
austragen	276
vordringt	276
Stunt	276
unsterblichen	276
Identifikation	276
weiterspielen	276
Unwetter	276
Sarahs	276
tänzerinnen	276
Tibet	276
achtzehn	276
eignet	276
stabschef	276
Fabian	276
Swimmingpool	276
fürstin	276
überzeuge	276
regnete	276
ausgeräumt	276
Infusion	276
schaufenster	276
feindseligkeit	276
gewalttätige	276
Schimpansen	276
Email	276
weilt	276
science	276
bedingt	276
veraltet	276
unterziehen	276
capitol	276
garak	276
furchterregend	276
ließt	276
tk	276
Wolfram	276
eindeutige	276
Einbrüche	276
Gorillas	276
fields	276
albuquerque	276
entkommst	276
Kläger	276
rühre	276
vorsatz	276
kultiviert	276
penn	276
psychiatrischen	276
fly	276
genüge	276
Singe	275
Saison	275
Pflichten	275
Spar	275
Bewachen	275
passagier	275
mieter	275
Gefäß	275
anstecken	275
waldes	275
zweien	275
praktizieren	275
schmiere	275
sonnen	275
wings	275
walk	275
marktplatz	275
undenkbar	275
geköpft	275
heldentaten	275
feldzug	275
fruchtbar	275
Kain	275
seriennummer	275
color	275
Gesprächen	275
buckley	275
ausbricht	275
Sträfling	275
kontaktmann	275
ludo	275
Streitereien	275
Barker	275
schutzschild	275
lebendiger	275
überarbeitung	275
march	275
leichtfertig	275
gepriesen	275
polnisch	275
rhys	275
schleunigst	275
scout	275
strahlend	275
Patrone	275
informierte	275
eifrig	275
inhaftiert	275
aufgegriffen	275
verbotenen	275
zarten	275
misses	275
silva	275
verwarnung	275
Verbreiten	274
Erholen	274
Beschweren	274
Verursachen	274
wirbel	274
behälter	274
kurier	274
linkes	274
sortieren	274
essig	274
schneidest	274
evidence	274
dougie	274
dazugehören	274
into	274
anfreunden	274
halbbruder	274
Dover	274
isa	274
rückruf	274
leiseste	274
jj	274
Biopsie	274
henrietta	274
allerhand	274
zurückkehrte	274
unecht	274
besonderem	274
unterirdischen	274
eigenartige	274
Act	274
Tex	274
psychiaterin	274
gespült	274
übermittelt	274
unterhaltungen	274
Infrastruktur	274
heimliche	274
mental	274
altem	274
eingetauscht	274
willkürlich	274
flüsternd	274
gastgeberin	274
homie	274
dringendes	274
Kongo	274
verschlossenen	274
granny	274
waldo	274
Kacke	273
Vollen	273
Wohnte	273
Kaninchen	273
Systeme	273
Platten	273
Befolgen	273
kristall	273
Ferkel	273
Orakel	273
tasten	273
schaukel	273
unterlegen	273
aufgestiegen	273
rausgezogen	273
twin	273
gedenkfeier	273
princess	273
Frustration	273
Ägypter	273
friend	273
trek	273
hear	273
Spendet	273
gegenwärtig	273
arschlöchern	273
zeugenschutzprogramm	273
Dukaten	273
woandershin	273
komplizin	273
brain	273
coke	273
Transaktion	273
praktikantin	273
Schmach	273
schneemann	273
tac	273
spezialgebiet	273
weihnachtsfest	273
verkörpert	273
schwesterherz	273
Heißes	272
Kenntnis	272
marmelade	272
mächte	272
zitrone	272
Kühler	272
Knaller	272
franken	272
beanspruchen	272
rammen	272
besichtigen	272
merkten	272
arbeitern	272
Mittelsmann	272
maquis	272
zurückkehre	272
Variante	272
Michelangelo	272
Kadetten	272
ordentliches	272
gefährtin	272
ryder	272
Opposition	272
Lieferant	272
brünette	272
Rainer	272
beansprucht	272
Nobelpreis	272
hartley	272
muirfield	272
dorota	272
ep	272
Viagra	272
ziemlichen	272
abgefackelt	272
beispielsweise	272
unklug	272
nachtwache	272
polnische	272
Olympiade	272
versprecht	272
größerem	272
Sachsen	272
angelassen	272
federal	272
hits	272
seiest	272
mu	272
betreut	272
jonesy	272
verwendete	272
Eleganz	272
hundefutter	272
graves	272
ophelia	272
Alessandro	272
gewannen	272
aufzutreten	272
eingeschränkt	272
Bürschchen	272
Gebirge	272
Droht	271
Klagen	271
Beschäftigen	271
Selbe	271
zigeuner	271
Trupp	271
Schaum	271
Pickel	271
gebäuden	271
körpern	271
drängeln	271
olympia	271
wund	271
banden	271
ernsthaften	271
Konsole	271
Puck	271
einschenken	271
Bernd	271
erlebst	271
cavanaugh	271
augenkontakt	271
Makkaroni	271
Teig	271
traditionellen	271
rausreißen	271
autofahren	271
neuste	271
Blondinen	271
gorman	271
ausgerissen	271
elektrisches	271
unterzogen	271
verlängerung	271
kontaktperson	271
einfachsten	271
Visa	271
erkrankt	271
enttarnt	271
scharfsinnig	271
ungeheuerlich	271
Spürt	270
Abhängen	270
Vierten	270
Bäcker	270
ringt	270
curry	270
beschränken	270
schmücken	270
teilst	270
hilfsbereit	270
ramos	270
Kojoten	270
farbigen	270
umzuziehen	270
abgesessen	270
jets	270
Thatcher	270
lässig	270
erfrischung	270
anordnungen	270
lateinisch	270
zugelegt	270
härtesten	270
Keule	270
teuflisch	270
lichtung	270
vergeigt	270
Künste	270
anderweitig	270
blondes	270
instinktiv	270
Inschrift	270
freeman	270
wissend	270
zerstückelt	270
einzufangen	270
verlässlich	270
wogegen	270
ausgesperrt	270
gefärbt	270
korrupte	270
Zögern	269
Bezeichnen	269
Merkte	269
abflug	269
sommers	269
schutt	269
marathon	269
klone	269
Hosenscheißer	269
verächtlich	269
bev	269
armseligen	269
ferienlager	269
abschiedsgeschenk	269
einzuhalten	269
hektisch	269
organisiere	269
Antidepressiva	269
zugedröhnt	269
Sohns	269
unbeschreiblich	269
oberteil	269
Separatisten	269
Kandidatur	269
zehntausend	269
legendären	269
gonzales	269
torchwood	269
Feuchtigkeit	269
surrt	269
dustin	269
kleinkind	269
Kadaver	269
Milos	269
kommuniziert	269
alden	269
Giorgio	269
unsensibel	269
widerwärtig	269
unreif	269
fortzusetzen	269
missfällt	269
Schnüffler	269
beadle	269
potenzielle	269
Gewerkschaften	269
hoff	269
Experten	268
Betten	268
Boxen	268
Aufregen	268
Vermuten	268
Schlangen	268
Schinken	268
Wien	268
fels	268
milliarde	268
pflaster	268
ampel	268
Honorar	268
Schwan	268
Artillerie	268
sprachst	268
entladen	268
anfordern	268
handhaben	268
wechselte	268
überholen	268
beschwören	268
hütten	268
beneiden	268
zwangen	268
zusagen	268
taugen	268
Residenz	268
weitergeleitet	268
Match	268
lestrade	268
Preußen	268
glaubhaft	268
Regime	268
jüngster	268
Karaoke	268
Versailles	268
spirituellen	268
uther	268
arabischen	268
dai	268
Vista	268
vorstadt	268
bitt	268
rhythmische	268
gatsby	268
spionierst	268
isaiah	268
zurückgewiesen	268
aufzumachen	268
hercules	268
Solidarität	268
toleriert	268
landhaus	268
feueralarm	268
vorrichtung	268
deeks	268
biff	268
keating	268
Kyoto	268
ungeeignet	268
kinch	268
erwählt	268
Langes	267
Fetten	267
Binden	267
Anruft	267
Tauchte	267
Ergreifen	267
hirsch	267
Streber	267
Eiche	267
teils	267
rauscht	267
kreuzt	267
trauert	267
brech	267
tauchten	267
gelber	267
ausspioniert	267
hawthorne	267
falcone	267
Rüpel	267
schulmädchen	267
Raben	267
frauenstimme	267
move	267
stärkt	267
sterblich	267
dolan	267
Bosch	267
Emotion	267
munson	267
Chanel	267
schusswaffen	267
währt	267
übereinstimmen	267
rückflug	267
geburtsdatum	267
colby	267
reingetan	267
nadja	267
stokes	267
ausgezahlt	267
Verfolger	267
lala	267
geschummelt	267
untergegangen	267
floss	267
bruchbude	267
Moby	267
Burkhardt	267
pip	267
Bolzen	267
markierungen	267
amara	267
unordentlich	267
verbrenn	267
dokumentiert	267
mehmet	267
Anwärter	267
Kündigen	266
Geldes	266
Januar	266
Polen	266
Geräte	266
Tanze	266
mehl	266
Krümel	266
missachten	266
lüften	266
raste	266
löchern	266
benahm	266
kopfverletzung	266
rausfahren	266
today	266
Offizieren	266
stürze	266
Genesis	266
hive	266
heftiges	266
Nächstenliebe	266
Stereoanlage	266
mueller	266
Filiale	266
sampson	266
generalstaatsanwalt	266
Rachen	266
Maid	266
midnight	266
nominiert	266
verletze	266
umgekippt	266
jadzia	266
hernandez	266
Infektionen	266
übernatürlichen	266
kündigte	266
verzeichnet	266
Yorks	266
cha	266
lesbische	266
mcleod	266
trask	266
behinderte	266
abscheuliche	266
vorbeigefahren	266
weiterleiten	266
tracey	266
Erektion	266
Showbusiness	266
dodo	266
anträge	266
geleckt	266
Wahrheiten	266
hach	266
osborne	266
Regale	266
Durchmachen	265
seuche	265
Schmied	265
Darm	265
Banker	265
Imbiss	265
diesel	265
einweihen	265
feiere	265
mails	265
verheiraten	265
konfrontieren	265
bereinigen	265
aktiven	265
neustart	265
Moped	265
Adjutant	265
hinterausgang	265
bauarbeiter	265
Valeria	265
mitkriegen	265
verstarb	265
Schlüpfer	265
rauszugehen	265
betäubungsmittel	265
geleert	265
Exfreund	265
Teilhaber	265
veranstaltungen	265
Kannibalen	265
lieg	265
caffrey	265
stewie	265
strumpfhosen	265
auslieferung	265
oha	265
Aushilfe	265
aufzudecken	265
Detonation	265
Lan	265
enkelkind	265
Fiasko	265
rolling	265
Gegenden	265
verkriechen	265
Glockenläuten	265
vasquez	265
alkoholikerin	265
Kavalier	265
zögert	265
ferris	265
nice	265
auszuruhen	265
hüpf	265
Liverpool	265
Herden	265
Geschützt	264
Versichern	264
Gewinnst	264
nuss	264
lump	264
flossen	264
durchsehen	264
grenzt	264
algerien	264
gleiten	264
assistieren	264
aufschlagen	264
teilnahme	264
vorhersagen	264
flugzeugen	264
verschicken	264
schimpfen	264
shine	264
elegante	264
Greenwich	264
applaudiert	264
abgedrückt	264
schlussendlich	264
Siegfried	264
Trubel	264
Marionetten	264
Teddybär	264
haargenau	264
ziva	264
verstopfung	264
katarina	264
mitarbeit	264
goldener	264
neutralen	264
freche	264
Tommys	264
kepner	264
Messieurs	264
deanna	264
asher	264
Miene	264
elektronischen	264
Zofe	264
zunehmend	264
zauberin	264
lastet	264
drop	264
goes	264
Rollo	264
hießen	264
Muslime	264
ernsthaftes	264
unglücklicher	264
Sponsoren	264
Verschmelzen	264
steel	264
sin	264
coming	264
rasenmäher	264
kräftige	264
Moloch	264
bureau	264
Flecken	263
Braun	263
Adams	263
Halle	263
formular	263
architekt	263
streiken	263
maximale	263
abschleppen	263
tauscht	263
durchqueren	263
brillanten	263
uralte	263
marsha	263
mietwagen	263
aufgelesen	263
heimbringen	263
liebliche	263
frauchen	263
entehrt	263
constantine	263
funkspruch	263
konstant	263
beizutreten	263
Plutonium	263
Kobolde	263
geläutet	263
entwarf	263
shrek	263
Kassierer	263
konkret	263
Zepter	263
mühsam	263
Habgier	263
zusammenfassung	263
Gabi	263
fluchtversuch	263
gönn	263
auszuliefern	263
gebastelt	263
other	263
wohnsitz	263
ilsa	263
Beginnst	263
raufkommen	263
granger	263
gewaltiger	263
auszulösen	263
Zdf	263
aufgeschlagen	263
überraschungsparty	263
privatschule	263
lebhafte	263
langweiliger	263
verführerisch	263
Wandern	262
Weinst	262
Suchten	262
samt	262
bügeln	262
kassetten	262
betroffenen	262
auszurauben	262
Geschwader	262
Davidson	262
Misserfolg	262
auszunutzen	262
Terrain	262
zeugenaussagen	262
Bubi	262
anzuhängen	262
opas	262
harrington	262
Vermerkt	262
salam	262
drankriegen	262
sozialarbeiterin	262
vorgeführt	262
rege	262
moi	262
Bösewichte	262
Martinis	262
entbunden	262
kampfgeist	262
fozzie	262
knusprig	262
Martina	262
nervengas	262
konkretes	262
magischer	262
belinda	262
eileen	262
rotkäppchen	262
schufen	262
Clemens	262
Schnelligkeit	262
legendäre	262
entkamen	262
Bowie	262
barlow	262
Hindern	261
Riegel	261
Ausfahrt	261
Amateur	261
sprengt	261
weibern	261
hegen	261
flüssig	261
breiten	261
abwerfen	261
Investor	261
diplomatischen	261
erregend	261
polizeistation	261
Pr	261
lebendigen	261
sozialarbeiter	261
nachzusehen	261
brr	261
entwicklungen	261
tonys	261
stromschlag	261
portrait	261
erstaunen	261
Gemeinsamkeiten	261
reisebüro	261
shaggy	261
Lexikon	261
Durchmesser	261
oberhalb	261
melrose	261
Vladimir	261
gamma	261
edmond	261
paso	261
schauplatz	261
Hokuspokus	261
Gesten	261
vorigen	261
krankenhäusern	261
geangelt	261
mooney	261
airport	261
abgeschrieben	261
Schaffner	261
quak	261
Trust	261
Ausgeht	260
Komplette	260
Kurzer	260
kompass	260
kappe	260
hebel	260
Einhorn	260
Splitter	260
schleppt	260
aufschlitzen	260
stimmst	260
absolutes	260
schweinen	260
abdecken	260
poliert	260
dario	260
unvollständig	260
woodhouse	260
darnell	260
hexenmeister	260
andauern	260
ortiz	260
zachary	260
kammerjäger	260
flugblätter	260
dei	260
vergleichbar	260
storybrooke	260
legale	260
freeway	260
carey	260
klirrt	260
Statthalter	260
kontaktiere	260
Mitgliedschaft	260
Lissabon	260
busbahnhof	260
belügst	260
Finnland	260
einerseits	260
Jasons	260
seriös	260
Skrupel	260
stilvoll	260
mcbride	260
myself	260
äußerlich	260
vorhergesagt	260
lenore	260
kandidatin	260
Anzeigen	259
Parken	259
Koche	259
neid	259
Wurzel	259
Furz	259
parat	259
rausgerissen	259
heldenhaft	259
Tücher	259
abgeblasen	259
Röcke	259
chucks	259
anziehung	259
entschärft	259
ellenbogen	259
flink	259
trommelwirbel	259
nance	259
gedächtnisverlust	259
novak	259
weltuntergang	259
anforderungen	259
Christophe	259
Stefano	259
Troja	259
wellenlänge	259
Hyperraum	259
mentale	259
notwendigen	259
ronon	259
Forensik	259
howdy	259
baumhaus	259
anflehen	259
bewachung	259
einstellungen	259
vergiftete	259
reparier	259
lilys	259
margie	259
vorhersehbar	259
hendricks	259
mittelmeer	259
atticus	259
Mendoza	259
Pfirsiche	259
Songs	258
Breche	258
Krachen	258
Spürte	258
Folter	258
Speck	258
Kaserne	258
Trompete	258
Zylinder	258
erfolgen	258
klumpen	258
kohlen	258
kehr	258
zerren	258
beauty	258
längsten	258
psychologisch	258
protestiere	258
behoben	258
dienststelle	258
krusty	258
anwaltskanzlei	258
Pinkelt	258
gästehaus	258
leigh	258
mathieu	258
Glatzkopf	258
Passage	258
Bereichen	258
Heuchelei	258
Herausforderer	258
Geiselnahme	258
Missgeburt	258
mitnahm	258
Espen	258
mischa	258
dummchen	258
titelbild	258
abzuschalten	258
ständiger	258
Pizzeria	258
dämliches	258
jagten	258
Rührei	258
durchsuche	258
horatio	258
child	258
leitender	258
hare	258
erfüllte	258
wahrhaben	258
atomwaffen	258
unsterbliche	258
catalina	258
Geschütz	258
Emile	258
snyder	258
Aberglauben	258
hergefahren	258
betreuung	258
navid	258
innersten	258
colette	258
Yorkshire	258
kugelschreiber	258
Wahrsager	258
winziger	258
Fremd	257
Kaufst	257
Abbrechen	257
anrufer	257
rutsch	257
bankrott	257
Fackel	257
Abt	257
einschätzen	257
vieren	257
falles	257
kräftigen	257
schwimm	257
kontrollen	257
killen	257
einlösen	257
asteroiden	257
abschütteln	257
Lukes	257
unerfahren	257
übersteht	257
günstiger	257
homosexuelle	257
reisepass	257
erhältst	257
juristische	257
lehrbuch	257
befreite	257
Tel	257
weinkeller	257
reisender	257
täuschst	257
barmann	257
blowjob	257
schraubenschlüssel	257
brautjungfern	257
laberst	257
gleichermaßen	257
sexuelles	257
steuerzahler	257
mächtiges	257
Münster	257
zustimmt	257
raumstation	257
schmerzlich	257
hinzuzufügen	257
laurence	257
gewalttätigen	257
robertson	257
innenminister	257
durchzusetzen	257
taj	257
pflegeeltern	257
kugelsichere	257
Lakaien	257
juristischen	257
vorort	257
eddies	257
einstürzen	257
durchzustehen	257
xiang	257
verspannt	257
asiatische	257
Totale	256
latte	256
senior	256
Heck	256
Subjekt	256
Fax	256
impulse	256
entlarven	256
einweisen	256
bands	256
dienstags	256
kurven	256
kitzeln	256
techniken	256
abladen	256
plädieren	256
digital	256
speichern	256
abschreiben	256
reflexe	256
blenden	256
singer	256
verbannen	256
krabben	256
koscher	256
cristal	256
todestag	256
Gag	256
Schäfer	256
Brighton	256
erscheine	256
Einzug	256
betrügerin	256
freiwilliger	256
zugucken	256
skifahren	256
Hampshire	256
zerfällt	256
help	256
geordnet	256
idiotischen	256
Prototypen	256
Katholik	256
herrchen	256
door	256
Requisiten	256
conner	256
versinken	256
arroganter	256
kerry	256
Särge	256
clouseau	256
aufwächst	256
untoten	256
fong	256
gigantischen	256
seltsamerweise	256
schnappst	256
sanften	256
Galen	256
ts	256
tonfall	256
Bienen	255
Mischen	255
Piepen	255
Langem	255
Umsehen	255
Gelegen	255
Banditen	255
Hasste	255
Ernähren	255
Hacken	255
Roll	255
Kartoffel	255
paprika	255
knackt	255
schildern	255
steiner	255
kreieren	255
stiefeln	255
überlisten	255
Oberster	255
verschlimmert	255
talentierte	255
prison	255
Saustall	255
existierst	255
kera	255
taggart	255
vermacht	255
freinehmen	255
erbärmlicher	255
Natascha	255
ehrenwerter	255
argh	255
jock	255
Paulus	255
allerbesten	255
absteigen	255
vermieden	255
jfk	255
flughäfen	255
aramis	255
erniedrigung	255
improvisiert	255
ehrenmann	255
Klaps	255
duran	255
bums	255
oberbefehlshaber	255
cry	255
kennenlernt	255
wildschwein	255
Waggon	255
anmaßend	255
card	255
Susanna	255
winnie	255
ahab	255
überfluss	255
bradshaw	255
Wiederholt	254
Betrachte	254
Schmerzt	254
Redete	254
Frühen	254
Scheine	254
perle	254
professoren	254
flohen	254
kredite	254
press	254
viren	254
wiesen	254
pausen	254
ausgleich	254
Anastasia	254
handschlag	254
Farmen	254
bekämpfe	254
freedom	254
lahme	254
everything	254
nachgefragt	254
cabe	254
teufelskerl	254
auggie	254
Obduktion	254
jarl	254
Europäer	254
bucky	254
Faktoren	254
amir	254
nazir	254
bagel	254
wi	254
rülpst	254
prinzessinnen	254
Schema	254
rausgeflogen	254
tijuana	254
geimpft	254
Pfütze	254
anzuwenden	254
exzentrisch	254
eunice	254
bedeutender	254
kettensäge	254
mortimer	254
Fusel	254
chgreen	254
stopft	254
schätzung	254
annahm	254
Missgeschick	254
Grieche	254
Hippies	254
alis	254
reinschauen	254
gegossen	254
Irrenanstalt	254
stehengeblieben	254
earth	254
Wilder	253
Sicherstellen	253
Klettern	253
Fingern	253
Spürst	253
Gosse	253
verdrehen	253
eilen	253
nicken	253
lieferte	253
schwitze	253
unbehaglich	253
wirkten	253
goldmine	253
berufliche	253
community	253
Gejammer	253
Arthritis	253
einzutreten	253
vorgespielt	253
gewöhnst	253
beehren	253
Königreichs	253
Prior	253
angewendet	253
Mandarin	253
Lisbeth	253
spontane	253
watkins	253
seitlich	253
raleigh	253
trinkwasser	253
scheißhaufen	253
Hütet	253
Bewunderer	253
bedingungslos	253
lüfte	253
cornell	253
vermutete	253
dias	253
Gladiatoren	253
kompetent	253
stramm	253
browning	253
katastrophal	253
Viola	253
divya	253
Huren	252
Wells	252
Kommunizieren	252
aufwand	252
klippe	252
gewehren	252
schachteln	252
spesen	252
belehren	252
ernennen	252
umsetzen	252
hackt	252
touren	252
mundgeruch	252
leugne	252
kratz	252
Navigator	252
fahrgäste	252
menschenmenge	252
fehlschlag	252
Petersen	252
ausgetrocknet	252
vorlieben	252
entdecke	252
goldman	252
heffernan	252
sweeney	252
rockfish	252
Gladiator	252
zwillingsbruder	252
vorläufige	252
Lore	252
ahne	252
Gemeinheit	252
Louvre	252
Phlox	252
schloß	252
larkin	252
widerfährt	252
grundstücke	252
weggegeben	252
Loki	252
müllhalde	252
startete	252
höheres	252
cricket	252
killarney	252
küssten	252
maßnahme	252
paranormale	252
franny	252
Reichtümer	252
carters	252
Erdlinge	252
ad	252
trockne	252
Macbeth	252
raina	252
Mythen	252
hochnehmen	252
ausgangspunkt	252
Billiger	251
Standort	251
Leugnen	251
Ernste	251
Echo	251
Herstellen	251
verlauf	251
Stempel	251
schöpfen	251
ohrfeigen	251
anfragen	251
anlagen	251
greifst	251
stoße	251
sandte	251
mausetot	251
augenlicht	251
Implantat	251
zweifelsohne	251
dannys	251
durchwühlt	251
taktischen	251
keiko	251
minbari	251
battle	251
unerwartetes	251
unserm	251
spannender	251
finstere	251
enthauptet	251
krächzt	251
pops	251
ausweichmanöver	251
leichenbeschauer	251
primitiven	251
nog	251
Algorithmus	251
Besitztümer	251
adligen	251
telefongesellschaft	251
Philosophen	251
proctor	251
ertrinke	251
überbringe	251
cinnamon	251
abgehakt	251
Zutat	251
überheblich	251
getippt	251
freundliches	251
fluß	251
arbeitszeit	251
verdirbst	251
wuff	251
Videos	250
Verkehrt	250
Segeln	250
Verurteilen	250
Höchsten	250
Februar	250
missbrauch	250
seminar	250
Verbot	250
bloßstellen	250
hingehören	250
morales	250
trüben	250
vortragen	250
diebstahls	250
checke	250
stammte	250
überfahrt	250
Damian	250
gigantisch	250
verreckt	250
dhs	250
kabelfernsehen	250
Kiew	250
mitgehört	250
ausstrecken	250
Ampulle	250
Autopsiebericht	250
cecile	250
Myra	250
Korporal	250
brandstifter	250
Sissi	250
grotesk	250
gill	250
hochmut	250
entdeckungen	250
Zwillingen	250
anlegt	250
käsekuchen	250
hochgeht	250
Verrats	250
winslow	250
wilcox	250
ninjas	250
kopfschuss	250
Körbe	250
ferngespräch	250
lockvogel	250
entzieht	250
jingle	250
düsteren	250
should	250
Privaten	249
Steige	249
Beginne	249
Grauen	249
Denker	249
Trinker	249
aufholen	249
einschließen	249
mangelt	249
bahnen	249
aufrechterhalten	249
trompeten	249
verlassene	249
wirtin	249
voreiligen	249
Gogh	249
mj	249
reuben	249
hingehörst	249
Harem	249
Krüger	249
liebespaar	249
rundgang	249
aufgegabelt	249
jahreszeiten	249
wilma	249
todsicher	249
überrumpelt	249
gespalten	249
flippe	249
Groschen	249
getragene	249
türkische	249
smart	249
verwählt	249
dubenko	249
kenobi	249
Übereinkunft	249
inside	249
auszuprobieren	249
zögere	249
Israelis	249
Junggesellenabschied	249
Dancing	249
offensichtlichen	249
verzogen	249
Idaho	249
mateo	249
Knoten	248
Begriffen	248
Klarstellen	248
Überwinden	248
Ablegen	248
Wundert	248
Stimmte	248
Drohen	248
Entgehen	248
biene	248
beschluss	248
ast	248
Filter	248
kniet	248
versiegeln	248
rechtes	248
abführen	248
nachlassen	248
topper	248
salbe	248
nullen	248
hundes	248
gewandt	248
gemeines	248
Museen	248
Fahrräder	248
anzustarren	248
klopfe	248
warehouse	248
Clementine	248
straßensperre	248
platzpatronen	248
vertrauter	248
Ballistik	248
Moleküle	248
Kadett	248
anspielung	248
spendiert	248
gesundheitsamt	248
heimatland	248
feuerschutz	248
bemerkten	248
india	248
adressiert	248
bankraub	248
bedford	248
pfarrhaus	248
nasser	248
lebensjahr	248
schönere	248
verbrennung	248
Köln	248
clennam	248
Favoriten	248
gaststar	248
Matthias	248
bittere	248
kreuzverhör	248
ortes	248
aw	248
nächtlichen	248
verschließt	248
stießen	248
Mätresse	248
lebenskraft	248
nagus	248
lebrac	248
nachdenklich	248
pfeiffer	248
Dvds	248
kurzsichtig	248
horrorfilm	248
Puppen	247
Check	247
Juwelen	247
Bogen	247
Gewehre	247
Ächzen	247
ausmaß	247
manuskript	247
Angehörige	247
zuschauern	247
beschlagnahmen	247
infizieren	247
lehrern	247
füll	247
fürsorglich	247
custer	247
weiterentwickelt	247
vorlesungen	247
beobachtest	247
marnie	247
Büsche	247
bettwäsche	247
cove	247
area	247
wirds	247
erstarrt	247
schülerinnen	247
Dschinn	247
abgespielt	247
Boogie	247
Reportage	247
rosalee	247
car	247
überm	247
glotze	247
fotografin	247
yellow	247
vicomedia	247
runterlassen	247
before	247
lone	247
röchelt	247
denkweise	247
cyborg	247
Lektüre	247
Karat	247
gordo	247
ertrug	247
türklopfen	247
Bedient	246
Mangel	246
Knien	246
Hobby	246
abdruck	246
Zügel	246
buchstabe	246
anfertigen	246
abkühlen	246
gebühren	246
lösche	246
baracken	246
psychischen	246
sensei	246
Unrechtes	246
Thronfolger	246
vorschnell	246
sinnlosen	246
Glut	246
albany	246
mitbringt	246
eröffnete	246
Skizze	246
belügt	246
herstellt	246
forrester	246
sendungen	246
Minneapolis	246
dans	246
Dukat	246
Deserteur	246
Gleichheit	246
goldfisch	246
typischen	246
beobachtungen	246
janie	246
verschreckt	246
gregson	246
Globus	246
venice	246
bruderherz	246
Riviera	246
Ungnade	246
nemo	246
delgado	246
comedy	246
Lorenz	246
tone	246
festhält	246
selbständig	246
flüchtet	246
Konstruktion	246
beschwöre	246
Nestor	246
gefühllos	246
kayla	246
offenem	246
quadratmeter	246
cardassianischen	246
Starbucks	246
notsignal	246
sähen	246
vielzahl	246
programmierung	246
künstlerische	246
fulton	246
attraktiven	246
Roulette	246
fremdsprache	246
nachzugehen	246
Draufgänger	246
Eisen	245
Erfinden	245
Kronen	245
Siegen	245
verein	245
Elle	245
klaue	245
stoffe	245
hühnern	245
umkommen	245
kommandos	245
konzerte	245
better	245
wandschrank	245
Sinneswandel	245
blutverlust	245
izzie	245
versunken	245
hingestellt	245
hunderttausende	245
aufschlussreich	245
fehlerhaft	245
rainbow	245
vergeude	245
hah	245
Bryant	245
bronson	245
commodus	245
Innereien	245
Biker	245
kopfüber	245
Essenz	245
erzählung	245
gepisst	245
lügendetektor	245
Orchestermusik	245
Spital	245
rowan	245
briefmarke	245
tadellos	245
japanischer	245
covenant	245
jemma	245
Chemotherapie	245
pennys	245
greendale	245
glänzenden	245
cats	245
Kriterien	245
chowllye	245
beschnitten	245
demjenigen	245
Haas	245
versagte	245
laufbursche	245
batiatus	245
Afrikaner	245
Aufwacht	244
Gratulieren	244
Infos	244
Wärme	244
Verstoßen	244
Herzens	244
bordell	244
gebrauch	244
Kommode	244
Troll	244
Pokal	244
genesen	244
härte	244
zurückgewinnen	244
hintere	244
hunderter	244
venen	244
booten	244
spalte	244
bankkonten	244
kaiserschnitt	244
taschentücher	244
reily	244
Lakai	244
friedensangebot	244
überziehen	244
ortega	244
Helme	244
wick	244
travers	244
geklebt	244
windig	244
aufgebe	244
lieblingsfilm	244
macdonald	244
Karotte	244
zigeunerin	244
Vergaser	244
rumläuft	244
Allahs	244
aimee	244
ignacio	244
bao	244
zufällige	244
beschämend	244
blossom	244
wunderkind	244
verteile	244
Alba	244
reingeraten	244
präsent	244
vermieterin	244
hörtest	244
stoned	244
fallengelassen	244
einar	244
dorian	244
Nato	244
rausschneiden	244
erbschaft	244
rauschgift	244
basieren	244
Vorsichtsmaßnahmen	244
liang	244
fromm	244
Grob	243
Nagel	243
Starren	243
Blocks	243
reserve	243
Rumpf	243
Wanderer	243
Kamel	243
Architektur	243
veilchen	243
steigert	243
aufwärts	243
steil	243
rassen	243
Aneurysma	243
Cnn	243
unehrlich	243
friedlicher	243
joss	243
aussehenden	243
Mikroskop	243
berechnung	243
Krücken	243
redewendung	243
verantwortungslos	243
richtest	243
dreifache	243
unterhält	243
rätselhaft	243
wertschätzung	243
lausigen	243
missverständnisse	243
weggehst	243
geschminkt	243
bezirksstaatsanwalt	243
geldautomaten	243
verhielt	243
infiltriert	243
kati	243
Gelaber	243
pflegerin	243
ji	243
gelehrter	243
cheung	243
beinhalten	243
eingelebt	243
calder	243
Vandalismus	243
andersherum	243
Fete	243
kappa	243
brandneu	243
leichenwagen	243
autohupe	243
erhöre	243
vorliegt	243
ducky	243
bajoraner	243
Camper	243
himmlischer	243
butterfly	243
connell	243
hasan	243
Saddam	243
driscoll	243
Palmen	243
kip	243
Erobern	242
Spinnen	242
Gestalt	242
Plaudern	242
Schneidet	242
Haft	242
Knallt	242
mikro	242
Trümmer	242
warnt	242
besaufen	242
plagen	242
unfalls	242
austrinken	242
klär	242
zerlegen	242
enthüllung	242
fontaine	242
zusammengebracht	242
stripperinnen	242
rührst	242
strömt	242
Rumpelstilzchen	242
dreifach	242
durchgehalten	242
renata	242
goldberg	242
Gaulle	242
alone	242
Köche	242
bessie	242
Ballerina	242
Johnsons	242
gekrönt	242
Frisör	242
landry	242
Marquise	242
wurscht	242
goodbye	242
darzustellen	242
öffneten	242
künftig	242
Bodyguards	242
Ebenbild	242
nachlässt	242
clarkson	242
gerichtsgebäude	242
versuchter	242
besuchszeit	242
ernennung	242
rausgenommen	242
starks	242
klingonische	242
behauptungen	242
zuchthaus	242
strafverfolgung	242
schüssen	242
Verluste	241
Films	241
Trag	241
träger	241
zünder	241
Laterne	241
Schreiber	241
Schürze	241
Organ	241
rasten	241
ärgere	241
dröhnen	241
brote	241
tolerieren	241
fälschungen	241
festsitzen	241
Terminator	241
Millionäre	241
kerngesund	241
hilflosen	241
Reisten	241
Kleopatra	241
filmstars	241
lebenslange	241
ausfällt	241
mitschüler	241
einfühlsam	241
auszutauschen	241
teuflische	241
Tube	241
Salsa	241
elfenbein	241
fury	241
überzahl	241
Marias	241
beruhigung	241
Medina	241
vernarrt	241
sämtlichen	241
Amos	241
Meteor	241
pures	241
weihnachtsfeier	241
banküberfall	241
geplanten	241
äußersten	241
versage	241
entstellt	241
winterfell	241
pflegefamilie	241
Rekrut	241
chefredakteur	241
Fasste	241
goldie	241
olson	241
wettrennen	241
molesley	241
klingelton	241
unschädlich	241
undicht	241
zeitlich	241
petze	241
sowjetische	241
Firmen	240
Fickt	240
Schräg	240
Bluten	240
Beamten	240
hupe	240
Zweig	240
Blockade	240
taufen	240
wanderte	240
platze	240
trieben	240
rutsche	240
anschaffen	240
wassers	240
vernehmen	240
beschließen	240
schiller	240
abriegeln	240
austricksen	240
lümmel	240
ducken	240
Karla	240
jaaa	240
unterbinden	240
elternhaus	240
alyssa	240
eingebuchtet	240
Kies	240
längeren	240
umzudrehen	240
pah	240
ergriff	240
bildfläche	240
lieblingslied	240
Hobbes	240
babysitterin	240
godfrey	240
wohlbefinden	240
gekehrt	240
prächtige	240
bewerbungsgespräch	240
Aufbruch	240
schlafmütze	240
abgehen	240
hetty	240
Unwissenheit	240
offizielles	240
senil	240
feiertagen	240
doktortitel	240
pd	240
grünschnabel	240
erträgst	240
verschworen	240
selbstwertgefühl	240
übertreten	240
Cholera	240
Einmischen	239
Futter	239
Beschuldigen	239
Aktien	239
zeh	239
freud	239
anflug	239
Pilger	239
Ausbilder	239
mini	239
aufheitern	239
erhängen	239
weiden	239
schreiten	239
schulzeit	239
shana	239
rhett	239
besiegte	239
nahrungsmittel	239
schriftrolle	239
intus	239
bono	239
violette	239
aeryn	239
Intervention	239
inszenierung	239
bewertet	239
ridley	239
bettlaken	239
johnnie	239
Knut	239
schauspielerinnen	239
schlafsack	239
abschleppwagen	239
schläfrig	239
verblassen	239
wait	239
selbstgespräche	239
drogenhändler	239
mayfield	239
stockton	239
festnahmen	239
Bey	239
freudig	239
beaumont	239
empfiehlt	239
schäbigen	239
beleidigst	239
Implantate	239
vorgarten	239
Kambodscha	239
publik	239
wirjetzt	239
vergiftung	239
halliwell	239
tragischer	239
lähmung	239
barclay	239
annabel	239
identifizierte	239
cem	239
entfacht	239
Lauras	239
hinterteil	239
beugt	239
Attila	239
murtaugh	239
Abziehen	238
Messe	238
schleife	238
speer	238
ablauf	238
wiese	238
Siedler	238
Apotheker	238
Schmuggler	238
Aufbau	238
munde	238
ausgehe	238
planten	238
jacken	238
schinden	238
grübeln	238
umleiten	238
verspüren	238
privatjet	238
polizeipräsident	238
kapitulieren	238
ck	238
Hemingway	238
Guatemala	238
jährlichen	238
Emir	238
Geschwür	238
gewissenhaft	238
organisierten	238
lebendes	238
Stühlen	238
Nicaragua	238
tape	238
kennenlernst	238
auszumachen	238
Pose	238
Telepathie	238
schiefgegangen	238
Unruhestifter	238
schlagsahne	238
Cincinnati	238
Schizophrenie	238
arabische	238
wäschst	238
fist	238
mannomann	238
Jockey	238
stärkeren	238
solchem	238
deckname	238
gedämpft	238
aushält	238
populär	238
Montagmorgen	238
verdankt	238
füllung	238
bela	238
muhammad	238
Deutscher	237
Gebete	237
Lande	237
Finale	237
list	237
Diplom	237
Lacher	237
Antenne	237
monde	237
kehrten	237
komfort	237
verbrechern	237
abweichung	237
wegzuwerfen	237
beliebter	237
Hoffmann	237
angebunden	237
sensible	237
wirksam	237
hinterlass	237
hochschule	237
bartholomew	237
historisch	237
Förster	237
low	237
sicherheitsgründen	237
patmore	237
Präfekt	237
wortspiel	237
terra	237
alva	237
verlangten	237
Nachhinein	237
verfolgungsjagd	237
zuckerwatte	237
wiedergekommen	237
zugibt	237
cao	237
demütig	237
saw	237
Komponist	237
berühmteste	237
emotionaler	237
daedalus	237
Snob	237
tae	237
zurückkamen	237
grover	237
rettungsboot	237
Levi	237
bevorstehenden	237
Blasphemie	237
tintenfisch	237
rocket	237
garnicht	237
Direktion	237
intime	237
unvergesslich	237
bierchen	237
sündigen	237
Gewährt	236
Erteilen	236
Rahmen	236
Fehlte	236
Kanonen	236
Klub	236
Jubeln	236
absatz	236
main	236
lehne	236
buße	236
rausch	236
anfrage	236
klatsch	236
schleudern	236
verschleiern	236
domino	236
witwen	236
registrieren	236
gönne	236
untergeschoss	236
medizinmann	236
friends	236
auszureden	236
schnalle	236
kontrollierte	236
frites	236
Skizzen	236
jimmys	236
geschwänzt	236
verflixte	236
hadley	236
cartman	236
verschlüsselte	236
liebchen	236
django	236
Matsch	236
Häfen	236
Lokomotive	236
frohen	236
Singles	236
vorübergehende	236
Zen	236
sprangen	236
voss	236
emmet	236
pickup	236
dumpfes	236
Böden	236
beliebteste	236
Petition	236
Silvio	236
reinem	236
besagte	236
Beauftragte	236
überwache	236
wähl	236
Leipzig	236
Lebzeiten	236
Interviewt	236
brustwarzen	236
sicherheitskameras	236
Servieren	235
Fotografieren	235
Schwächen	235
Sternen	235
Bemühen	235
Stillen	235
Beschaffen	235
Gruppen	235
Schwarzes	235
Durchhalten	235
Kooperieren	235
Greif	235
pol	235
harmonie	235
kelch	235
Matte	235
Elch	235
verpflichten	235
leerer	235
ankämpfen	235
kinos	235
schreckt	235
chevalier	235
ertönen	235
camillo	235
wegfliegen	235
schatzi	235
zwo	235
bennie	235
ric	235
künftigen	235
passender	235
Shuttles	235
parsons	235
verbreitete	235
Nickel	235
vorgemacht	235
Delegation	235
laufend	235
Ignoranz	235
christmas	235
eloise	235
müden	235
rizzo	235
Patron	235
markenzeichen	235
verbitte	235
while	235
wachposten	235
sondereinheit	235
Portionen	235
renovierung	235
verhängt	235
Kirsten	235
Sodbrennen	235
aufforderung	235
Derrick	235
schlägen	235
bobbi	235
Pförtner	235
tiefstem	235
erschwert	235
rin	235
claes	235
kroch	235
befürchtete	235
ki	235
crest	235
lichtgeschwindigkeit	235
district	235
Großem	234
Andenken	234
arrest	234
haupt	234
Ventil	234
Matrose	234
würfeln	234
klingelte	234
schwimme	234
zappeln	234
hinterfragen	234
spekulieren	234
verheirateter	234
chilton	234
oak	234
übermütig	234
Tofu	234
anzugehen	234
neutrale	234
heulsuse	234
Mossad	234
Anrecht	234
clifton	234
polnischen	234
dickkopf	234
trauzeugin	234
northern	234
zweihundert	234
roxanne	234
Stube	234
infizierte	234
chevron	234
katya	234
dre	234
dwayne	234
Schlumpf	234
bundespolizei	234
erwies	234
gezüchtet	234
Anhaltspunkte	234
hierüber	234
ablehnt	234
passierschein	234
Versionen	234
startbereit	234
kaffeemaschine	234
rastet	234
georgetown	234
hobson	234
landstraße	234
Lazarett	234
eisenkraut	234
thunder	234
elin	234
gegenwärtigen	234
monatlich	234
cordy	234
Arabien	234
unbestimmte	234
fitch	234
Machenschaften	234
zuständigen	234
armselige	234
bekifft	234
obdachloser	234
Schuhen	233
Federn	233
eule	233
bann	233
dialog	233
Bündel	233
Juwelier	233
Mediziner	233
zerfallen	233
flattern	233
berges	233
betont	233
verzweifeln	233
bediene	233
applaudieren	233
Antonius	233
teuflischen	233
try	233
bestrafe	233
leugnet	233
Michaela	233
chiefs	233
weingut	233
geistlichen	233
Schubert	233
reibt	233
ungeschützt	233
Adaption	233
anspannung	233
Hehler	233
wirs	233
shen	233
armbrust	233
widerliches	233
aggressive	233
tomorrow	233
bugs	233
gruseligen	233
autodiebstahl	233
skitter	233
ruhst	233
aii	233
gespuckt	233
narn	233
herumläuft	233
kostenlosen	233
maud	233
eingangstür	233
Verweisen	233
kandidiert	233
Infarkt	233
tussis	233
kaputtes	233
Nicola	233
hausfrauen	233
exekutiert	233
Detektei	233
merle	233
plagt	233
avon	233
Egoismus	233
ausgebreitet	233
weigerst	233
schockieren	233
Intensität	233
überwiegend	233
Szenen	232
Verstecke	232
Summen	232
Messen	232
Ringe	232
Aufspüren	232
eigen	232
Umlauf	232
Schleim	232
Knecht	232
Biber	232
Bub	232
Zugabe	232
Aufschlag	232
dacht	232
gewähre	232
fördert	232
feuerte	232
fehlten	232
melken	232
zimt	232
leave	232
Dickerchen	232
ehrliches	232
serviere	232
kulturelle	232
Kenia	232
carlson	232
einzusteigen	232
mahoney	232
bezweifele	232
geheimagent	232
Aida	232
Diktatur	232
zimperlich	232
städtischen	232
videokamera	232
symbolisiert	232
holloway	232
raptor	232
schei	232
Arkansas	232
polizeibeamter	232
genützt	232
Transmitter	232
Taugenichts	232
Thorn	232
speedy	232
Jürgen	232
wiederbeleben	232
Ness	232
vorgesetzte	232
zugute	232
befriedigend	232
trade	232
unterliegen	232
abfackeln	232
verschwundene	232
versöhnt	232
gequatscht	232
fänd	232
anmacht	232
blutspuren	232
Nachteile	232
rey	232
Henne	232
Instinkten	232
Gegners	232
durchsuchungsbeschluss	232
erhaben	232
hinfort	232
tad	232
babs	232
hatun	232
Syndrom	232
Schläfchen	232
gewissensbisse	232
hunderttausend	232
idiotische	232
gestillt	232
tansy	232
zusammenpassen	232
Fünfte	231
Mieten	231
Rauche	231
Betteln	231
protest	231
panne	231
Tracht	231
statuieren	231
kritiken	231
koordinieren	231
umfragen	231
spiegeln	231
selbstmordversuch	231
clarice	231
glee	231
ahmad	231
rausgerutscht	231
abgelöst	231
Aa	231
Amore	231
röntgenbilder	231
aufgetrieben	231
Vancouver	231
unerwünscht	231
popeye	231
Smalltalk	231
inhumans	231
hodge	231
Niederlagen	231
Latinum	231
burrito	231
seelenverwandte	231
hausfriedensbruch	231
serling	231
tao	231
umarmungen	231
states	231
Pavillon	231
jährliche	231
willig	231
börsenaufsicht	231
yusuf	231
italienischer	231
beschuldige	231
angeschnallt	231
Sioux	231
sägewerk	231
Bettina	231
begrenzte	231
zusammensein	231
leibliche	231
kommunistischen	231
Sabbat	231
Späße	231
unterleib	231
pfefferspray	231
Gegenseitigkeit	231
Jungchen	231
Bestseller	231
bereitest	231
Gaia	231
gestatte	231
schleich	231
unterbrich	231
Pfosten	231
Gertrud	231
ekelig	231
roge	231
Kolumbus	231
abgehackt	231
Nutze	230
Bereithalten	230
Touristen	230
ansprache	230
brenner	230
reaktor	230
ansage	230
kompromiss	230
gründer	230
eingeweide	230
industrie	230
Baracke	230
mix	230
pöbel	230
brummen	230
extremen	230
verbünden	230
hasch	230
geschleudert	230
Holocaust	230
gebenedeit	230
Kriegern	230
atwood	230
vereinigt	230
geeignete	230
unbewusst	230
wusch	230
fluggesellschaft	230
clair	230
genen	230
einzuholen	230
lebenserhaltung	230
blaze	230
entsprechende	230
amtszeit	230
Monterey	230
waschbären	230
Steward	230
fei	230
jeanie	230
Wirtshaus	230
erdrosselt	230
elisa	230
Honolulu	230
dienten	230
wohltätigkeit	230
augenblicken	230
Schillinger	230
Heide	230
schämte	230
geritzt	230
Eisenhower	230
Mäusen	230
sozialamt	230
clave	230
arrangiere	230
verringert	230
Ausschau	229
Bellen	229
Manipulieren	229
Knurren	229
Tatsachen	229
Gurt	229
Dürre	229
Drucker	229
Sympathie	229
faxen	229
klonen	229
globalen	229
verfluchen	229
totales	229
bretter	229
sprech	229
aktive	229
Klapsmühle	229
tosh	229
coffee	229
Quarter	229
Nachfahren	229
geschwiegen	229
qui	229
Safari	229
todmüde	229
vollzeit	229
Saturn	229
rafe	229
bane	229
berühr	229
wegsperren	229
janes	229
wachhund	229
vorschule	229
Horne	229
angetrauten	229
heule	229
Einwand	229
woo	229
telefonierte	229
Aroma	229
geller	229
zirpen	229
vorausgesagt	229
Protestanten	229
Masern	229
Gardens	229
lion	229
stichwunden	229
hiroshi	229
marshalls	229
beleidige	229
copperfield	229
treibende	229
hämisch	229
Moritz	229
auszieht	229
Glückseligkeit	229
historischer	229
schwedischen	229
disqualifiziert	229
Back	228
Jahrhunderts	228
Schalt	228
Kräften	228
pumpe	228
Röhre	228
Pilz	228
Totschlag	228
Zuhörer	228
schikanieren	228
auffüllen	228
prozesses	228
phasen	228
berauben	228
geschäfts	228
erlegen	228
dealen	228
schauten	228
vergleiche	228
knacker	228
gedulden	228
umstellen	228
sands	228
hinters	228
aushandeln	228
partners	228
verspotten	228
managerin	228
schlaflosigkeit	228
anbeißen	228
wöchentlich	228
anspricht	228
sharona	228
tea	228
außenteam	228
flowers	228
kämpferin	228
zimmernummer	228
Castor	228
chefarzt	228
bret	228
abwechselnd	228
garnichts	228
fortan	228
bekleidet	228
Gespött	228
drovers	228
metal	228
geschädigt	228
Memme	228
Wrestling	228
organische	228
bens	228
enid	228
Abhängigkeit	228
Steg	228
nützlicher	228
Dörfern	228
Kaktus	228
krummen	228
Ruine	228
soho	228
bolt	228
sprechanlage	228
einzuwenden	228
verdrückt	228
Horoskop	228
verspüre	228
miauen	228
Irma	228
Skateboard	228
Ausleihen	227
Schlucken	227
Erben	227
Pflanze	227
exil	227
verriegeln	227
kappen	227
uralt	227
birkhoff	227
Grollt	227
freundlicherweise	227
erotische	227
intelligenten	227
alaikum	227
costello	227
kaputter	227
purple	227
erhob	227
rar	227
verbleib	227
elektromagnetische	227
Ausrutscher	227
arg	227
Agenda	227
vollkommene	227
Forum	227
hierzubleiben	227
zuleide	227
quo	227
letzen	227
aufkreuzt	227
zahnseide	227
Brände	227
Delfin	227
mußten	227
zwanziger	227
lockere	227
komponiert	227
ipad	227
eingesehen	227
stellvertretenden	227
wog	227
ferngesehen	227
genaueres	227
ehrwürdige	227
jang	227
Intellekt	227
gestrickt	227
nackter	227
schmeichelt	227
smokey	227
essenszeit	227
Formen	226
Bescheiden	226
Streifen	226
Kasten	226
Zeichnen	226
Backen	226
Scheitern	226
Geboten	226
Auslösen	226
Pferden	226
wisch	226
bomber	226
Spalt	226
Hamster	226
Pinsel	226
kost	226
realisieren	226
originale	226
erbitten	226
verdecken	226
Verdeckten	226
another	226
schwartz	226
Cannes	226
bauarbeiten	226
irrsinnig	226
gehindert	226
cid	226
wexler	226
Crassus	226
antikörper	226
stellungen	226
living	226
unterliegt	226
camden	226
Nil	226
durchgestanden	226
erlebten	226
metallisches	226
gesandten	226
verwaltet	226
rumzuhängen	226
Verbände	226
pritchard	226
Florian	226
stripclub	226
unterschätze	226
schöpft	226
amour	226
lowry	226
zusammensetzung	226
hintergedanken	226
intellektuellen	226
brandi	226
religiöser	226
strong	226
String	226
voraussetzung	226
ruthie	226
Zoff	226
shore	226
Scheusal	226
hinterlegt	226
zusammengekommen	226
draufgegangen	226
mans	226
schnallt	226
gesichtserkennung	226
zeitreise	226
begründet	226
gestreift	226
rourke	226
Ungewissheit	226
zurückzuhalten	226
anwesende	226
Harfe	226
konzentrierst	226
goldstücke	226
Amerikas	225
Erpressen	225
Zähnen	225
Model	225
Besitze	225
lachs	225
diamant	225
poster	225
strick	225
Urkunde	225
bescheidene	225
fegen	225
fauchen	225
bunt	225
rekonstruieren	225
uralten	225
geplaudert	225
futtern	225
schmiss	225
beschimpfen	225
zungen	225
vertrage	225
Macker	225
rechtmäßige	225
durchzugehen	225
bräuchtest	225
runtergekommen	225
künftige	225
devereaux	225
weitergemacht	225
recep	225
raja	225
fortgegangen	225
hide	225
kriegsheld	225
ministerin	225
vorwahl	225
Eroberer	225
verführung	225
wegschmeißen	225
oberkommando	225
vereinbarten	225
verkackt	225
hauptkommissar	225
zellenblock	225
Nabelschnur	225
kritische	225
jing	225
unschön	225
dauerhafte	225
jesses	225
Titte	225
erbt	225
ohhh	225
eingeschleust	225
wegnimmt	225
Visite	225
Provokation	225
spezieller	225
Lieblinge	225
erwärmung	225
Waller	225
justizminister	225
Sandalen	225
zurückgelegt	225
Zuschlagen	224
Reinigen	224
Quälen	224
waise	224
Späher	224
lorbeeren	224
blickte	224
gesellen	224
teilchen	224
fasern	224
erfahrener	224
donnerstags	224
hetzt	224
kiffen	224
gießt	224
papstes	224
anbauen	224
grollen	224
linden	224
Yves	224
doppeltes	224
Schmarotzer	224
frida	224
massenhaft	224
vorzutäuschen	224
bohannon	224
cochran	224
Showgeschäft	224
Amandas	224
fredrik	224
hochgeladen	224
festessen	224
gekürzt	224
vergnügungspark	224
gestaltet	224
hardison	224
Generatoren	224
mobiltelefon	224
gustavo	224
eingewilligt	224
seeleute	224
sättigung	224
hinausgehen	224
hiesige	224
ergib	224
bösartige	224
bäng	224
Orpheus	224
aufzulösen	224
umkleideraum	224
Puzzles	224
spießig	224
sparrow	224
großzügiger	224
buchstabiert	224
gaga	224
miterleben	224
aufsichtsrat	224
salzwasser	224
matheson	224
Colleges	224
sana	224
Ralf	224
tach	224
stehend	224
schrotthaufen	224
Trikot	224
siehste	224
gnädigste	224
herauszufordern	224
Feeling	224
suspendierung	224
triebwerk	224
Sold	224
bowen	224
Kidnapping	224
wartung	224
endgültigen	224
maskierte	224
Faulpelz	224
Gewässern	224
Katia	224
marisa	224
bellheim	224
zusammengesetzt	224
Surfer	224
Picknick	223
Flüstern	223
Dynamit	223
Organe	223
Monats	223
frachter	223
Taucher	223
Entwürfe	223
kränken	223
schütten	223
knöpfen	223
befestigen	223
abzuwarten	223
geeigneten	223
schwindet	223
anschaue	223
kittchen	223
Blöcke	223
verehre	223
flo	223
verbreitung	223
rays	223
vertuschung	223
wegkommt	223
vollziehen	223
übergelaufen	223
durchsickern	223
schädlich	223
benehme	223
jeher	223
vorwarnen	223
cheerleaderin	223
durchschnittliche	223
Flores	223
straftäter	223
wußten	223
Amazonas	223
gerichtsdiener	223
konkrete	223
mata	223
zaubertrick	223
arbeitslosigkeit	223
weihwasser	223
krepiert	223
willenskraft	223
anrichtet	223
zahm	223
bartlett	223
klebrig	223
rumfahren	223
records	223
vo	223
Wörtchen	223
Faber	223
nutzlose	223
abnimmt	223
allererste	223
langfristig	223
kessler	223
Pipeline	223
Predigten	223
Taler	223
thermometer	223
gehaltsliste	223
feuerholz	223
vulkanische	223
verrückteste	223
fruchtblase	223
wehrlos	223
nationalhymne	223
mccabe	223
durftest	223
bindungen	223
Quartal	223
kitchen	223
Leckerbissen	223
beliebte	223
Guru	223
Rommel	223
unabhängigen	223
wirkliches	223
Profis	222
Ressourcen	222
Nationale	222
Warme	222
nachschub	222
riese	222
hang	222
Krähe	222
Knüppel	222
Arterie	222
duzen	222
zugehen	222
prahlen	222
beschädigen	222
fechten	222
bemitleiden	222
radikale	222
wegräumen	222
klinische	222
sees	222
isles	222
merrick	222
Wimper	222
moreau	222
heimatschutz	222
weiterlaufen	222
bourne	222
Mistvieh	222
lundy	222
kalinda	222
zylon	222
intellektuelle	222
großzügiges	222
riesenfehler	222
Ulrich	222
Pfote	222
vornehme	222
symbolisch	222
berüchtigte	222
lutscht	222
reib	222
divine	222
rome	222
schlafend	222
mitnehme	222
grundlegende	222
untersuchungshaft	222
Jacksons	222
scharfer	222
nachgegeben	222
klassisches	222
Klapse	222
totenwache	222
dreams	222
schliche	222
ausgespielt	222
ungewiss	222
äußeres	222
Giuseppe	222
hauptdarsteller	222
Ungeduld	222
glatter	222
lieblich	222
redding	222
chekov	222
ausbreitet	222
eilmeldung	222
menschenrechte	222
ausgerottet	222
Häppchen	222
Verrücktheit	222
Wurzeln	221
Aufhängen	221
Loslegen	221
Befürchten	221
Zittern	221
aufruf	221
lift	221
verschluss	221
Zement	221
totlachen	221
mittwochs	221
gedeihen	221
nähren	221
fronten	221
word	221
hohl	221
uran	221
idealen	221
pin	221
hinterhältige	221
schwerhörig	221
spieluhr	221
übereinander	221
empfehlungsschreiben	221
verzweifelter	221
malia	221
zeitig	221
gilligan	221
abhaust	221
rechtliche	221
spaziergänge	221
färbt	221
statistisch	221
aufzubrechen	221
lederjacke	221
mittagszeit	221
zerotollerance	221
Lautstärke	221
ermüdend	221
gratuliert	221
windpocken	221
sternschnuppe	221
bigfoot	221
Chateau	221
postfach	221
verfällt	221
schaltete	221
glatte	221
kommende	221
lavinia	221
ehrenwerten	221
joffrey	221
feds	221
hildy	221
millers	221
id	221
Abc	221
geschüttet	221
köstliche	221
benötigte	221
staten	221
späteren	221
plattenspieler	221
wiederzufinden	221
Tripper	221
bedeutenden	221
staatssekretär	221
Demenz	221
wartezeit	221
namensschild	221
Psychose	221
lallt	221
flemming	221
Kruste	221
blutproben	221
guerrero	221
alk	221
diesjährigen	221
verliebst	221
Schaute	220
Drängen	220
Zweifeln	220
Lecken	220
satellit	220
Nachwuchs	220
Tourist	220
Titan	220
butters	220
schrubben	220
aufrufen	220
verrichten	220
schritten	220
brauner	220
entzünden	220
braunes	220
schafen	220
tugenden	220
klatscht	220
halbem	220
erlernen	220
nukleare	220
Jemen	220
Propeller	220
abzusagen	220
spendiere	220
empor	220
santino	220
garza	220
lebensmittelvergiftung	220
kanadischen	220
vizepräsidentin	220
hierbehalten	220
unterbesetzt	220
riskierte	220
ehemals	220
anzuschreien	220
vogue	220
auseinandernehmen	220
cruise	220
merry	220
selena	220
einzuziehen	220
Trompetet	220
Schießereien	220
una	220
victory	220
zeigefinger	220
unterstehen	220
Waffel	220
panikattacke	220
eingeäschert	220
kampflos	220
Genfer	220
kato	220
forensische	220
unzerstörbar	220
miterlebt	220
kinderheim	220
tyrell	220
Bethlehem	220
schutzlos	220
technisches	220
Tendenz	220
siehts	220
fürchteten	220
uhura	220
entschloss	220
beruflichen	220
muttertag	220
orgelmusik	220
Aktionäre	220
Arthurs	220
ausgewichen	220
adebisi	220
gotta	220
minenfeld	220
gewählte	220
Kilogramm	220
Paragraph	220
irrational	220
schulabschluss	220
eureka	220
ergaben	220
Geistes	219
Braten	219
Brüllen	219
Münzen	219
rabatt	219
Offensive	219
Bewerber	219
Bohrer	219
marketing	219
verladen	219
ziggy	219
sylar	219
festgebunden	219
gul	219
zügig	219
hochverrats	219
schwebte	219
Strip	219
Brokkoli	219
ozzie	219
salzig	219
Foyer	219
italienisches	219
veränderten	219
unauffindbar	219
knappen	219
ähh	219
brautpaar	219
Veteran	219
eskaliert	219
unterredung	219
zurückzugewinnen	219
nagellack	219
burn	219
colton	219
straftaten	219
sies	219
majid	219
caputo	219
Inga	219
solls	219
lelouch	219
intensive	219
Wischt	219
frischfleisch	219
digger	219
Storch	219
sternzeichen	219
terrorisiert	219
marthe	219
Bridges	219
elsie	219
ruiz	219
klarem	219
kugelsicher	219
klassenkameraden	219
manson	219
End	218
Merk	218
Boote	218
Reite	218
Radar	218
putz	218
kritiker	218
zicke	218
Insekt	218
Parasit	218
insulin	218
langsamen	218
vorschau	218
verbrennst	218
zusammentreffen	218
risa	218
signiert	218
umzusetzen	218
Podium	218
clovis	218
margaux	218
äußerste	218
zurückzulassen	218
verändere	218
ergebnissen	218
langweiliges	218
Goethe	218
weii	218
unternimm	218
überrannt	218
Hysterie	218
without	218
menschenseele	218
bewegend	218
Konsequenz	218
aufgeregtes	218
sicherungen	218
nichtsdestotrotz	218
tig	218
Inventar	218
Wegweiser	218
sinnvolles	218
verborgene	218
einzuschlafen	218
kareem	218
inkompetent	218
Tigers	218
mets	218
träge	218
leiblichen	218
anmache	218
bedürfnissen	218
tätowierungen	218
königlich	218
fußballspiel	218
hamid	218
Dix	218
reeves	218
flipp	218
zivilisierte	218
Robe	218
Termine	217
Windeln	217
Aufheben	217
erfinder	217
niete	217
portier	217
beobachter	217
Loge	217
zitronen	217
nuklearen	217
bronze	217
missverstehen	217
zügeln	217
veräppeln	217
wichsen	217
wohn	217
turn	217
schwebe	217
erhöhung	217
verbundenen	217
far	217
Boutique	217
verlogene	217
eintrittskarte	217
braxton	217
verfüge	217
mordopfer	217
Lombard	217
asa	217
verspeist	217
Quecksilber	217
anzustellen	217
hocherfreut	217
pancakes	217
Duett	217
aufzusuchen	217
marla	217
besetzten	217
hungrige	217
rach	217
prominente	217
aldo	217
eingelöst	217
Hitchcock	217
namaste	217
Rousseau	217
Organismen	217
sonnenbrand	217
ermittle	217
kingsley	217
Brite	217
sozialversicherungsnummer	217
gasthof	217
brenzlig	217
batista	217
ruiniere	217
nunmehr	217
gerichtsverfahren	217
empfing	217
absurde	217
liebesbrief	217
mycroft	217
Schäfchen	217
gelobe	217
unterdrückten	217
Freizeit	216
Vergeuden	216
Blass	216
Faden	216
Kleinste	216
einfahrt	216
durchschnitt	216
Tomate	216
amok	216
abdrehen	216
essens	216
unterlassen	216
interpretieren	216
gutgehen	216
plätschern	216
fahnen	216
teppiche	216
mithelfen	216
weiches	216
digitale	216
störte	216
niederlassen	216
sozial	216
maßen	216
Tribüne	216
verzerrte	216
Kiosk	216
root	216
energisch	216
geplagt	216
row	216
korrigiere	216
Kriegten	216
abrupt	216
gewaltiges	216
brewer	216
radioaktivität	216
verordnung	216
Waldemar	216
chick	216
Südwesten	216
beraterin	216
münztelefon	216
guthrie	216
maklerin	216
verwandelst	216
sato	216
gekettet	216
lam	216
Inkompetenz	216
entflohen	216
angewandt	216
Bern	216
ausgewiesen	216
Aviv	216
flüchtete	216
wachdienst	216
schießstand	216
Gedärme	216
kreativen	216
leia	216
schüttel	216
Maxim	216
londo	216
weinberg	216
Aschenputtel	216
nichtig	216
sprengkopf	216
sensibler	216
Referat	216
blutkörperchen	216
Ideale	215
Eiern	215
Dritter	215
Ersticken	215
völker	215
empfänger	215
hybriden	215
bio	215
reichste	215
berufe	215
fortpflanzung	215
Casinos	215
nnen	215
Verhörraum	215
beziehungsweise	215
bobbys	215
sonnig	215
Bali	215
rückfahrt	215
durchlebt	215
harker	215
Schlafengehen	215
whitehall	215
gebrochenem	215
pond	215
aktivierung	215
wettstreit	215
ausgearbeitet	215
weather	215
Deadline	215
vorfinden	215
Cornelia	215
reinhauen	215
verlegung	215
wahrsagerin	215
gwendolyn	215
unartig	215
geburtsort	215
sofortigen	215
Schwätzer	215
Leader	215
Königen	215
wüßte	215
alleingang	215
phänomenal	215
keeler	215
ti	215
krankenakte	215
dobey	215
swift	215
gewinnerin	215
seal	215
gerutscht	215
systematisch	215
absteige	215
nachzuholen	215
xiao	215
Lexington	215
Witzfigur	215
bloßgestellt	215
schweinestall	215
versteigert	215
tampa	215
maßstab	215
verstorbener	215
Belegschaft	215
finley	215
argo	215
Lungen	214
Abschneiden	214
Reue	214
Rhythmus	214
Moore	214
Stechen	214
astronaut	214
kundschaft	214
kröte	214
kalb	214
Abteil	214
Zirkel	214
motors	214
filmt	214
süd	214
wärmt	214
verstellen	214
abschlachten	214
sunnydale	214
grässliche	214
Scharade	214
carr	214
abzuschneiden	214
runtergeholt	214
körpertemperatur	214
konzentrierte	214
leif	214
drenton	214
privatbesitz	214
totem	214
untertreibung	214
dazugehört	214
abzüge	214
schusswunden	214
durchgeknallte	214
lungenkrebs	214
beiträge	214
Gefälligkeit	214
bärchen	214
versetzte	214
rohe	214
aufsteht	214
mesa	214
regenmantel	214
vorkommnisse	214
jazzmusik	214
arrangierte	214
vader	214
anzügen	214
charmanten	214
Unendlichkeit	214
geldgeber	214
biologischer	214
Kelvin	214
Synagoge	214
shadowhunter	214
Stringer	214
Blendet	214
entzündung	214
erforschung	214
berüchtigten	214
Cousinen	214
untertasse	214
Schnitzel	214
fehlgeschlagen	214
briareos	214
hundesohn	214
ml	214
hierauf	214
kinderleicht	214
bewunderte	214
unerwarteten	214
dickschädel	214
Checken	213
Lernten	213
fluten	213
hefte	213
katastrophen	213
furzen	213
diplomaten	213
gruber	213
stumpf	213
masturbieren	213
ventura	213
hahaha	213
baumarkt	213
Blindheit	213
Melonen	213
herald	213
aggressiver	213
gebohrt	213
Heiligtum	213
Samariter	213
yay	213
eingeht	213
unantastbar	213
wiederkommst	213
Hallt	213
bra	213
schwungvolle	213
candice	213
almeida	213
Pantoffeln	213
frazier	213
handgelenke	213
verschweigt	213
short	213
dramatischer	213
frodo	213
Jüngling	213
snart	213
Vorstrafenregister	213
geschäftsfrau	213
Stalingrad	213
metatron	213
bekanntes	213
überredete	213
Verona	213
durchzukommen	213
Zahnstocher	213
under	213
madge	213
abgebissen	213
stadtteil	213
ichabod	213
betonung	213
dringenden	213
volkoff	213
sporthalle	213
übernehmt	213
meinungsverschiedenheit	213
aufgeschnappt	213
unterzeichne	213
erklärten	213
Wendepunkt	213
angefreundet	213
medizinstudium	213
halbschwester	213
praktiziert	213
Phantombild	213
funktionsfähig	213
Katakomben	213
klügsten	213
Beraten	212
Schienen	212
Ideal	212
Marschieren	212
Funken	212
Empfange	212
Lach	212
Prügel	212
Läuten	212
Flüchten	212
Umkehren	212
Rechtfertigen	212
Belügen	212
büffel	212
lot	212
kessel	212
kartell	212
wähler	212
bürde	212
Rechner	212
Säule	212
zivile	212
weicher	212
aufzeichnen	212
durchkämmen	212
neutralisieren	212
opfert	212
färben	212
abtreiben	212
trotzen	212
forschen	212
tanks	212
passten	212
führers	212
schnitten	212
opfere	212
Tänze	212
nutzung	212
arbeitszeiten	212
kanbei	212
Klan	212
rechtfertigung	212
frühestens	212
gelangte	212
wertvollste	212
Gerüche	212
takes	212
großmeister	212
mordversuch	212
unfruchtbar	212
Symptomen	212
effizienter	212
humbert	212
vonda	212
aufmachst	212
versinkt	212
morgige	212
impotent	212
polizeisirenen	212
quill	212
mordfälle	212
houdini	212
Kulisse	212
Mundharmonika	212
maschinengewehre	212
zauberkraft	212
Anbeginn	212
Symbionten	212
gedämpfte	212
blutzucker	212
mcnulty	212
Bräuche	212
sonnenfinsternis	212
Vergessenheit	212
Margaritas	212
mordnacht	212
Patenonkel	212
vergeudest	212
skynet	212
dienstlich	212
Gerd	212
ägyptische	212
fragezeichen	212
rennstrecke	212
ellison	212
invisible	212
Perseus	212
Kolonisten	212
autofahrer	212
möglichstes	212
vorzugehen	212
gewandert	212
Luxemburg	212
rausgeschnitten	212
Celine	212
zugetragen	212
schrien	212
waffensysteme	212
Englischen	211
Ertrinken	211
Feine	211
Liga	211
säge	211
ansatz	211
verstoß	211
speicher	211
Ertrag	211
Moor	211
säulen	211
athleten	211
streckt	211
warmer	211
revolutionäre	211
ablösen	211
nutzten	211
auswärts	211
kochte	211
schmollen	211
stimmten	211
dasitzen	211
after	211
Emails	211
Leidenschaften	211
Sketch	211
hoshi	211
Samuels	211
Rolex	211
windelweich	211
herankommen	211
sgc	211
Bestatter	211
Cardiff	211
Schlingel	211
meckert	211
schlauen	211
Flüche	211
annäherung	211
morrow	211
anatomy	211
Christoph	211
respektierst	211
ruinierte	211
wohlfahrt	211
frenchy	211
mädchenname	211
dichtmachen	211
jegliches	211
Ramses	211
abscheulichen	211
raubtiere	211
newport	211
ladenbesitzer	211
umzukehren	211
Tumult	211
eintausend	211
sterbende	211
belagert	211
Zehntel	211
Druiden	211
gelauscht	211
bu	211
arc	211
romain	211
Emilia	211
wide	211
akzeptierte	211
clancy	211
geldwäsche	211
wertsachen	211
Japsen	211
Ausreißer	211
vorgeladen	211
Emmas	211
anarchy	211
staatsgefängnis	211
Casablanca	211
ca	211
bestimmst	211
Fäusten	211
erloschen	211
jaye	211
Übeltäter	211
verteilung	211
Entstehen	210
Lauten	210
Grünes	210
Fünften	210
Registriert	210
periode	210
höchster	210
gleis	210
breite	210
stecker	210
Gurke	210
beispiele	210
rocks	210
verhöre	210
reize	210
wühlen	210
deutsches	210
experimentiert	210
kühle	210
belege	210
waverly	210
aufrichtiges	210
Komponenten	210
lesung	210
diggle	210
Raines	210
dempsey	210
Swann	210
aufzuwachsen	210
feuerball	210
autopilot	210
barnum	210
überlistet	210
verstörend	210
schaltkreise	210
Rhode	210
straight	210
heißesten	210
Pünktlichkeit	210
schlafsaal	210
verweht	210
Knochenmark	210
enttäuschst	210
häusliche	210
unterirdisch	210
Elvira	210
genagelt	210
Egoist	210
preisgeld	210
definiere	210
unerlaubt	210
ausgetrunken	210
Dresden	210
gia	210
fliegender	210
Valencia	210
absicherung	210
oftmals	210
gekniffen	210
ballard	210
Orchideen	210
chino	210
rausgeben	210
early	210
engländerin	210
rausgebracht	210
Triaden	210
dingsbums	210
lebendiges	210
begreif	210
gründliche	210
Juliana	210
königlicher	210
dooley	210
sterblicher	210
reifenspuren	210
Regieren	209
Dateien	209
Festen	209
Marines	209
sabotage	209
schenkel	209
schlucke	209
krawatten	209
linsen	209
experimentieren	209
ausschwärmen	209
tischen	209
winden	209
frierst	209
barksdale	209
Potts	209
edelsteine	209
opie	209
sturer	209
Nordamerika	209
gründung	209
fake	209
bombenleger	209
nordosten	209
riverside	209
sonnencreme	209
besichtigung	209
stillgelegt	209
Bora	209
zahlreichen	209
cleopatra	209
Watt	209
verlernt	209
lampenfieber	209
atf	209
untersteht	209
deutliche	209
kleidet	209
beträchtliche	209
reibungslos	209
pelzmantel	209
shot	209
codewort	209
mats	209
eintraf	209
vale	209
Gulden	209
tollsten	209
grundsatz	209
Prärie	209
dehydriert	209
giftigen	209
allerlei	209
blonder	209
panische	209
Mumbai	209
verhandle	209
liebesbriefe	209
Abscheu	209
Crewe	209
Transaktionen	209
Sorgfalt	209
einzurichten	209
verkünde	209
ausübung	209
hungrigen	209
Else	209
kanadische	209
betrachtete	209
mcnally	209
zahnspange	209
trainierte	209
khalid	209
mathis	209
einfiel	209
stünden	209
ignorant	209
bewache	209
wiley	209
sancho	209
Paten	209
Furzt	209
doofen	209
Rupien	209
heimkommt	209
getaucht	209
probierst	209
Hasen	208
Mittleren	208
Lenken	208
Rasieren	208
Flach	208
Stehenbleiben	208
Erraten	208
genuss	208
korn	208
walzer	208
fürsorge	208
wachs	208
eintrag	208
montags	208
größen	208
streicht	208
komplettes	208
absorbiert	208
funkeln	208
entziffern	208
fortführen	208
flurs	208
bade	208
ersuchen	208
trolle	208
werter	208
sortiert	208
rolls	208
bürgen	208
kehrst	208
ehesten	208
beeindruckender	208
sozialhilfe	208
Phönix	208
crunch	208
unzähligen	208
verschlüsselung	208
hereingekommen	208
asiatischen	208
stoßstange	208
gesellschaftliche	208
freiheitsstatue	208
lehnst	208
dolls	208
trinkspruch	208
lamb	208
Schläuche	208
bemerke	208
importiert	208
totenschein	208
gähnt	208
sperrgebiet	208
chrissy	208
dancer	208
Christin	208
codename	208
shapiro	208
kürzeren	208
expandieren	208
hingekommen	208
Leichtigkeit	208
Täters	208
Delaware	208
wil	208
juri	208
Berechtigte	208
atombomben	208
gebrochener	208
detailliert	208
zuwider	208
duval	208
erdenkliche	208
banal	208
Gehege	208
angewidert	208
schlafende	208
odile	208
unheilbar	208
liberalen	208
mass	208
Projektor	208
prominenten	208
Magistrat	208
Hauptverdächtige	208
Süleyman	208
drumherum	208
conde	208
bagels	208
Verkaufst	207
Zahlst	207
Zukommen	207
Pissen	207
Herrschen	207
Frischen	207
katz	207
Abschuss	207
Umsatz	207
Quote	207
schminken	207
patrouillen	207
stangen	207
imitieren	207
signieren	207
nachladen	207
beeinträchtigen	207
erniedrigen	207
feuere	207
aushändigen	207
gurgel	207
einschreiben	207
meditieren	207
hardware	207
globe	207
ripped	207
umgesetzt	207
found	207
Stunts	207
quälst	207
überschwemmt	207
verhafteten	207
stifler	207
Spatzen	207
Fairness	207
wiederbelebt	207
Olivenöl	207
Stasi	207
Kamp	207
verbannung	207
sommerhaus	207
Sonnabend	207
sacha	207
Äste	207
vergöttert	207
nachgelassen	207
einsames	207
Flüssigkeiten	207
mako	207
howell	207
leitest	207
begnügen	207
weltfrieden	207
gebügelt	207
betraf	207
schlüsselbein	207
gareth	207
radiosender	207
Lilien	207
Sonar	207
mitsamt	207
albernes	207
Klingone	207
verscheuchen	207
beef	207
Chinas	207
runternehmen	207
überdrüssig	207
zurückbringt	207
heimlichen	207
entlasse	207
befleckt	207
hochachtung	207
Themse	207
sonderangebot	207
runterziehen	207
gestürmt	207
rosenberg	207
stephens	207
prachtstück	207
Celsius	207
Kerstin	207
lebensretter	207
Assad	207
vertieft	207
Wahnsinns	207
Lämmer	207
plausibel	207
eishockey	207
prüde	207
shredder	207
frauenheld	207
Londons	207
Leistest	207
Anwohner	207
wichita	207
nutzlosen	207
briefing	207
rückenschmerzen	207
Pluto	207
verkrochen	207
stammelt	207
ravi	207
creed	207
Erzeugen	206
Veröffentlichen	206
Zoll	206
Jammer	206
windel	206
blüte	206
Krampf	206
Verantwortliche	206
stricken	206
programms	206
augenbinde	206
schmeckte	206
Osaka	206
bong	206
tags	206
Osama	206
nachos	206
yourself	206
anstrengenden	206
verbarg	206
harmloser	206
lacy	206
russin	206
hochgenommen	206
Krippe	206
glorreiche	206
Pia	206
Sparta	206
geistreich	206
räche	206
arlington	206
übst	206
nordwesten	206
schüttet	206
entsprechenden	206
weiterkommen	206
fa	206
boxt	206
ausgetragen	206
ipod	206
laguerta	206
unbeliebt	206
Belgier	206
armbänder	206
rettungsteam	206
Hering	206
schlachthaus	206
Königreiche	206
Attraktion	206
zugesetzt	206
Fotografien	206
Versicherte	206
oil	206
gleichgültigkeit	206
beschuldigst	206
mosby	206
fidel	206
Neandertaler	206
Jumbo	206
roper	206
hingetan	206
spaßvogel	206
übermäßig	206
undankbarer	206
karas	206
schusswechsel	206
circle	206
thierry	206
gegoogelt	206
deutete	206
umgegangen	206
emmy	206
Platzen	205
Andre	205
Gewähren	205
Stufen	205
Dorn	205
Nachtrag	205
medaillen	205
trend	205
zähmen	205
wesens	205
eignen	205
winseln	205
Zola	205
dilaurentis	205
markham	205
frisiert	205
kontaminiert	205
abgeschafft	205
breeland	205
vamos	205
begierig	205
running	205
Ratgeber	205
eingestürzt	205
goose	205
kompliziertes	205
märkte	205
flugtickets	205
Phryne	205
qualvoll	205
Disko	205
auflöst	205
exotisch	205
Soziopath	205
desert	205
soso	205
iggy	205
einwickeln	205
waschraum	205
birch	205
stinke	205
wanderung	205
Schatulle	205
einlädt	205
vorhabt	205
Perücken	205
Magnum	205
Klicks	205
myron	205
comet	205
Mille	205
Säugling	205
flüchtiger	205
Pfeifer	205
Leistete	205
absolution	205
Tampons	205
scheußliche	205
Stripper	205
Typhus	205
Calais	205
rigsby	205
gerollt	205
gealtert	205
vergewaltigte	205
umgebaut	205
doktorarbeit	205
Bistro	205
ergreifend	205
jeweiligen	205
demokratischen	205
sechzig	205
campingplatz	205
Absetzen	204
Schwindel	204
National	204
Getränke	204
Göre	204
Abwasch	204
Taste	204
Muskel	204
ausbilden	204
durchbrennen	204
einkauf	204
vermischen	204
abwehren	204
manns	204
blättern	204
behinderten	204
übersetzer	204
belieben	204
fluges	204
wegmachen	204
neunte	204
nähere	204
konkurrieren	204
tierchen	204
Meier	204
aufzureißen	204
landon	204
oger	204
Osiris	204
aufgekreuzt	204
watch	204
cupcake	204
gemieden	204
crowder	204
aufpasse	204
passagierliste	204
eingelocht	204
irwin	204
grenzenlos	204
Lourdes	204
orientalische	204
legendär	204
konservativ	204
erstklassiger	204
cup	204
krumme	204
glühbirnen	204
anlügst	204
vicodin	204
liebtest	204
mülltonnen	204
auszubrechen	204
Barren	204
karel	204
andrei	204
Witzen	204
leary	204
Knirps	204
Rüben	204
zahnschmerzen	204
männliches	204
Orgasmen	204
obszön	204
postiert	204
wiedervereinigung	204
keane	204
herausgekommen	204
Navigation	204
ablenkungen	204
rausgeht	204
heimgekommen	204
bergman	204
chronicle	204
runterfahren	204
verspürt	204
dunphy	204
Einbuchten	204
schuß	204
dieu	204
keyes	204
lasset	204
Kommunion	204
elektrisch	204
dum	204
abschiedskuss	204
wissenschaftlicher	204
Marker	204
gerechter	204
getankt	204
ratsam	204
Hiv	204
Marcellus	204
raumfahrt	204
ferienhaus	204
alexei	204
Langweilen	203
Oberen	203
Fertigmachen	203
Kriechen	203
Weißes	203
pfiff	203
elite	203
entfachen	203
helium	203
falschem	203
flaggen	203
dokumenten	203
hervorrufen	203
verwetten	203
nordens	203
spaziert	203
knabbern	203
wogen	203
stevenson	203
bestimmter	203
eigensinnig	203
durchmache	203
Möwe	203
durchnässt	203
grundregeln	203
empfahl	203
Carina	203
Rind	203
leidenschaftliche	203
zugetan	203
heimatwelt	203
bienenstock	203
verwechselst	203
glühwürmchen	203
Teint	203
corky	203
drahtzieher	203
sesshaft	203
Jörg	203
berichterstattung	203
cady	203
überreicht	203
durchgesetzt	203
gebeichtet	203
leeds	203
vierteldollar	203
fliehe	203
Testosteron	203
mitnimmst	203
Klacks	203
folgender	203
begegne	203
drastisch	203
nebenzimmer	203
Sahara	203
twain	203
fae	203
hervorragenden	203
kannste	203
Kellys	203
damaligen	203
aron	203
deponiert	203
botwin	203
Ekstase	203
Raupe	203
Kruger	203
Pforte	203
Taylors	203
grässlichen	203
Garnelen	203
Tschetschenien	203
stopfe	203
angemessenen	203
durchbohrt	203
strikte	203
signalton	203
hühnerstall	203
scarlet	203
entgegennehmen	203
hergeführt	203
Kevins	203
Delta	202
Investieren	202
Aufklären	202
creme	202
fährte	202
warner	202
pelz	202
Weber	202
Gänse	202
Funke	202
eingrenzen	202
tauche	202
abweisen	202
verkehren	202
staatsanwalts	202
Rap	202
Cholesterin	202
verficktes	202
stinkreich	202
rovere	202
anka	202
nope	202
beiwohnen	202
irdische	202
Beulen	202
Aufstände	202
delores	202
hochhaus	202
Pfau	202
nashville	202
Keaton	202
entrissen	202
mothra	202
höchstgeschwindigkeit	202
kriegsrecht	202
polizeischutz	202
Grizzly	202
vorgeschmack	202
körperteil	202
Spargel	202
polizeiwagen	202
smithers	202
schulhof	202
does	202
geladene	202
Nervosität	202
biegt	202
patrice	202
Mamis	202
schwillt	202
typisches	202
schöneren	202
unnötigen	202
ausgehandelt	202
noblen	202
ausgebildete	202
Verdie	202
diskriminierung	202
geschehnisse	202
bestimmungen	202
wasserstoff	202
retro	202
chefingenieur	202
schlimmeren	202
noelle	202
sternenbasis	202
waffenkammer	202
bent	202
kongressabgeordneter	202
Apache	202
kontaktierte	202
abspringen	202
unausstehlich	202
gekennzeichnet	202
kaut	202
unit	202
ablösung	202
verletzend	202
hombre	202
abs	202
Commodore	202
befragungen	202
Tomaten	201
Programmiert	201
Fehlst	201
Liefert	201
Wehen	201
springer	201
strahl	201
Porzellan	201
Abgeordnete	201
Kante	201
ankündigen	201
durchfallen	201
aluminium	201
gefangenenlager	201
mascha	201
dürfe	201
überfällt	201
nerys	201
Schulz	201
indian	201
verscheucht	201
marsianer	201
flush	201
market	201
nachgeschaut	201
bischen	201
feierliche	201
endspiel	201
Plünderer	201
abreibung	201
fairchild	201
gandalf	201
beschäftigte	201
maskell	201
modernes	201
manuelle	201
zerschnitten	201
geschmeidig	201
säuft	201
beständig	201
Bandagen	201
fokussiert	201
strahlende	201
fügte	201
magnolia	201
simba	201
dödel	201
entsetzliche	201
bind	201
altmodischen	201
Gesellschaften	201
schreitet	201
tania	201
cbs	201
anteilnahme	201
hausbesuche	201
Kabul	201
ahnungslos	201
train	201
Garner	201
ungeschoren	201
brannten	201
weißbrot	201
keats	201
Wettet	201
rooney	201
drogentest	201
Urwald	201
berühmtesten	201
aufzuhängen	201
ausgewechselt	201
unbegreiflich	201
horton	201
lights	201
Hungersnot	201
Schwierigkeit	201
sandrine	201
Körpers	200
Schal	200
Anklagen	200
Schlagt	200
Sammelt	200
Kratzen	200
Evakuieren	200
Blicke	200
spieß	200
lockern	200
kippt	200
bändigen	200
japans	200
anpacken	200
tarnen	200
umschalten	200
ausnehmen	200
bestellst	200
verlesen	200
raunen	200
erkälten	200
handelst	200
indirekt	200
dröhnt	200
klingonischen	200
alleinerziehende	200
holde	200
scheidungspapiere	200
vorlaut	200
noir	200
Verspeisen	200
Matratzen	200
ausgehend	200
einzugreifen	200
fürchterlichen	200
Pilatus	200
tiefgarage	200
radioaktive	200
nanntest	200
Dinnerparty	200
Maurer	200
Bernhard	200
Danton	200
armseliger	200
myka	200
tricorder	200
schulbus	200
Stefanie	200
unangenehmen	200
neurotisch	200
shea	200
chillen	200
salim	200
bewahrte	200
Bombay	200
corbett	200
goodwin	200
moya	200
Plunder	200
unfallort	200
komplizierten	200
würdevoll	200
Frisbee	200
Füchse	200
gewaltverbrechen	200
gummibärchen	200
mercury	200
schuhgröße	200
lawton	200
sprechende	200
Verbundenheit	200
saftig	200
erotisch	200
loyaler	200
Sudan	200
scotts	200
sandmann	200
Gel	200
finanzminister	200
armbanduhr	200
Englische	199
Auslöschen	199
Billige	199
Angriffe	199
Nachlass	199
deutschlands	199
ausgehst	199
vereinigen	199
verhaltens	199
schleppst	199
bezweifeln	199
makel	199
kostbares	199
durchsuch	199
racker	199
datenbanken	199
Roses	199
wohlwollen	199
schnappten	199
gewischt	199
abzuwenden	199
Latino	199
selbstjustizler	199
bright	199
brustkrebs	199
wynonna	199
präpariert	199
Goebbels	199
zuverlässige	199
blitzschnell	199
Birmingham	199
eidesstattliche	199
ryland	199
Leningrad	199
anschließt	199
internationales	199
gleichberechtigung	199
Innenseite	199
vermählung	199
gebeugt	199
tough	199
beantwortest	199
coburn	199
coast	199
gehoben	199
verlogener	199
klopfst	199
Sehenswürdigkeiten	199
pettersson	199
kidnappen	199
schwierigsten	199
riesenspaß	199
schmeckst	199
verholfen	199
dodgers	199
entferntes	199
Gustave	199
fleckchen	199
abgelegenen	199
gelüftet	199
Plädoyer	199
ger	199
hooper	199
fändest	199
Kode	199
empfangsdame	199
Gesuch	199
doppelmord	199
abgewendet	199
fragtest	199
zwillingsschwester	199
jaa	199
abgefuckt	199
jonglieren	199
waffenlager	199
mögest	199
überschreitet	199
Einrichten	198
Ausnutzen	198
Frisches	198
Quatschen	198
Spritzen	198
Renn	198
Foltern	198
Dolmetscher	198
Güter	198
Gläubiger	198
Mücke	198
absichern	198
aufschließen	198
lieferst	198
widerlegen	198
messern	198
Strände	198
schweigst	198
Frederic	198
dienstaufsicht	198
notausgang	198
gutaussehender	198
fabio	198
voila	198
landeplatz	198
heranzukommen	198
mavis	198
wahllos	198
blühende	198
mackey	198
personenschutz	198
zweikampf	198
neigungen	198
huntington	198
meryl	198
dumbledore	198
anmerkungen	198
vordermann	198
Rächer	198
nähme	198
strategisch	198
reifenquietschen	198
einbringt	198
Quint	198
stoffwechsel	198
reinzugehen	198
Parole	198
energy	198
zerbrich	198
hergerichtet	198
auszuüben	198
macleish	198
dramatischen	198
unverwundbar	198
ereignete	198
gestaltwandler	198
verdrücken	198
hazard	198
mithören	198
verhaftete	198
aufregenden	198
Faschist	198
Überlegenheit	198
Musketier	198
schatzkammer	198
strumpfhose	198
begegnungen	198
dyson	198
kronleuchter	198
hashtag	198
brautkleid	198
bobbie	198
Pein	198
Einschalten	197
Ältesten	197
Übrigen	197
Luxus	197
juwel	197
wiener	197
gemahl	197
sekt	197
Insider	197
Buckel	197
schmal	197
betragen	197
einsen	197
segelt	197
umkleide	197
beowulf	197
senora	197
vermasselst	197
übersät	197
zerfressen	197
billings	197
eisberg	197
sprechstunde	197
Aperitif	197
quieken	197
selbstmörder	197
weltweite	197
priscilla	197
Kokon	197
zaubersprüche	197
tov	197
durchquert	197
hex	197
würdiger	197
verhaltet	197
ausziehe	197
hochklettern	197
robust	197
ehrenvoll	197
bombenanschlag	197
Gräbern	197
ordne	197
Karnickel	197
Belgrad	197
dona	197
verbandszeug	197
annimmst	197
beschädigte	197
rosenkranz	197
verkehrsunfall	197
heimzuzahlen	197
Schönheiten	197
Sphäre	197
Vielfalt	197
Derby	197
landei	197
zerkratzt	197
gewünschte	197
Modenschau	197
inkognito	197
zusammenstoß	197
todesopfer	197
Klischees	197
blanchard	197
bereitwillig	197
auszugleichen	197
aquaman	197
jüdischer	197
Interface	197
legalen	197
königliches	197
wiederaufbau	197
vorbeikam	197
überresten	197
drecksäcke	197
viertes	197
Mordanklage	197
cory	197
schwertkämpfer	197
überließ	197
unterbricht	197
zutrifft	197
bube	197
verschaffte	197
Erfolgte	197
verwundert	197
gebar	197
hingewiesen	197
militärischer	197
Nudeln	196
Piepst	196
Batterien	196
Spende	196
reiz	196
Designer	196
standest	196
geraden	196
entgegenkommen	196
praktikanten	196
stammes	196
kleinem	196
parallel	196
herumliegen	196
bleich	196
herrichten	196
senkt	196
verkommen	196
auftragen	196
heimkehr	196
toben	196
rashid	196
roderick	196
gelobte	196
Ankläger	196
Gemächer	196
nachgegangen	196
echtem	196
musikalische	196
bildete	196
Pulsadern	196
eingänge	196
verdauung	196
hingehöre	196
Marlon	196
nola	196
verstimmt	196
vorzuwerfen	196
sogleich	196
jimi	196
schwärmt	196
säuberung	196
hexenjagd	196
steuererklärung	196
Barbier	196
Nordafrika	196
caro	196
Lügendetektortest	196
ausgespuckt	196
praktischen	196
herauszukommen	196
Sure	196
auferlegt	196
aufregendste	196
einflussreiche	196
drängte	196
darth	196
Dantes	196
homosexuellen	196
Homosexualität	196
ryo	196
exfreundin	196
edelmann	196
Damaskus	196
interpretiert	196
gerichtsverhandlung	196
locksley	196
liebevoller	196
ausflüge	196
vorhatten	196
curzon	196
Bürokraten	196
ministerpräsident	196
idris	196
hilferuf	196
yolanda	196
zugeschaut	196
paxton	196
anziehe	196
großmama	196
geknutscht	196
frecher	196
Esmeralda	196
helsing	196
alleinige	196
Glasgow	196
geländewagen	196
Chopin	196
view	196
Mutant	196
rechtsabteilung	196
ressler	196
tyrone	196
Oberstleutnant	196
Leuchten	195
Schütteln	195
Heilt	195
Deuten	195
Hinbringen	195
heft	195
banner	195
kantine	195
Physiker	195
aufbleiben	195
drohst	195
depot	195
zurückdrehen	195
tunnels	195
betreuen	195
zweige	195
rupfen	195
labors	195
weggeschmissen	195
Hörnern	195
Henriette	195
meeresgrund	195
aufgeschmissen	195
mild	195
bestückt	195
widmung	195
freihalten	195
Gendarm	195
Spiritus	195
gefüllte	195
terrance	195
vorige	195
class	195
Milchshake	195
Delhi	195
priesterin	195
hatice	195
bescheuerter	195
dreifachen	195
Latinos	195
vermählt	195
zwangsjacke	195
besagten	195
Rune	195
johnston	195
staatspolizei	195
shep	195
gottlosen	195
bajoranischen	195
vincenzo	195
Croissants	195
weitermacht	195
hitomi	195
Epoche	195
kelzi	195
glücksfall	195
babi	195
anging	195
ausgestoßen	195
verstaut	195
wiederbelebung	195
Kauderwelsch	195
blutergüsse	195
rückfällig	195
andeutungen	195
Motels	195
exzellenter	195
cummings	195
männerstimme	195
Wichtigtuer	195
rowena	195
Waterloo	195
auftauchten	195
ansammlung	195
warteschleife	195
Zeiger	195
guillermo	195
zeitlupe	195
notiere	195
generaldirektor	195
witziges	195
Archäologen	195
Valentin	195
gefischt	195
reizvoll	195
Pfefferminz	195
enttäuschungen	195
hufeisen	195
berechne	195
unvermeidbar	195
Totaler	194
Verhören	194
Stellten	194
Verheimlichen	194
Göttern	194
Hunden	194
schilder	194
klon	194
Vertrieb	194
Schräge	194
Besteck	194
beauftragen	194
effekte	194
sprühen	194
inspizieren	194
tapete	194
speisekammer	194
Bypass	194
peinlichen	194
Schwiegereltern	194
schließung	194
fotografiere	194
luftröhre	194
unglaubwürdig	194
Drummer	194
puppenspieler	194
Erics	194
entbehrlich	194
gegenüberstellung	194
benebelt	194
gemordet	194
degradiert	194
anmutig	194
erstickte	194
anbelangt	194
nor	194
Analytiker	194
vereinigte	194
traumfrau	194
Wenigkeit	194
anspielungen	194
egoistischer	194
worth	194
woah	194
dmitri	194
Pianist	194
Gestein	194
anschaust	194
geringen	194
Graffiti	194
gredenko	194
wußtest	194
Lira	194
bewegten	194
körpersprache	194
fertigzumachen	194
Büschen	194
muhen	194
kürzungen	194
halsschlagader	194
meadows	194
tris	194
gebratene	194
grundsätze	194
insassin	194
bootshaus	194
Talenten	194
Zaster	194
Tiberius	194
bitches	194
kriech	194
schleiche	194
petey	194
Haftbefehle	194
Billigen	193
Boten	193
Belasten	193
Landete	193
Quer	193
Satelliten	193
Schlachten	193
Gestalten	193
Köpfen	193
schacht	193
weide	193
roller	193
Abbild	193
Maniküre	193
Weihnacht	193
Abbruch	193
geräten	193
groben	193
massiven	193
anbeten	193
stolperte	193
fasten	193
verwalten	193
glühen	193
mistress	193
germain	193
Blackjack	193
mckenzie	193
dumpfe	193
durchsichtig	193
Sozialismus	193
schlumpfine	193
shiro	193
Uterus	193
jetzige	193
nahrungskette	193
vollzählig	193
bah	193
schulglocke	193
rosewood	193
erleidet	193
verunglückt	193
begleiterin	193
babette	193
Ausflüchte	193
auszuweichen	193
southern	193
Edinburgh	193
bergauf	193
fogg	193
inständig	193
arbeitslose	193
fortgeschrittene	193
Mündel	193
Kiffer	193
chinesin	193
aberjetzt	193
because	193
schönheitssalon	193
Kollision	193
unehrenhaft	193
rauszubringen	193
Blümchen	193
gefördert	193
rechtlichen	193
sister	193
Caruso	193
erledigte	193
qiu	193
schmecke	193
Olymp	193
Skulpturen	193
Salomon	193
aufgespießt	193
sicherheitsstufe	193
british	193
technischer	193
astor	193
geduldet	193
lästige	193
valentino	193
angenehmes	193
umgestellt	193
hingesetzt	193
Vergiften	192
Feiert	192
Bewundern	192
Samen	192
Schweres	192
Zurückhalten	192
Schlampen	192
Hauch	192
gips	192
Abfluss	192
Stillstand	192
Nähte	192
Schub	192
Sims	192
Reklame	192
charaktere	192
anlassen	192
anwalts	192
kontakten	192
bunte	192
hygiene	192
durchleben	192
aufsitzen	192
vertrauens	192
ensemble	192
vernachlässigen	192
richters	192
kosmische	192
nebenwirkung	192
mattie	192
eintrittskarten	192
killian	192
unergründlich	192
flight	192
farnsworth	192
oren	192
Keksen	192
nasir	192
lannister	192
Albrecht	192
Zutun	192
Pen	192
Zwickmühle	192
weiterkämpfen	192
Alonzo	192
Wimpern	192
bewährt	192
Hymne	192
überschreiben	192
brittany	192
bücken	192
gebannt	192
Regionen	192
Mette	192
bewies	192
quaken	192
Dächern	192
kemp	192
rog	192
zusammenhängen	192
einzelzimmer	192
erwähnung	192
reinplatzen	192
amador	192
christensen	192
Pyjamas	192
untergebenen	192
sentimentale	192
punktzahl	192
spöttisch	192
todkrank	192
entzwei	192
mar	192
Paparazzi	192
lyman	192
kraftvoll	192
motorengeräusch	192
wandelnde	192
unscharf	192
beale	192
festgenagelt	192
raue	192
gemütlicher	192
Abstellen	191
Pornos	191
Produzieren	191
Weinte	191
Schneid	191
Ländern	191
Beschwerden	191
Teufels	191
Bildern	191
Scheißen	191
Erschlagen	191
Fließen	191
notar	191
kräuter	191
Achse	191
geleit	191
stolzen	191
lock	191
korken	191
rauchte	191
gleise	191
schwängern	191
überzeugender	191
claires	191
rankin	191
Haferbrei	191
lächelnd	191
Macke	191
Stoppte	191
entspannter	191
dig	191
Wlan	191
mikrofilm	191
Verschwörer	191
angesehener	191
prudence	191
chaz	191
Ulf	191
tung	191
gestärkt	191
gesehnt	191
Meyers	191
tagung	191
dänische	191
wäret	191
Leibes	191
Burma	191
werbespots	191
ausbeutung	191
corp	191
prix	191
corax	191
Gottheit	191
einzigartiges	191
Gomorrha	191
wachleute	191
hatschi	191
Viktoria	191
step	191
kopftuch	191
magenschmerzen	191
maui	191
Animation	191
Präsidentschaft	191
Sokrates	191
geheimdienstes	191
breen	191
erging	191
aufzumuntern	191
deckard	191
holder	191
dränge	191
gemeinnützige	191
augenzeuge	191
Inferno	191
saxon	191
darwyn	191
Billys	191
supermann	191
edo	191
verschaffe	191
mitmachst	191
sekretärinnen	191
Charlottes	191
schärfste	191
winterschlaf	191
Bristol	191
rutschig	191
verknüpft	191
gesellschaftlichen	191
alexa	191
Schröder	191
elektronisches	191
Violetta	191
cardassianische	191
zed	191
gestreckt	191
gesehn	191
Dildo	191
Robins	191
drehbücher	191
versagst	191
herrscherin	191
layla	191
tichy	191
Tollpatsch	191
hausschuhe	191
stadtrand	191
anstarrt	191
Flop	191
Biografie	191
lei	191
Rockefeller	191
Account	191
Kluft	191
herrentoilette	191
Stöcke	191
zeichnete	191
hörbar	191
gelbes	191
angebliche	191
beschleunigung	191
geistlicher	191
deniz	191
Jet	190
Power	190
Packe	190
Bedürfnis	190
Nähen	190
Chemie	190
flöte	190
takt	190
Zehner	190
Getriebe	190
Kran	190
speichel	190
nachmachen	190
gewichte	190
späte	190
krümmen	190
uhrwerk	190
Gründet	190
nagt	190
aufmunterung	190
joni	190
beleuchtet	190
einmaliges	190
carlyle	190
anzuklagen	190
verlorener	190
hubbard	190
ausgeschieden	190
bedank	190
wahrsten	190
Kriegers	190
massenmörder	190
Stäbchen	190
Outfits	190
Gassen	190
arlo	190
Lunte	190
Poole	190
ausgezeichneten	190
Nahaufnahme	190
Schwankt	190
teiepathen	190
elinor	190
hochfahren	190
luden	190
arrogante	190
Konvention	190
doakes	190
ihresgleichen	190
beurlaubt	190
telefonanruf	190
drogendezernat	190
garry	190
kubanische	190
Cornwall	190
andie	190
jh	190
vip	190
Gattung	190
Dealt	190
einzuschlagen	190
versammelten	190
fleischbällchen	190
Banjo	190
zögerst	190
gegenübertreten	190
skinny	190
petit	190
leitenden	190
Delle	190
Fleiß	190
marin	190
maple	190
Hinweisen	189
Rippen	189
Kühl	189
Beachten	189
Schecks	189
Vermasseln	189
Mast	189
Schränke	189
Befund	189
quetschen	189
durchlassen	189
auskennen	189
erschüttern	189
politikern	189
gardinen	189
umschauen	189
web	189
birnen	189
buche	189
alberner	189
verfault	189
Chloroform	189
Othello	189
herausfindest	189
eklige	189
vermiss	189
aufgefangen	189
ergo	189
unerbittlich	189
dew	189
weiterzuleben	189
pfadfindern	189
vorstellst	189
Cicero	189
beschützte	189
Nassau	189
überraschende	189
Gräben	189
Patriotismus	189
edelstein	189
siegreich	189
überwindet	189
ausziehst	189
herzversagen	189
professorin	189
fletch	189
fairfax	189
bath	189
Report	189
Ärschen	189
chrissie	189
Refrain	189
Oscars	189
Gezeiten	189
nominierung	189
unternimmst	189
praktischer	189
buick	189
vernaschen	189
Attrappe	189
schwächt	189
liebender	189
Tickst	189
shack	189
Lavendel	189
niederknien	189
musikalisch	189
Natalia	189
beast	189
flammenwerfer	189
menschenfleisch	189
Larissa	189
kandidiere	189
agha	189
Sadist	189
Druckerei	189
sorglos	189
aufzuheitern	189
notlage	189
vorabend	189
nervöser	189
dalek	189
bauchnabel	189
braven	189
purcell	189
altman	189
Professors	189
abzubrechen	189
instagram	189
Fälschung	188
Prügeln	188
Regnen	188
Weichen	188
Herhören	188
Stärken	188
Knarren	188
Signale	188
Nachkommen	188
mahl	188
sitte	188
Journal	188
Ritz	188
erfahrene	188
strukturen	188
hybrid	188
zentralen	188
donau	188
trenne	188
ableben	188
kletterte	188
schlürfen	188
hänsel	188
radikalen	188
gleiches	188
entertainment	188
wiederholte	188
verweilen	188
motivieren	188
ausgleichen	188
totschlagen	188
festnetz	188
zählung	188
Alimente	188
scheckbuch	188
wren	188
Abrakadabra	188
präziser	188
upon	188
Erreger	188
schlaff	188
abgetaucht	188
erstbesten	188
anhatte	188
Hitzkopf	188
arbeiterklasse	188
Geizhals	188
nordseite	188
erwischten	188
rorys	188
Gouvernante	188
malloy	188
handgranate	188
abzusetzen	188
manticore	188
magnetische	188
nummernschilder	188
überfiel	188
Heilsarmee	188
Anschrift	188
Fragmente	188
angegangen	188
fantomas	188
protestiert	188
hinterließen	188
shaft	188
großzügigen	188
hervorgerufen	188
Statur	188
Lima	188
crosby	188
whit	188
multiple	188
runterfallen	188
radioaktiv	188
gerichtstermin	188
saure	188
Kristin	188
zurückkehrst	188
Androiden	188
voreinander	188
virginie	188
widmete	188
Metier	188
lacrosse	188
dalia	188
Fortuna	188
brando	188
vorbildlich	188
quincy	188
rawls	188
kampfgeräusche	188
unterstützte	188
Adelaide	188
Ponys	188
stetig	188
schlussfolgerungen	188
simuliert	188
avi	188
umgewandelt	188
Everest	188
Jennys	188
prophezeit	188
liiert	188
Belegt	187
Alters	187
Verreisen	187
Halleluja	187
Jammern	187
Pfand	187
Flöhe	187
blitzen	187
aufdrängen	187
eulen	187
gewürze	187
haupttor	187
cougar	187
einnimmt	187
Michail	187
lassie	187
hausmann	187
modifiziert	187
shining	187
nakamura	187
terence	187
Revolte	187
Verhängnis	187
bürgerrechte	187
einmischt	187
überbracht	187
Rassisten	187
gesaugt	187
lebensgefährlich	187
tiefste	187
pines	187
frühzeitig	187
kapituliert	187
Christentum	187
erweise	187
unausweichlich	187
heavy	187
kates	187
ultimativen	187
anbot	187
manor	187
zuge	187
Aorta	187
Abtei	187
potenziellen	187
Rollin	187
durchsuchten	187
aufrechtzuerhalten	187
beendest	187
ankommst	187
dickinson	187
asia	187
Lennon	187
Billionen	187
sehnte	187
geplante	187
nr	187
kontonummer	187
tinker	187
jer	187
peel	187
warnungen	187
gönnt	187
swat	187
Koje	187
fieses	187
Maximilian	187
demokratische	187
Gran	187
brice	187
blutete	187
derzeitige	187
Ureinwohner	187
geschrumpft	187
Holm	187
wirres	187
hellwach	187
anklagepunkte	187
any	187
blindgänger	187
reinkomme	187
Kojote	187
papierkorb	187
Zusammenkunft	187
schlimmstenfalls	187
oaks	187
Bewirken	186
Durchkommen	186
Schätzt	186
Freuden	186
Kragen	186
Klirren	186
frist	186
wehr	186
sammler	186
Hersteller	186
alibis	186
meldeten	186
käfige	186
abbauen	186
dichten	186
lösch	186
stapeln	186
schwänzt	186
Kommune	186
Metaphern	186
dienstplan	186
jakes	186
sansa	186
Lämmchen	186
looking	186
irres	186
gefängnissen	186
tata	186
tagt	186
ausgerufen	186
geschaltet	186
erstreckt	186
wirtschaftliche	186
umschläge	186
schmiergeld	186
anstellst	186
Isolde	186
Gazelle	186
peralta	186
ayla	186
gebongt	186
Schlägereien	186
adressbuch	186
geschiedene	186
ballsaal	186
forderst	186
armando	186
unterirdische	186
trostlos	186
unwirklich	186
abstechen	186
bergwerk	186
bewerbungen	186
gewürgt	186
bekenne	186
doppelleben	186
bridger	186
prentiss	186
yuji	186
rauszuhalten	186
pasadena	186
räumst	186
Vergleicht	186
Volvo	186
geschätzten	186
potentiellen	186
aloha	186
assistenzärzte	186
gefertigt	186
unwissend	186
abgelegen	186
pronto	186
Teheran	186
sox	186
optimal	186
handschuhen	186
killt	186
corbin	186
Institute	186
erstaunliches	186
postkutsche	186
Jukebox	186
duldet	186
auftauche	186
einsatzkommando	186
einschränkungen	186
reizbar	186
Klugheit	186
eindrücke	186
zeugenschutz	186
Perser	186
Herzklopfen	186
hasta	186
berauscht	186
erstaunlichen	186
citizen	186
prächtigen	186
irischer	186
demonstriert	186
dooku	186
Barabbas	186
begleitete	186
akute	186
colbert	186
Overall	186
verdopple	186
plastiktüte	186
betreibe	186
groves	186
Plane	185
Beichten	185
Begräbnis	185
Verführen	185
Paare	185
büchse	185
recherche	185
cover	185
Brigade	185
Leuchte	185
steche	185
streuen	185
Waffenruhe	185
guys	185
Krimi	185
Ilja	185
sayonara	185
wrong	185
optische	185
Räubern	185
kürzester	185
mayfair	185
rebbekah	185
Nashorn	185
unheimliches	185
barbarisch	185
bello	185
Gerinnsel	185
eintauchen	185
Werfer	185
neurologische	185
vorzunehmen	185
fuentes	185
Kapazität	185
beschwerst	185
comes	185
Dandy	185
zwingend	185
unterzubringen	185
Giacomo	185
richardson	185
Duo	185
Angewohnheiten	185
Daniela	185
blutiger	185
cable	185
übernehm	185
unregelmäßig	185
grigori	185
zugezogen	185
beckman	185
Melodien	185
Lothar	185
dräng	185
erblickt	185
unheimlichen	185
vorbeikomme	185
Steves	185
ev	185
tätest	185
verschon	185
donaldson	185
überwachungsvideos	185
tres	185
schwachsinnig	185
enkeltochter	185
bootsmann	185
vorhut	185
wohlbehalten	185
fußfessel	185
durchschaue	185
Presley	185
hilflose	185
kassiererin	185
pour	185
lonely	185
nutzloser	185
schnurrt	185
militärpolizei	185
galavan	185
intelligentes	185
raketenwerfer	185
Dirne	185
verlorenes	185
verschmiert	185
erhebliche	185
holprig	185
Leide	184
Doppelten	184
Quere	184
Lobby	184
Perlen	184
handlanger	184
klartext	184
lippe	184
denkmal	184
Ausschnitt	184
Arznei	184
verirren	184
parke	184
wörtern	184
klimpern	184
losen	184
hera	184
bettelt	184
feierten	184
auswirken	184
erhoffen	184
zollen	184
dos	184
krächzen	184
mysteriöser	184
Piste	184
comtesse	184
verbirgst	184
ausnutzt	184
Rapper	184
reflektiert	184
track	184
geldstrafe	184
uhh	184
jims	184
weltweiten	184
Isaak	184
ds	184
endeffekt	184
cbi	184
Schläfe	184
amazing	184
hochnäsig	184
Navi	184
armleuchter	184
Frettchen	184
Komitees	184
minivan	184
ställe	184
sprengung	184
stabile	184
aussahen	184
ungerade	184
Galileo	184
Bankiers	184
takeshi	184
Anonymität	184
väterchen	184
undankbare	184
entferntesten	184
yee	184
verträgst	184
obendrauf	184
Caracas	184
anzuerkennen	184
Karsten	184
geboxt	184
hellsehen	184
taser	184
verhandelbar	184
dios	184
sprengköpfe	184
Institutionen	184
morgans	184
ozzy	184
rettungsaktion	184
barber	184
Weckruf	184
gestohlenes	184
Nahkampf	184
schimanski	184
spooner	184
Dominus	184
Schlümpfe	184
ungewohnt	184
Schwachstellen	184
begibt	184
zpm	184
round	184
kensi	184
Chardonnay	184
Dutzende	183
Leichtes	183
Beichte	183
gefäß	183
Schlitz	183
Toleranz	183
Register	183
Bohne	183
pferdes	183
doktors	183
inbegriffen	183
gebettelt	183
argumentieren	183
erdbeere	183
schnattern	183
mischst	183
Roastbeef	183
Konstantinopel	183
wundersame	183
holla	183
Dia	183
lebensraum	183
Poeten	183
derartiges	183
Audi	183
crowe	183
elwood	183
mittellos	183
clubhaus	183
bernice	183
ausm	183
vee	183
verabscheut	183
lebensmitteln	183
kincaid	183
schütte	183
erzfeind	183
race	183
gekreuzigt	183
völkermord	183
fehlverhalten	183
ersetze	183
verschiebt	183
vorgänge	183
Ulrike	183
bezichtigt	183
nilsson	183
abbeißen	183
beschreibe	183
Quintus	183
angefallen	183
flugsteig	183
Larsen	183
Delirium	183
besinnung	183
inaktiv	183
arkham	183
Vikar	183
diskutiere	183
liegend	183
standesamt	183
widert	183
Gudrun	183
jefe	183
feindliches	183
Augapfel	183
staubig	183
gegebenen	183
bannister	183
Sindbad	183
elektrischer	183
didier	183
bonsoir	183
Utopia	183
pssst	183
rangegangen	183
berühmtes	183
wirr	183
kubrick	183
Tempus	183
bene	183
unmöglichen	183
genossin	183
gekippt	183
Ballade	183
bezwungen	183
Ausliefern	182
Perfektes	182
Wurst	182
Zwerge	182
Trösten	182
Kreisen	182
Klebt	182
ferkel	182
orakel	182
Umfang	182
gieß	182
vakuum	182
übernahmen	182
säen	182
geflüstert	182
ozeans	182
vermessen	182
abräumen	182
mähen	182
umfassende	182
Hundescheiße	182
überwachungsvideo	182
verbogen	182
Shatterhand	182
zugangscode	182
their	182
labert	182
notre	182
höllische	182
Antritt	182
verde	182
gesetzlosen	182
unsinnig	182
kartoffelbrei	182
familientradition	182
butcher	182
fatal	182
payne	182
Chamberlain	182
tigger	182
Teamwork	182
verdientes	182
weltrekord	182
Norweger	182
ldee	182
sha	182
late	182
eingesammelt	182
ängstigt	182
Vergelten	182
aufschieben	182
polizeiauto	182
wolowitz	182
ausbrach	182
meeresfrüchte	182
massiert	182
blies	182
Veronika	182
loco	182
fung	182
Toulouse	182
Jetlag	182
Kategorien	182
unverständlicher	182
verwüstung	182
besiegten	182
schmerzvoll	182
wachsende	182
Sicherheiten	182
sera	182
Dossier	182
hawke	182
hepp	182
Cartoons	182
guardian	182
whole	182
Rückenmark	182
Benito	182
kaltmachen	182
fahrenden	182
Taro	182
Äther	182
savitar	182
fluchtplan	182
familiengeschichte	182
Universen	182
berman	182
formell	182
ärmsten	182
schnapsladen	182
Scheißangst	182
herumschnüffeln	182
falltür	182
jammerlappen	182
Echse	182
zielort	182
Routen	182
Budget	181
Redeten	181
Wasch	181
Abkommen	181
Erstatten	181
Verarbeiten	181
Clubs	181
Widmen	181
kühler	181
knaller	181
trupp	181
Kontext	181
Bürste	181
Rippe	181
Schwimmer	181
arterien	181
auffordern	181
begriffe	181
trennte	181
englisches	181
ergründen	181
japanern	181
ziffern	181
wai	181
chill	181
untertrieben	181
delfino	181
kriegerin	181
Libanon	181
bunch	181
exotischen	181
lian	181
neunzehn	181
freispruch	181
kyoko	181
städtchen	181
dokumentarfilm	181
bosco	181
dart	181
gelutscht	181
halbtot	181
Sodom	181
agiert	181
Ähnlichkeiten	181
Salute	181
vorgegeben	181
überladen	181
Anhieb	181
Jalousien	181
Einsiedler	181
rotem	181
crenshaw	181
Wilsons	181
Piazza	181
widerspreche	181
ueo	181
scheidungen	181
sprengsatz	181
Pioniere	181
shu	181
erhöhten	181
schmerzhafte	181
aufregst	181
Bulldozer	181
versklavt	181
eingebung	181
auszurichten	181
vorzumachen	181
ankomme	181
myles	181
gefunkt	181
nerds	181
zeugnisse	181
spirituell	181
amys	181
angemessener	181
familiäre	181
außendienst	181
konsequent	181
Kälber	181
fresno	181
miyagi	181
capitan	181
trace	181
Frischling	181
rumgelaufen	181
pochen	181
terroristin	181
Balthasar	181
sanderson	181
sweets	181
herausgerissen	181
vermeide	181
kronprinz	181
knistert	181
freimaurer	181
Asservatenkammer	181
arvin	181
wiederwahl	181
cherie	181
unterdrückte	181
hörgerät	181
Kaspar	181
Python	181
jämmerlichen	181
gegenüberstehen	181
Knallen	180
Genügen	180
Brötchen	180
Flut	180
Anker	180
Rauschen	180
Insekten	180
Schimmer	180
Kichern	180
Positive	180
schaum	180
pickel	180
bäcker	180
Anstieg	180
Mappe	180
entfallen	180
langt	180
bediensteten	180
regele	180
dekorieren	180
teen	180
tappen	180
doktoren	180
effektiver	180
herholen	180
gutheißen	180
füllte	180
nieten	180
ermessen	180
auslaufen	180
gören	180
hineinziehen	180
Oase	180
brandneuen	180
abhandlung	180
macarthur	180
Arminius	180
ie	180
stadtzentrum	180
Händedruck	180
lefty	180
Unbehagen	180
johansson	180
indiskret	180
sphärische	180
nachkomme	180
scavo	180
seals	180
intellektuell	180
förderung	180
mariah	180
claudio	180
kostenloses	180
laderaum	180
unterzahl	180
kinderarzt	180
matter	180
Borland	180
unterschlagen	180
soo	180
hilfsmittel	180
Nachwelt	180
beneidet	180
guan	180
einträge	180
lie	180
flippen	180
Ibrahim	180
empfänglich	180
erkenntlich	180
jaz	180
Saiten	180
gehaltsscheck	180
Injektionen	180
brauchbares	180
Scrabble	180
ausgeschlafen	180
golfschläger	180
hartford	180
koennen	180
quick	180
unterlaufen	180
Strophe	180
mountains	180
Montague	180
erstklassigen	180
untergekommen	180
Genauigkeit	180
Pizzen	180
ausgehungert	180
giselle	180
anziehst	180
lichtschalter	180
Vita	180
mitspielt	180
gemailt	180
Rollins	180
mansfield	180
pflichtverteidiger	180
arigold	180
edwina	180
buchhandlung	180
angehören	180
bannon	180
mme	180
eau	180
Geschwistern	180
junggesellenparty	180
gekappt	180
Bäuerin	180
transportmittel	180
klinks	180
mahnung	180
heimsuchen	180
stritt	180
domingo	180
vorherige	180
Dritt	179
Mittags	179
Raucht	179
Veranstalten	179
Drucken	179
Beschleunigen	179
honorar	179
rütteln	179
infiltrieren	179
schwärmen	179
geleiten	179
schneien	179
autogramme	179
lasten	179
spaßen	179
hodges	179
apfelsaft	179
kommunistische	179
fußgänger	179
köstlichen	179
Gelassenheit	179
hansi	179
Pornografie	179
riesending	179
gruseliger	179
allerwichtigste	179
ironischerweise	179
bereicherung	179
jam	179
bauchweh	179
unentbehrlich	179
simeon	179
Wechselbalg	179
Bowlingbahn	179
Forensiker	179
genevieve	179
scheißhaus	179
zirka	179
bestem	179
hanni	179
abgefallen	179
Drogerie	179
ägyptischen	179
Macher	179
scheiterte	179
Moneten	179
flying	179
spice	179
beschäftigter	179
arrestzelle	179
Phänomene	179
rothstein	179
Hirngespinst	179
gleitet	179
erzengel	179
lamar	179
zora	179
Otter	179
sung	179
japanisches	179
regelmäßige	179
getrübt	179
excalibur	179
Task	179
verhältnissen	179
meng	179
justice	179
Verrätern	179
juarez	179
yoshida	179
kettenreaktion	179
waits	179
aufnahm	179
Staudamm	179
conan	179
Streitigkeiten	179
Baal	179
scanne	179
Glocken	178
Tennis	178
Christen	178
Überqueren	178
Häusern	178
Weiche	178
Punkten	178
Saufen	178
Zischen	178
schwan	178
artillerie	178
streber	178
eiche	178
Rentner	178
vorhersehen	178
trager	178
breiter	178
abrechnen	178
ausbluten	178
prügelt	178
Sellerie	178
bescheißt	178
wickham	178
Prostata	178
sonnigen	178
allez	178
Alligatoren	178
arbeitende	178
Albaner	178
nötigung	178
coles	178
frl	178
infolge	178
zuges	178
dupree	178
gefielen	178
erhitzt	178
Rochelle	178
charity	178
jahrelange	178
fifth	178
morgendämmerung	178
demoliert	178
suzaku	178
Aasgeier	178
widmet	178
überrasche	178
project	178
beeilst	178
steuerberater	178
rät	178
abhaken	178
abgegangen	178
Charmeur	178
irish	178
Player	178
jodie	178
spielhalle	178
regenwald	178
belanglos	178
Bills	178
kollateralschaden	178
Olivers	178
Imitation	178
einschaltquoten	178
eiskalte	178
urkomisch	178
bemerkst	178
anzuzünden	178
begrenzten	178
hanks	178
zuende	178
liebstes	178
graues	178
stärkung	178
vorgefunden	178
armaturenbrett	178
studentinnen	178
Gefangennahme	178
voice	178
extrablatt	178
wartend	178
dip	178
rückspiegel	178
vorherbestimmt	178
Karpfen	178
judge	178
sperrstunde	178
tully	178
eddi	178
bluttests	178
baton	178
Fraktur	178
Alben	178
kreuzfeuer	178
wegsehen	178
vivien	178
Dreizack	178
Bon	177
Rauchst	177
Masken	177
Schwimmt	177
Schwitzen	177
Haust	177
Wachte	177
krümel	177
schmied	177
Ader	177
Kur	177
hassten	177
minimal	177
partisanen	177
absaugen	177
gesimst	177
gemischte	177
shark	177
ausreicht	177
wolkenkratzer	177
schiefläuft	177
zusammenarbeitet	177
subs	177
Schönling	177
avalon	177
geldprobleme	177
formwandler	177
resync	177
ballkönigin	177
Medusa	177
lobet	177
Ivo	177
ausgelaugt	177
burbank	177
Killers	177
Kali	177
stickig	177
mega	177
someone	177
Arschkriecher	177
bestrahlung	177
nachrichtendienst	177
brownie	177
abgefunden	177
Bastille	177
Pott	177
yoda	177
zusammenhänge	177
bockmist	177
unkompliziert	177
jeffries	177
bildeten	177
Puma	177
gestörte	177
Ankunftszeit	177
Plymouth	177
durchkämmt	177
verbesserte	177
plattenfirma	177
nütze	177
zusammenhängt	177
eisbären	177
vergesslich	177
harmlosen	177
empörung	177
Sonntagmorgen	177
Kapitol	177
santo	177
kastriert	177
verstöße	177
polizeibeamte	177
entsinne	177
töpfchen	177
nötigste	177
Gremium	177
herzliche	177
taff	177
viereinhalb	177
mitfühlend	177
Rachels	177
polizeiliche	177
Geschwafel	177
abzuwehren	177
Bewohnern	177
einzuschalten	177
softitler	177
vie	177
bleistifte	177
close	177
Zerbrechen	176
Poker	176
Konten	176
Sinken	176
Trauern	176
Abreise	176
Bette	176
Klemmt	176
darm	176
banker	176
imbiss	176
Abitur	176
hingeben	176
prozesse	176
verschlimmern	176
flachen	176
begutachten	176
bescheidener	176
stützt	176
orient	176
netze	176
fleisches	176
sterbebett	176
problemo	176
kimble	176
ahmt	176
abgezockt	176
erhältlich	176
geoutet	176
sauerkraut	176
anzugeben	176
Equipment	176
abgibt	176
Augustine	176
Rechtshänder	176
wassermelone	176
demokratisch	176
Monument	176
alcatraz	176
Tempels	176
tschüssi	176
tory	176
eingepflanzt	176
Pathologie	176
ungutes	176
pak	176
tatzeit	176
vulkanischen	176
pitbull	176
erkennbar	176
fernsehserie	176
diaries	176
töchterchen	176
clarks	176
Medici	176
kotz	176
schüttle	176
lower	176
primäre	176
reinpassen	176
murdoch	176
drago	176
catering	176
Niels	176
Mekka	176
virtuelle	176
zahnfleisch	176
Passanten	176
ehemanns	176
iphone	176
Südens	176
ystad	176
türschwelle	176
gegenangriff	176
acapulco	176
charmanter	176
Auszug	176
feststecken	176
Niemandsland	176
stammgast	176
schutzschilde	176
amerikanischem	176
auswirkung	176
dingsda	176
dorrit	176
huo	176
flagg	176
blutegel	176
petrov	176
jazzhead	176
arbeitskollegen	176
Boiler	176
verbesserungen	176
japse	176
Kardinäle	176
dekoriert	176
omni	176
Erregen	175
Trommeln	175
Fortsetzen	175
Locke	175
Anpassen	175
Elemente	175
Feinden	175
Hirte	175
seilen	175
feierst	175
abblitzen	175
zehnte	175
krempel	175
proteine	175
next	175
hellseherin	175
glock	175
leuchtfeuer	175
Schakal	175
harp	175
alkoholproblem	175
ignorierte	175
anstrengender	175
Orchidee	175
tusk	175
beworfen	175
fahrerin	175
peaches	175
erhabene	175
whitmore	175
familienangelegenheit	175
schlitzauge	175
gem	175
Bäder	175
kammerdiener	175
amelie	175
mathison	175
sechsmal	175
Toledo	175
Washingtons	175
minibar	175
neugeborenen	175
trübe	175
fehlanzeige	175
todernst	175
stannis	175
löwin	175
sorgten	175
blamierst	175
unbewaffneten	175
schlachthof	175
hörgeschädigte	175
Präzedenzfall	175
Vibrator	175
Himmler	175
rothaarigen	175
volllaufen	175
körperlicher	175
antaten	175
absolviert	175
geschleift	175
beacon	175
Mayans	175
kellogg	175
unverheiratet	175
barmherzig	175
Imam	175
verhöhnt	175
betrete	175
bevorstehende	175
donaghy	175
Liegestütze	175
poppins	175
eiskrem	175
aoki	175
schwergewicht	175
dodd	175
Pagen	175
höherer	175
rance	175
drusilla	175
Österreicher	175
britisch	175
springende	175
riesenrad	175
christo	175
höflicher	175
straßenecke	175
südseite	175
neugierige	175
Katheter	175
kobayashi	175
tandy	175
Modus	175
perverses	175
eingestochen	175
Fälscher	175
Abreisen	174
Schwingen	174
Telefone	174
Uniformen	174
Kostüme	174
Nachmittags	174
Nationalen	174
Mitteln	174
riegel	174
ausfahrt	174
amateur	174
Türme	174
Rost	174
Ausdrücke	174
Elektronik	174
Revolutionär	174
Ziegel	174
türmen	174
dampfen	174
beschmutzen	174
abspielt	174
klau	174
zutrauen	174
wissenschaftlern	174
kommentieren	174
tätowieren	174
reifer	174
zwinkern	174
auguste	174
begabter	174
Meteorit	174
aufzuführen	174
auftragsmörder	174
pustet	174
Ariane	174
baumann	174
eleganten	174
beenthere	174
ulrik	174
videorekorder	174
oooh	174
capua	174
komfortabel	174
Elixier	174
letty	174
einzieht	174
seniorpartner	174
Abstecher	174
book	174
tät	174
zuständige	174
paradox	174
straff	174
maynard	174
Peperoni	174
Evangelium	174
tiefgründig	174
francie	174
Kolumbianer	174
Guillotine	174
gebrandmarkt	174
bearbeite	174
Elenas	174
hausboot	174
Renault	174
Symbiont	174
ter	174
lebenserwartung	174
hua	174
vermehrt	174
spielschulden	174
Piccolo	174
espheni	174
untypisch	174
klaro	174
schallplatte	174
Ärgernis	174
mitgegeben	174
gefrorenen	174
detaillierte	174
zuzulassen	174
Lenin	174
Dschingis	174
Grübchen	174
baird	174
eingeschrieben	174
festgesetzt	174
Dächer	174
knifflig	174
torwart	174
maguire	174
Wackelpudding	174
zustimme	174
stinkender	174
winger	174
Zöpfe	174
Kingston	174
blutlinie	174
bobs	174
barneys	174
ausgestrahlt	174
unentdeckt	174
bekennt	174
norrie	174
kommandiert	174
imaginären	174
kuck	174
spülung	174
zurückzuzahlen	174
unbegründet	174
Nilpferd	174
zivilisierten	174
vergangenes	174
außerordentliche	174
alleinstehende	174
temperamentvoll	174
empfindliche	174
simplen	174
Upgrade	174
Morpheus	174
zahlreich	174
küchenchef	174
Schlaft	173
Feiner	173
Relativ	173
Transportieren	173
Braune	173
Jahrhunderten	173
einhorn	173
splitter	173
wurzel	173
Klotz	173
Kranz	173
betrugs	173
jüngerer	173
digitalen	173
flöten	173
spritz	173
intern	173
Blamage	173
Inflation	173
Fehde	173
Stieftochter	173
Hussein	173
flüsterte	173
behütet	173
pelt	173
award	173
rennwagen	173
Anke	173
gefiele	173
feinste	173
genötigt	173
zusammenhält	173
wertpapiere	173
behandelten	173
bergsteiger	173
Israels	173
maverick	173
kühlraum	173
kinderkram	173
chong	173
woodward	173
zerfleischt	173
innenministerium	173
Überbleibsel	173
burr	173
zahllose	173
aufzüge	173
zocken	173
verprügelte	173
loslässt	173
legitim	173
tägliches	173
auszuwählen	173
Brandung	173
brandneue	173
edles	173
schalldämpfer	173
wachturm	173
fido	173
unterdessen	173
guard	173
israelische	173
Zehenspitzen	173
dichtung	173
kriegsgebiet	173
levy	173
razor	173
feuerwehrmänner	173
Pokerspiel	173
Insasse	173
Zulu	173
Bolivien	173
Klausel	173
gowron	173
fade	173
Menschenskind	173
vorbringen	173
woodsen	173
weia	173
rundherum	173
lovelace	173
geschwind	173
tulip	173
vergrößerung	173
pingelig	173
herauszuholen	173
brians	173
befehlsgewalt	173
Mambo	173
Sensenmann	173
gestreichelt	173
rechtssystem	173
Trans	173
bescherung	173
erstatte	173
fairbanks	173
überfielen	173
Ansprechen	172
Frischer	172
Büros	172
Stürmen	172
Pflege	172
Golden	172
Sahne	172
Binde	172
furz	172
kaserne	172
trompete	172
zylinder	172
Ketzer	172
Puder	172
Gutschein	172
geschlechts	172
magneten	172
vermögens	172
weller	172
glüht	172
hecke	172
fitness	172
abhacken	172
schlosses	172
muh	172
vorankommen	172
rätseln	172
schmiede	172
einschläfern	172
erörtern	172
Renaissance	172
kurtz	172
turteltäubchen	172
geschändet	172
andocken	172
korrupter	172
Toyota	172
kantonesisch	172
hauptgewinn	172
gram	172
pong	172
fabrice	172
beliebige	172
reinige	172
Zubehör	172
lowe	172
rumschnüffeln	172
hitman	172
krause	172
deunan	172
Schwerpunkt	172
doolittle	172
rauskriegt	172
wohltätige	172
überlegungen	172
traurigste	172
snoop	172
flussufer	172
überläufer	172
aufgelistet	172
knackig	172
anbrennen	172
detektivin	172
diszipliniert	172
Promenade	172
zwischenfälle	172
zukünftig	172
nächtliche	172
Ibm	172
Bonaparte	172
stürzten	172
Feierlichkeiten	172
tödliches	172
Promis	172
abzufangen	172
abba	172
mcbeal	172
koreanischen	172
Gendarmen	172
clooney	172
verwirrte	172
talentierter	172
zehntausende	172
ermöglichte	172
klunker	172
third	172
ralphie	172
weihnachtszeit	172
Wehrmacht	172
Gründeten	172
Einbahnstraße	172
begingen	172
codenamen	172
entschädigt	172
zweifelhaft	172
erweiterung	172
ahmet	172
olof	172
beliebten	172
koreanisch	172
Joints	172
Regisseure	172
stündlich	172
chop	172
fangfrage	172
mitunter	172
verleitet	172
Zwiebeln	171
Schlitten	171
Jahrhunderte	171
Rennst	171
Erbarmen	171
Verkünden	171
Betreiben	171
Mindeste	171
Singst	171
Nötigen	171
Warmes	171
fackel	171
abt	171
heck	171
Kasper	171
Ordner	171
Tunte	171
Label	171
apartments	171
konzerne	171
erkaufen	171
gangstern	171
dableiben	171
reichs	171
bedrängen	171
vilde	171
wife	171
ting	171
faires	171
einlade	171
bekanntlich	171
scherzkeks	171
windmühle	171
telefonistin	171
befruchtung	171
vir	171
prachtvoll	171
hinzukriegen	171
näht	171
henshaw	171
spanischer	171
blumenladen	171
zurückgetreten	171
kunststück	171
coney	171
ennis	171
Tsunami	171
kürzeste	171
lahmgelegt	171
Rückwärtsgang	171
splitternackt	171
mones	171
wish	171
heiser	171
spears	171
neugeborenes	171
zuwendung	171
kompatibel	171
faules	171
relax	171
niedliche	171
Scharlatan	171
eingeflogen	171
claudette	171
trucker	171
streitmacht	171
holy	171
Experiments	171
lennart	171
schlussstrich	171
kaufman	171
funky	171
bildhauer	171
arturo	171
kendrick	171
gepresst	171
Footballspieler	171
zuzuschlagen	171
Stollen	171
Trüffel	171
kochbuch	171
Schmeicheleien	171
verkatert	171
verfrüht	171
suzette	171
ogden	171
Barnabas	171
Wolff	171
niedergestochen	171
implantiert	171
gewaltsamen	171
wunderland	171
Verweis	171
unerlässlich	171
ghul	171
verstehste	171
flieh	171
potentielle	171
mckinley	171
bizarre	171
lon	171
Transfusion	171
andersson	171
ergreife	171
Erna	171
gerissener	171
Versteckspiel	171
überprüfst	171
Projektion	171
Universitäten	171
Palermo	171
enkelsohn	171
everyone	171
findus	171
diversen	171
statten	171
flirtest	171
cade	171
angebaggert	171
pflanzt	171
unangemeldet	171
innig	171
Vertrieben	170
Gästen	170
subjekt	170
fax	170
kartoffel	170
Zäune	170
Umstand	170
gesuchte	170
gerate	170
schufte	170
rissen	170
freimachen	170
doppel	170
swing	170
gifte	170
sos	170
baumeln	170
betätigen	170
übernachte	170
eskortieren	170
fog	170
mccall	170
Unstimmigkeiten	170
messungen	170
probierte	170
heimkam	170
abzweigung	170
taschenmesser	170
teuersten	170
Schmeling	170
erpicht	170
Schwäne	170
zuverlässiger	170
chai	170
hintergeht	170
ezekiel	170
aufjeden	170
kalifornischen	170
haferflocken	170
shilling	170
rutherford	170
geheimdienste	170
abschlussklasse	170
verteidigte	170
xu	170
abgefüllt	170
Albanien	170
bezeugt	170
lj	170
kontrollierst	170
Sweatshirt	170
kanntet	170
bezweifelt	170
Masseur	170
grausames	170
mystischen	170
steril	170
insofern	170
Kz	170
hingerissen	170
Poseidon	170
Vaterschaft	170
Schimpanse	170
lebensart	170
corner	170
entbindung	170
meet	170
runtergeladen	170
tancredi	170
benutzung	170
erscheinst	170
verlogen	170
augie	170
begrub	170
Muslim	170
Canterbury	170
pontus	170
freebo	170
personalakte	170
körbchen	170
funkgeräte	170
angeworben	170
behandele	170
durchsuchte	170
auszuspionieren	170
bereinigt	170
holzkopf	170
letzteres	170
herrenhaus	170
glenda	170
Pediküre	170
überrollt	170
patel	170
ekligen	170
goldstück	170
anlässen	170
rde	170
oberschwester	170
sundance	170
Deckt	169
Blaues	169
Grillen	169
Mount	169
Aufschreiben	169
gosse	169
Strudel	169
Fünfer	169
Kollektiv	169
nationaler	169
anordnen	169
arsen	169
donnert	169
energien	169
tönen	169
verfangen	169
borden	169
strippen	169
klemmen	169
tiefere	169
misshandlung	169
dänischen	169
rennpferd	169
ia	169
vornherein	169
vergönnt	169
kiriu	169
einzureden	169
zusammenzubringen	169
Jansen	169
erlischt	169
Rachefeldzug	169
Hilde	169
Gefährte	169
verpatzt	169
militärisch	169
glades	169
hierherzukommen	169
mitmache	169
Aristoteles	169
Schönheitswettbewerb	169
ehrenamtlich	169
Mussolini	169
festbinden	169
reiseführer	169
derjenigen	169
Caligula	169
Mopp	169
Herberge	169
schweigend	169
Coyote	169
bogart	169
eagles	169
begabte	169
waschsalon	169
rechnete	169
zuvorgekommen	169
network	169
unbegrenzt	169
Carola	169
Tortur	169
virtuellen	169
Hörensagen	169
fernand	169
Vertragt	169
aufzuholen	169
steed	169
totengräber	169
Tribunal	169
taktlos	169
Aufschrift	169
entspannend	169
geschickter	169
postboten	169
javi	169
pavel	169
Suzuki	169
Archäologe	169
wonderful	169
selbstjustiz	169
fürwahr	169
preiszugeben	169
verschmutzt	169
passwörter	169
schlitzaugen	169
vorläufigen	169
Series	169
matteo	169
massey	169
abwegig	169
würdige	169
abgesandte	169
kling	169
Mathematik	168
Werkzeuge	168
Automobil	168
Orgel	168
Vitamin	168
Brühe	168
Diskette	168
schar	168
zuwenden	168
relais	168
ausverkauf	168
rings	168
umtauschen	168
tieres	168
verloben	168
entfalten	168
begehre	168
inszenieren	168
einchecken	168
verdienste	168
dokumentieren	168
ködern	168
flugzeugs	168
sub	168
universal	168
gelehrten	168
absperren	168
lahmen	168
pfiffe	168
schrumpfen	168
ausreißen	168
grille	168
abbezahlt	168
schliefst	168
wegpusten	168
weiterzugeben	168
lausig	168
aspen	168
pit	168
ryu	168
fügung	168
steinzeit	168
wich	168
Britannien	168
Sterblichkeit	168
hausarzt	168
Diabetiker	168
vala	168
Immigranten	168
Wladimir	168
vereinbarungen	168
Australier	168
staff	168
broken	168
radcliffe	168
save	168
sicherheitsgurt	168
schäbige	168
Besserwisser	168
barnett	168
gottverdammtes	168
entstehung	168
läufts	168
ranfahren	168
Gerüst	168
vegetarierin	168
rattert	168
überschrieben	168
ausgeheckt	168
aston	168
Emitter	168
wohnhaus	168
besprachen	168
aufrichtige	168
einzujagen	168
todesengel	168
morten	168
geltend	168
verzögerungen	168
Blackouts	168
Lisas	168
vorzugsweise	168
bekloppte	168
oval	168
bevorzugte	168
lucinda	168
selbstmorde	168
getröstet	168
amtlich	168
Intrige	168
Spaniens	168
dear	168
tänzchen	168
einschreiten	168
standing	168
Kapstadt	168
Jurastudium	168
rasierklinge	168
Anhang	168
providence	168
Gibbons	168
Leviathan	168
investiere	168
como	168
kuschelig	168
Kap	168
abschicken	168
jule	168
Qi	168
niedergeschossen	168
wyler	168
traummann	168
Aggressionen	168
antik	168
Gehweg	168
ehemannes	168
regis	168
Nietzsche	168
Erlangen	167
Vertuschen	167
Nieren	167
Zinsen	167
Darstellen	167
Gedenken	167
stempel	167
verbot	167
Muschel	167
Effizienz	167
Spanner	167
opferte	167
schubst	167
fliesen	167
brenn	167
passagieren	167
heizen	167
ausbringen	167
dornen	167
sieges	167
raufgehen	167
foxy	167
alleinsein	167
Rehabilitation	167
Hepatitis	167
caterer	167
industrielle	167
boshaft	167
ruhestörung	167
Nazareth	167
Transponder	167
kimura	167
hinrichtungen	167
ordnungsgemäß	167
sicherheitsteam	167
unnütz	167
untersuchten	167
mcnamara	167
Faraday	167
anderenfalls	167
kronjuwelen	167
günstigen	167
eigenartiges	167
ros	167
dienstboten	167
beherbergt	167
Hektik	167
ground	167
schlupfloch	167
angreifbar	167
supreme	167
erbarmungslos	167
verheerend	167
generalsekretär	167
muttersöhnchen	167
päpstliche	167
Adonis	167
nunmal	167
aufwischen	167
Hyänen	167
Mont	167
sicherheitsfirma	167
cos	167
bürgerin	167
gerichtsvollzieher	167
Kameradschaft	167
eindringt	167
himmelreich	167
kilgrave	167
bedürftigen	167
drummond	167
verwendeten	167
eingeworfen	167
verwahrt	167
anriefen	167
joeys	167
schroff	167
stichwunde	167
jeppe	167
hexenzirkel	167
pai	167
Termiten	167
hewitt	167
Honda	167
klebstoff	167
abgewischt	167
forensischen	167
operationssaal	167
feuerwache	167
schuldschein	167
chirurgische	167
handarbeit	167
pensionierung	167
göttlicher	167
bezog	167
ernsthafter	167
Tribun	167
shiva	167
Hüten	166
Schwerter	166
Software	166
Einschlagen	166
denker	166
trinker	166
Klammer	166
injizieren	166
camping	166
tratschen	166
tauschte	166
analysen	166
gelenkt	166
ausspucken	166
besänftigen	166
zivil	166
kombinieren	166
hinfliegen	166
nervige	166
pancho	166
Bedenkzeit	166
Römern	166
elektronisch	166
zusätzliches	166
austreten	166
vollgestopft	166
schweigsam	166
leidenschaftlicher	166
dayton	166
koordiniert	166
Gönner	166
zeitweise	166
schrille	166
beliebtesten	166
Echtheit	166
fremdgehen	166
goldig	166
Macken	166
babyparty	166
entschuldigte	166
stromversorgung	166
sommersprossen	166
chiang	166
rochester	166
Tribune	166
Feedback	166
boat	166
dagewesen	166
psychologisches	166
self	166
esposito	166
vorfalls	166
chic	166
einzuschätzen	166
gekackt	166
Ampullen	166
hochgegangen	166
latschen	166
unermüdlich	166
Schulze	166
bös	166
streichmusik	166
rambaldi	166
hinkommt	166
lebenswert	166
verdrehte	166
massig	166
Rüssel	166
fringe	166
Antwerpen	166
verschleiert	166
prosit	166
ladendiebstahl	166
Qualifikation	166
vormarsch	166
röntgenbild	166
vermeidet	166
vorladen	166
vaterfigur	166
morley	166
mittagsschlaf	166
nbc	166
unentschlossen	166
vorbeigegangen	166
Milieu	166
eeg	166
grievous	166
zurückzuführen	166
Lumen	166
runkle	166
Konkubine	166
muy	166
verbliebenen	166
zunutze	166
zuzuschreiben	166
abschlussprüfung	166
howe	166
pferdeschwanz	166
unaufhörlich	166
medical	166
polizeischule	166
tageszeit	166
Entdecker	166
bedrückende	166
weitersagen	166
formsache	166
polizeibeamten	166
selbsthilfegruppe	166
rückstände	166
gesenkt	166
verfügbare	166
Osteuropa	166
fingerspitzen	166
zerbrochene	166
dehoh	166
heels	166
nebenher	166
Abrahams	166
Clement	166
stummen	166
Samba	166
Treppen	165
Vereinen	165
Platzt	165
Halber	165
Klarkommen	165
Grimm	165
Auftreiben	165
Ausgaben	165
filter	165
angehörige	165
Ethik	165
Einstieg	165
Trumpf	165
Lack	165
zivilen	165
kompensieren	165
reinwaschen	165
motten	165
achilles	165
entsetzen	165
falte	165
schleppe	165
voraussagen	165
wett	165
verzehren	165
auspeitschen	165
brainiac	165
fillmore	165
laird	165
wutanfall	165
abkratzen	165
whitechapel	165
Nacktheit	165
Turkey	165
Häftlingen	165
unterwerfung	165
kratze	165
teilzeit	165
klarzumachen	165
börsenmakler	165
tobin	165
verantwortungsbewusst	165
Gewölbe	165
einschläft	165
erzählungen	165
Erdöl	165
Revue	165
rattengift	165
ope	165
Handele	165
ih	165
unrein	165
terroranschlag	165
schulgeld	165
künstlerisch	165
hawking	165
Genialität	165
finanzministerium	165
suits	165
Brie	165
Grotte	165
kulturellen	165
Vw	165
gemeinderat	165
Flüchtlingen	165
inc	165
goldstein	165
Sarkophag	165
hair	165
arden	165
baupläne	165
Fortune	165
Gegnern	165
bakersfield	165
Moskitos	165
Nostalgie	165
quiekt	165
unverschämter	165
verurteilter	165
Rugby	165
beibrachte	165
bürgerwehr	165
erwache	165
biege	165
gefängnisstrafe	165
downey	165
bemerkbar	165
dementsprechend	165
realisierte	165
Turteltauben	165
heimlicher	165
lichtwächter	165
rosita	165
meisterstück	165
auffälliges	165
Marsmenschen	165
Tesla	165
Interferenzen	165
militärdienst	165
schizophren	165
nichtraucher	165
flugplan	165
ließest	165
largo	165
badger	165
jekyll	165
augenbraue	165
kriegsschiffe	165
Spartakus	165
leichensack	165
Portwein	165
zuckt	165
keys	165
isl	165
gähnen	165
slam	165
dumont	165
folg	165
Tauben	164
Davonkommen	164
Hinzufügen	164
Nu	164
zügel	164
Dichte	164
Tausender	164
Protein	164
Pseudonym	164
Rebell	164
kribbeln	164
herumführen	164
beuge	164
schwertern	164
prüf	164
schreckens	164
reportern	164
rudert	164
reserven	164
strategien	164
vielem	164
ausspielen	164
sägen	164
sports	164
spielern	164
fummel	164
schälen	164
bewaffnen	164
verbrauchen	164
päpstlichen	164
Gemeinsamkeit	164
eldridge	164
sook	164
sehkraft	164
gewußt	164
kümmerten	164
Möhren	164
Saatgut	164
Südstaatler	164
vergifteten	164
tulsa	164
rhoda	164
booker	164
Helmer	164
gabriella	164
täuschte	164
glühende	164
Omelette	164
geklungen	164
Ausbrüche	164
Liedern	164
mechanische	164
fälschlicherweise	164
hungerstreik	164
dreckstück	164
beschuldigungen	164
weibliches	164
preiset	164
Wc	164
spongebob	164
ausgefressen	164
ordnete	164
bürge	164
kwon	164
Gefährt	164
beatmungsgerät	164
träumten	164
gängen	164
skandalös	164
rohes	164
browns	164
gannicus	164
Patch	164
Allgemeinheit	164
ungelösten	164
milord	164
verleugnet	164
notrufzentrale	164
arts	164
durchdreht	164
hyperantrieb	164
zugestellt	164
unmögliches	164
abgesegnet	164
jammerschade	164
bestiegen	164
zodiac	164
blickfeld	164
künstliches	164
Archäologie	164
Fink	164
meidet	164
amputieren	164
warlock	164
untersteh	164
century	164
säßen	164
brabbelt	164
eko	164
Algebra	164
juristisch	164
kei	164
Hotline	164
Forelle	164
immobilienmakler	164
zugführer	164
verschrecken	164
epi	164
tolerant	164
durchdringt	164
Bai	164
fergus	164
parkplätze	164
liars	164
Packard	164
Einholen	163
Hingabe	163
Linien	163
Sattel	163
Pflegen	163
Wildes	163
Bonus	163
Spucken	163
Einlassen	163
elle	163
kommode	163
troll	163
Amme	163
Lehm	163
Umfrage	163
Tastatur	163
Marmor	163
Knicks	163
trauere	163
ängstigen	163
konserven	163
fertigen	163
lichtern	163
beschämen	163
Optimist	163
hinterhältiger	163
animal	163
Alfons	163
rangekommen	163
bibliothekarin	163
tylers	163
entblößt	163
talia	163
einzuführen	163
Verschwiegenheit	163
todestrakt	163
corvette	163
abgewandt	163
Moskauer	163
conor	163
zusammenfassen	163
arya	163
erzählerin	163
loving	163
tröstlich	163
verkrüppelt	163
bordstein	163
skol	163
Volleyball	163
horrorfilme	163
berichteten	163
stampede	163
fertiggestellt	163
Petersilie	163
schokoladenkuchen	163
mexikanisches	163
hielte	163
mccann	163
Reinhold	163
rausgehst	163
kree	163
gehorchst	163
kammerflimmern	163
terroristische	163
unternehme	163
gekreuzt	163
Hyäne	163
aufgab	163
Gefälligkeiten	163
mutiert	163
pittman	163
stubbs	163
Jennie	163
besiege	163
gezittert	163
Svetlana	163
Josefine	163
collin	163
errungen	163
unrealistisch	163
zwischenstopp	163
Malin	163
selim	163
eingezahlt	163
mitsuko	163
getrennten	163
abendschule	163
Verfolgungswahn	163
geisteszustand	163
konzentrationslager	163
vorfällen	163
lilah	163
piss	163
Kruzifix	163
bhs	163
mitgezählt	163
kenna	163
Pult	163
beliefert	163
anbiete	163
kolja	163
Ganove	163
tauge	163
Bilde	162
Blinde	162
Zurückzahlen	162
Ameisen	162
Verleihen	162
Enthalten	162
Sperrt	162
Aufsetzen	162
Erstellen	162
Herbringen	162
Korrigieren	162
Negative	162
Pilze	162
pokal	162
rumpf	162
wanderer	162
kamel	162
architektur	162
Hieb	162
Lawine	162
erklingen	162
umzingeln	162
gaumen	162
spray	162
umschreiben	162
kopfes	162
zurücklegen	162
gesichts	162
triebe	162
seidenen	162
schalen	162
versah	162
gefängniszelle	162
ermutigend	162
strafregister	162
birdie	162
Vincents	162
mangelnde	162
liedchen	162
Winchesters	162
gaspedal	162
fischchen	162
Penicillin	162
zuweilen	162
bildlich	162
arbeitskräfte	162
Finderlohn	162
anni	162
Gendarmerie	162
moves	162
eifersüchtige	162
Arie	162
mörderischen	162
sucre	162
mckenna	162
verordnet	162
Mineralien	162
Einsätzen	162
mulligan	162
Guantanamo	162
ausgeübt	162
Kombinationen	162
Performance	162
takashi	162
errätst	162
müllkippe	162
wise	162
schussfeld	162
weggehe	162
connolly	162
kosmischen	162
inspiziert	162
Groupies	162
bürgerlichen	162
Crewmitglieder	162
Parties	162
arif	162
gilda	162
voltron	162
hereinkam	162
erträglich	162
quietschende	162
entspannte	162
saito	162
überraschst	162
berüchtigt	162
jp	162
zuzustimmen	162
übereinstimmt	162
Schikane	162
veröffentlichte	162
verlang	162
tischgebet	162
egoistische	162
rundfunk	162
wildschweine	162
rumhängt	162
Sandwichs	162
verwöhnte	162
peppone	162
freudige	162
flippte	162
Monolog	162
eingehender	162
milchstraße	162
Füssen	162
herzattacke	162
automatischen	162
angezettelt	162
rausrücken	162
aufmachung	162
alamo	162
klacken	162
Susans	162
abschiedsparty	162
kündigst	162
emmanuelle	162
garber	162
glotz	162
Quatschst	162
gefrorene	162
verpassten	162
Meiden	161
Isoliert	161
Ausschlag	161
Felder	161
Toiletten	161
Gesetzes	161
Sendet	161
trümmer	161
laterne	161
schreiber	161
schürze	161
Konzern	161
Magnet	161
fanfaren	161
parkett	161
drohten	161
zuordnen	161
gemeinden	161
nachhelfen	161
zimmers	161
spuk	161
rattern	161
sammelst	161
schmuggel	161
tunneln	161
kerzenlicht	161
ekelhafte	161
Okinawa	161
schatzsuche	161
Born	161
gläubige	161
banfield	161
sailor	161
axl	161
einzukaufen	161
europe	161
capital	161
nunja	161
Bukarest	161
lebensmittelladen	161
nightingale	161
penguin	161
Rembrandt	161
eingenickt	161
betätigt	161
Kosaken	161
Sträflinge	161
mitspieler	161
Zorns	161
kom	161
abweisend	161
boca	161
welcome	161
Morphin	161
Schnauzer	161
zarin	161
sync	161
kriegserklärung	161
sitting	161
Hunnen	161
Körner	161
frühstücke	161
durchführt	161
leuchtenden	161
menschlichem	161
klavierspiel	161
dauerhaften	161
Mausoleum	161
barrys	161
organisiertes	161
gregg	161
unangenehmes	161
verschanzt	161
aufzuwecken	161
produzentin	161
ianto	161
kontrollpunkt	161
liebevollen	161
klos	161
italienerin	161
Monarch	161
naturwissenschaften	161
vorstellte	161
Walhalla	161
betrachtest	161
bozz	161
groot	161
schlüsselkarte	161
verbotenes	161
fernsteuerung	161
erneuerung	161
geschäftsführerin	161
fernsehsender	161
Diva	161
Bismarck	161
Valentina	161
fettarsch	161
Perspektiven	161
hoi	161
verlieh	161
Stümper	161
geheimpolizei	161
verrechnet	161
unvorhersehbar	161
arcadia	161
zartes	161
geschuldet	161
steigend	161
jillian	161
gaskammer	161
röntgenaufnahmen	161
tak	161
Imperiums	161
Gutachter	161
Physiologie	161
Justiz	160
Schuft	160
Rückt	160
Drohte	160
Zünden	160
Ärgert	160
Codes	160
Bumsen	160
Reiches	160
Studien	160
Gelingen	160
organ	160
zweig	160
blockade	160
Fächer	160
Fläche	160
herzogs	160
filmst	160
prüfte	160
trödeln	160
ritten	160
human	160
kriminelles	160
anzapfen	160
gebrüllt	160
verduften	160
häuten	160
unterbreiten	160
zurücklehnen	160
ozeane	160
kletter	160
dehnen	160
tatsächliche	160
vorgehabt	160
Unwesen	160
yamato	160
draufsteht	160
wüsstet	160
saht	160
anzumachen	160
berechenbar	160
Diebstähle	160
sonderbehandlung	160
empfindungen	160
verläßt	160
Nigeria	160
anhat	160
wash	160
umzusehen	160
Einigkeit	160
boxershorts	160
einzuschüchtern	160
orsini	160
retterin	160
spector	160
elektroschocks	160
vogelzwitschern	160
Plum	160
Dienern	160
überzeugende	160
schmackhaft	160
Schlitzohr	160
irgendwelcher	160
Rosario	160
pao	160
halbinsel	160
opi	160
Toupet	160
absprechen	160
ordinär	160
Teamarbeit	160
verticken	160
grundriss	160
Nektar	160
krankenpfleger	160
hindeutet	160
wegläuft	160
gebeamt	160
Hindi	160
verschossen	160
verbrecherin	160
zauberwort	160
beerdigungsinstitut	160
Tampon	160
Komödien	160
remember	160
Bitterkeit	160
Spektrum	160
chefinspektor	160
andeutung	160
buchführung	160
geruchssinn	160
sinnlich	160
angepiept	160
spekuliert	160
vorausgesehen	160
Spange	160
altenheim	160
rae	160
höhlenmenschen	160
Linn	160
hochbeamen	160
hausbesuch	160
ride	160
hochhalten	160
aufzuschreiben	160
erweiterte	160
spannendes	160
indy	160
Gal	160
supermans	160
Checkst	160
vergewaltigungen	160
allerletzten	160
mitgegangen	160
Fazit	160
enthoben	160
Trikots	160
Verscheißern	160
Augäpfel	160
Freies	159
Gier	159
Auspacken	159
Boom	159
Kleben	159
Bauten	159
Keuchen	159
Wiedergutmachen	159
Eingreifen	159
Aufsuchen	159
Verzichte	159
pilger	159
ausbilder	159
siedler	159
apotheker	159
Tropf	159
Prognose	159
Inhaber	159
Auflage	159
anlocken	159
zurückfallen	159
kammern	159
erfahrenen	159
projekts	159
brauen	159
weißem	159
verkürzen	159
abenteuern	159
lockte	159
grashüpfer	159
ausradiert	159
Qualifikationen	159
Meilenstein	159
Gigolo	159
serrano	159
aufgeblasen	159
noonan	159
Einfaltspinsel	159
verworfen	159
wälzen	159
norbit	159
vertraulichen	159
janus	159
bauteil	159
caterina	159
dove	159
mitzi	159
schulleiter	159
Rationen	159
nic	159
fraglich	159
bed	159
stimuliert	159
superhirn	159
weglief	159
öden	159
mentalen	159
fraiser	159
bone	159
Gedeiht	159
ryker	159
riverdale	159
weggeblasen	159
exquisit	159
angebrüllt	159
datiert	159
Vibrationen	159
stehenden	159
meide	159
huey	159
Maroni	159
besaßen	159
arbeitsamt	159
starsk	159
geschlüpft	159
zeitgefühl	159
einstehen	159
Ketzerei	159
Schienbein	159
naschen	159
küchentisch	159
cedar	159
Lösegeldforderung	159
gestarrt	159
phineas	159
unfehlbar	159
Quiz	159
ungesehen	159
Podest	159
vorgewarnt	159
hauptverdächtiger	159
beruhigst	159
replikator	159
eindeutigen	159
beträchtlich	159
erarbeitet	159
maybe	159
zugegen	159
mädchennamen	159
beschreibungen	159
Einöde	159
glühenden	159
beschwer	159
Etablissement	159
spade	159
gutaussehende	159
Qualle	159
shi	159
mittelmäßig	159
uncle	159
murmeltier	159
rien	159
vorhergesehen	159
godmode	159
heimreise	159
polizeipräsidium	159
Hemisphäre	159
ent	159
abzubringen	159
miki	159
gefügig	159
isabell	159
unbegrenzte	159
freisetzen	159
Stuttgart	159
unheimlicher	159
taschendieb	159
martial	159
unbedeutende	159
einbezogen	159
Quebec	159
gekrümmt	159
Gehör	158
Klappern	158
Sarge	158
Piep	158
Drehst	158
Austauschen	158
Schnellen	158
Sozialen	158
schmuggler	158
aufbau	158
diplom	158
lacher	158
antenne	158
Etikett	158
Aktie	158
längen	158
woll	158
tippt	158
gewissens	158
schleusen	158
romans	158
verstellt	158
spannt	158
Senators	158
verschlägt	158
endstadium	158
fool	158
speedster	158
trenton	158
marvel	158
Armenier	158
Zypern	158
initiiert	158
filip	158
tränke	158
Pechsträhne	158
dampfbad	158
gemütlichen	158
Mützen	158
Taktiken	158
heli	158
privatnummer	158
beurteile	158
hester	158
einleitung	158
trauernde	158
goldbarren	158
Millennium	158
außerirdisches	158
Elektrik	158
zeitliche	158
probezeit	158
jelly	158
übergangen	158
nervöse	158
Gehälter	158
narcisse	158
zweierlei	158
Repräsentanten	158
Komposition	158
startbahn	158
privatsache	158
palmers	158
schienst	158
lao	158
Abhang	158
Bit	158
patton	158
dreckloch	158
Pilates	158
strafmaß	158
grub	158
Walther	158
rage	158
fehltritt	158
perfect	158
erdal	158
Schlappschwänze	158
reingeritten	158
mordermittlung	158
cunningham	158
age	158
eifersüchtiger	158
Haines	158
rama	158
erzähltest	158
unzurechnungsfähig	158
Sevilla	158
qu	158
done	158
obliegt	158
vormittags	158
geistliche	158
übersinnliche	158
faß	158
Neptun	158
Romano	158
Gemüter	158
gezähmt	158
schuhverkäufer	158
lehrplan	158
brüllte	158
Chihuahua	158
Basar	158
gescherzt	158
hintrittst	158
Naht	157
Perfekter	157
Umwelt	157
Bearbeiten	157
Fetter	157
Springe	157
Kapsel	157
matte	157
Tratsch	157
Bilanz	157
Clique	157
Kleber	157
Ameise	157
Zwiebel	157
werken	157
flotten	157
schwenken	157
gedenke	157
simulieren	157
vordere	157
speise	157
winke	157
schwarzem	157
einbeziehen	157
wechselst	157
mixen	157
backt	157
projekten	157
ausspionieren	157
auffrischen	157
mobil	157
reinfallen	157
lauer	157
those	157
feuerwerkskörper	157
Theodor	157
ausgeschlagen	157
Souvenirs	157
versperren	157
Dozent	157
anhast	157
Talentshow	157
hängte	157
Andys	157
Kardinals	157
zufriedenstellend	157
wiederzubeleben	157
ungarisch	157
mitbekommt	157
brilliant	157
cheetah	157
unvermeidliche	157
obergeschoss	157
fragwürdig	157
kennenlerne	157
ähem	157
Meerjungfrauen	157
dreifacher	157
losbinden	157
Christiane	157
Geisha	157
unbeschadet	157
Smaragde	157
pitcher	157
yann	157
aufzubringen	157
kokosnüsse	157
raushängen	157
kaori	157
gore	157
Defibrillator	157
warpkern	157
shelton	157
umhin	157
umgehört	157
vorräten	157
harkness	157
entsprach	157
einschlägt	157
metropolitan	157
schlafenden	157
allzeit	157
blu	157
luftunterstützung	157
stammkunden	157
sicherheitsfreigabe	157
städtische	157
Häufchen	157
angeldream	157
gleason	157
Kanarienvogel	157
Rasur	157
pearce	157
wegzubringen	157
jai	157
plastische	157
genährt	157
Ferrara	157
heuerte	157
debs	157
Nachhauseweg	157
par	157
arn	157
Johnnys	157
Greis	157
magnetischen	157
aggressiven	157
Komponisten	157
tusse	157
Silbe	157
bubber	157
herauszubekommen	157
Obsession	157
unaufhaltsam	157
homerun	157
ißt	157
dam	157
gerüstet	157
mucho	157
zitterte	157
reckless	157
giants	157
spielzug	157
dumbo	157
Rezession	157
lennier	157
positioniert	157
schlafplatz	157
teeger	157
Minen	156
Geheimes	156
Weiterhelfen	156
Kehre	156
Klingel	156
Jens	156
Flirten	156
Tausenden	156
Blockieren	156
elch	156
ventil	156
matrose	156
Rhein	156
Sucher	156
Schuster	156
Blech	156
vermöbeln	156
entschädigen	156
reichst	156
soziales	156
knirschen	156
treffens	156
huber	156
anschalten	156
verstummen	156
schleppte	156
hausen	156
duften	156
verpacken	156
hinblick	156
wehrte	156
welles	156
abschrecken	156
kreist	156
traurigerweise	156
weggeflogen	156
lydecker	156
Merkur	156
versetz	156
Kreml	156
trautes	156
zusammenschlagen	156
abgeschlagen	156
tarnvorrichtung	156
selbstgefällig	156
steuerbehörde	156
faszinierendes	156
grants	156
abhanden	156
entjungfert	156
diem	156
Hiroshima	156
zurückzuverfolgen	156
manon	156
feingefühl	156
herumstehen	156
spazierfahrt	156
verschütten	156
Gabriela	156
doppelagent	156
erhabener	156
starkem	156
vietnamesisch	156
Forellen	156
versuchungen	156
Ares	156
kürbisse	156
wissenschaftliches	156
Telegramme	156
Julias	156
integriert	156
geistiger	156
vorletzte	156
günstige	156
fin	156
Selfie	156
Vortex	156
beschuldigten	156
hess	156
östliche	156
rutledge	156
Konditionen	156
ueber	156
Debüt	156
faye	156
Humbug	156
zee	156
abgetrieben	156
mitfliegen	156
gartenarbeit	156
schadensbericht	156
Epilepsie	156
gutmütig	156
Birgit	156
radley	156
bronco	156
rumgetrieben	156
aufstehe	156
Faschismus	156
win	156
frechdachs	156
antimaterie	156
dämonische	156
salaam	156
marci	156
untermieter	156
fairview	156
rumschlagen	156
kongressabgeordnete	156
Würste	156
osman	156
bohnenstange	156
saftige	156
presents	156
Esra	156
scrooge	156
Landsmann	156
scheide	156
farid	156
beige	156
gefängnisses	156
napa	156
own	156
unentwegt	156
wäschekorb	156
marwan	156
jobangebot	156
leuchtende	156
nfl	156
übersetze	156
smile	156
mühelos	156
kriegsende	156
Nimmerwiedersehen	156
ersucht	156
Ausschließen	155
Wechselt	155
Erforschen	155
Gesunden	155
Busen	155
Durchatmen	155
Stopfen	155
Übergabe	155
Einlegen	155
Instrumente	155
Belassen	155
bündel	155
juwelier	155
mediziner	155
umlauf	155
schleim	155
knecht	155
biber	155
Spott	155
Raucher	155
grober	155
kolben	155
senioren	155
zahlten	155
kriegs	155
hecht	155
heißem	155
laus	155
hinken	155
elendes	155
knüpfen	155
grabt	155
gebessert	155
sechster	155
geschmackvoll	155
squad	155
lynne	155
diplomatisch	155
vorgaben	155
Shirts	155
Gicht	155
laszlo	155
Entführern	155
getrocknet	155
cersei	155
erwogen	155
givens	155
abgebaut	155
elischka	155
Glamour	155
gould	155
Oldtimer	155
veranlagt	155
rem	155
Groupie	155
befugnisse	155
Joachim	155
rube	155
gefurzt	155
nachtclubs	155
derartig	155
begehe	155
auszugraben	155
mikaelson	155
lehrreich	155
varg	155
abweichungen	155
hochachtungsvoll	155
bergung	155
nüssen	155
marschmusik	155
Zeichner	155
wimmeln	155
spiderman	155
weihrauch	155
Grat	155
unterrichtete	155
fahrplan	155
autoradio	155
silent	155
electric	155
blickkontakt	155
zurückgezahlt	155
geschrieen	155
silbertablett	155
verschiebe	155
brrr	155
schuldgefühlen	155
Sphinx	155
lächerlicher	155
ausdehnung	155
wertlose	155
chemisch	155
Zweifelte	155
chiu	155
leos	155
kaltblütiger	155
wertvollsten	155
zusammengehalten	155
gelinkt	155
vorknöpfen	155
vorgegangen	155
bueno	155
fleht	155
riefst	155
seinerzeit	155
dalassen	155
tuttle	155
einseitig	155
reparierst	155
Känguru	155
Kanna	155
vickers	155
Schlagzeuger	155
beifahrersitz	155
litchfield	155
segnet	155
Ulla	155
vorkam	155
melmac	155
Verbleiben	155
einlochen	155
ausgeredet	155
guise	155
ablehne	155
schulball	155
gefrierschrank	155
angepiepst	155
Pepsi	155
eastwood	155
Philips	155
Werke	154
Blinden	154
Finanzieren	154
Unteren	154
Versammeln	154
Info	154
Gedeckt	154
Vergewaltigen	154
Chemikalien	154
bub	154
zugabe	154
aufschlag	154
tracht	154
Lotterie	154
Kreuzer	154
pflaumen	154
umsteigen	154
spiegelt	154
stolpert	154
hands	154
aufbaut	154
enkeln	154
beklauen	154
bunten	154
herausstellen	154
verdammen	154
bewerfen	154
stank	154
probeaufnahmen	154
umstellung	154
kreativer	154
nachgewiesen	154
Dämons	154
gemeistert	154
Rechtschaffenheit	154
schluchzend	154
Schnucki	154
pacino	154
bekümmert	154
brünett	154
jetz	154
handbremse	154
tonya	154
tieferen	154
schottischen	154
mima	154
superkraft	154
kochsalzlösung	154
impulsantrieb	154
heulte	154
gerichtliche	154
besudelt	154
südliche	154
haarige	154
ziellos	154
wohltätigkeitsveranstaltung	154
Patricks	154
shopping	154
traumatisch	154
peanut	154
zurückgeht	154
verrecke	154
ersuche	154
Riecher	154
vorbeikommst	154
aga	154
garroway	154
hängematte	154
foss	154
Zeppelin	154
temporale	154
Broschüren	154
schroeder	154
warenhaus	154
ungeheure	154
toussaint	154
lidia	154
schaltest	154
graystone	154
Palette	154
gemobbt	154
Krimis	154
kinderschänder	154
Fundort	154
ehrenkodex	154
waisenkinder	154
liesel	154
eingeplant	154
Klitoris	154
eigentumswohnung	154
Lancaster	154
seelenfrieden	154
Persien	154
vorübergehen	154
reinkamen	154
ige	154
einfordern	154
dundee	154
mütterchen	154
bestreite	154
Fashion	154
vorsichtshalber	154
unabhängiger	154
Cartoon	154
talentierten	154
Johannesburg	154
stöckchen	154
riesengroß	154
ilene	154
hustensaft	154
einzelnes	154
Hennen	154
raststätte	154
switek	154
unweigerlich	154
Blairs	154
Walkers	154
Korps	154
cadmus	154
gnädiges	154
Sensibilität	154
gräbst	154
Verwechseln	153
Vergrößern	153
Hemden	153
Besen	153
Jazz	153
Plans	153
Fürsten	153
Verweigern	153
Töne	153
baracke	153
gurt	153
dürre	153
drucker	153
Diplomat	153
Massiv	153
Kompetenz	153
Verfall	153
Kirsche	153
mächten	153
kämmen	153
reptilien	153
variablen	153
herumfahren	153
zumuten	153
ladens	153
montage	153
lenkst	153
erdulden	153
proteste	153
ricco	153
umgeschrieben	153
Inzest	153
schrader	153
Rinde	153
militärisches	153
Micha	153
wiederholungen	153
sweetheart	153
Faszination	153
erstaunlicher	153
zuzufügen	153
Pflug	153
angesehenen	153
Absolventen	153
fiction	153
week	153
reintun	153
wunderbarste	153
Extremisten	153
Gelee	153
covington	153
robb	153
kartoffelsalat	153
passiv	153
freches	153
kommissarin	153
Iwanowitsch	153
morgenmantel	153
steadman	153
dämpfe	153
Todsünde	153
Schanghai	153
schulbehörde	153
verbreite	153
kleineres	153
adlige	153
garland	153
Schüsseln	153
verratet	153
reinsten	153
freundschaftlich	153
yohko	153
hobie	153
betraten	153
Mannschaften	153
ausgebildeter	153
belebt	153
franzl	153
militärgericht	153
Monet	153
Relevanz	153
Maat	153
ill	153
verschiedenes	153
Monstrum	153
lene	153
unangenehmer	153
Uschi	153
Strahlst	153
äußert	153
moulin	153
rollenspiel	153
Nele	153
dojo	153
Claudius	153
swanson	153
hallie	153
meinungsverschiedenheiten	153
feststellung	153
erbärmliches	153
wiederauferstehung	153
Manschettenknöpfe	153
rauszuwerfen	153
anregend	153
akbar	153
Rheuma	153
heathcliff	153
vereitelt	153
auszukommen	153
unverschämte	153
Interaktion	153
Mahler	153
sunday	153
befreiend	153
aufgefüllt	153
innerer	153
Ithaka	153
bae	153
Scherzen	152
Modern	152
Finanzen	152
Bevorzugen	152
Feuert	152
Profitieren	152
Kaltes	152
Adern	152
Piepsen	152
Grinsen	152
sympathie	152
röhre	152
pilz	152
totschlag	152
zuhörer	152
fotzen	152
beherbergen	152
jägern	152
fugen	152
duscht	152
annahmen	152
ampeln	152
spulen	152
bereichern	152
kanten	152
unkosten	152
formieren	152
hochjagen	152
aufsagen	152
flache	152
ausräumen	152
engels	152
ehelichen	152
vermiesen	152
aaaah	152
spul	152
pausenraum	152
lehnten	152
paramount	152
demzufolge	152
zito	152
kaffeepause	152
tröste	152
Anus	152
Passion	152
anzuvertrauen	152
singende	152
kristallkugel	152
Dada	152
peilung	152
Russlands	152
Sauberkeit	152
bezeichnete	152
schlaflose	152
abgestochen	152
unmittelbare	152
verantwortungsvoll	152
tia	152
theatre	152
verflogen	152
fütterst	152
Motelzimmer	152
unseretwegen	152
hingucken	152
wurmlöcher	152
baumstamm	152
Obrigkeit	152
erzürnt	152
geheimnisvoller	152
urban	152
interstate	152
eingesprungen	152
gesetzlose	152
abführmittel	152
bösartigen	152
Opossum	152
wiederherstellung	152
gant	152
familienvater	152
aufging	152
Engländern	152
maßlos	152
hubot	152
bumpy	152
gesät	152
Würmern	152
pitch	152
fünfhundert	152
flip	152
angetrunken	152
emotionales	152
Mysterien	152
Pollen	152
Rapunzel	152
celal	152
voyage	152
sinnloses	152
plaudert	152
Korkenzieher	152
Urteilt	152
Zyklop	152
jd	152
erdrückt	152
uah	152
annullierung	152
festplatten	152
arvid	152
Domina	152
Shell	152
zapata	152
somebody	152
Dringlichkeit	152
gegenseitige	152
zielpersonen	152
Fiesling	152
Mandat	152
abgeschirmt	152
Dessous	152
Ar	152
Schäferhund	152
aufzeigen	152
chappie	152
kontrollzentrum	152
Verschwindens	152
dürftest	152
pessimistisch	152
Dschihad	152
neugierigen	152
familienessen	152
Anthropologie	152
lindert	152
blumenstrauß	152
rausfinde	152
Dissertation	152
violett	152
xoxo	152
steckdose	152
pickett	152
Kerosin	152
umliegenden	152
einfliegen	152
gottverlassenen	152
Dämpfer	152
Provozieren	151
Lehnen	151
Reihen	151
Anstoßen	151
Absage	151
Einschlag	151
belangen	151
labern	151
ausfahren	151
einbruchs	151
badet	151
heimkehren	151
vertagen	151
wunderst	151
verfassen	151
bremst	151
lebensfreude	151
generalprobe	151
bürgerliche	151
teds	151
dci	151
rumrennen	151
melodramatisch	151
lupin	151
mörderisch	151
Spermien	151
brecheisen	151
kjell	151
antreibt	151
Vermisstenanzeige	151
falling	151
breaking	151
einweisung	151
Annehmlichkeiten	151
rückgabe	151
Christa	151
klinisch	151
Hanne	151
Kuli	151
mori	151
abgenutzt	151
vortanzen	151
menschenhandel	151
abläufe	151
aufzusteigen	151
telefonaufzeichnungen	151
Circus	151
gegebener	151
ansteht	151
lieblingsbuch	151
eingeatmet	151
vereinfacht	151
nähmaschine	151
gnädigen	151
taktvoll	151
chocolate	151
Corpus	151
stinson	151
bundesregierung	151
willste	151
dominiert	151
kampfsport	151
verurteilungen	151
erschreckst	151
überschlagen	151
cartwright	151
gegenseitigen	151
mcguire	151
lamont	151
ticktack	151
massimo	151
belüge	151
bewährungsauflagen	151
durchgeht	151
atmete	151
kims	151
Delikatesse	151
Heini	151
austen	151
bemerkenswerter	151
beweisstücke	151
janis	151
besorgter	151
fotoapparat	151
aka	151
mazel	151
hiergelassen	151
Prado	151
feuerwehrleute	151
katniss	151
seligen	151
Expansion	151
sternchen	151
armenhaus	151
senkrecht	151
wohingegen	151
lothbrok	151
unterhaltet	151
abzuliefern	151
angeklagter	151
kneift	151
beordert	151
pumuckl	151
versorge	151
abgesägt	151
Gibraltar	151
blinky	151
Bastian	151
segelboot	151
blasmusik	151
abzüglich	151
berenson	151
angeschleppt	151
Kuwait	151
banshee	151
mutigste	151
gehirntumor	151
bessert	151
umgeworfen	151
nyu	151
unerkannt	151
Respektlosigkeit	151
Salve	151
arzttermin	151
tims	151
Frucht	150
Objekte	150
Ärzten	150
Aufwecken	150
Zaubern	150
Engagieren	150
Vermitteln	150
spalt	150
hamster	150
pinsel	150
urkunde	150
Leier	150
Säbel	150
Anreiz	150
Aussprache	150
Dachs	150
brillen	150
karrieren	150
streits	150
spült	150
zunehmen	150
beate	150
defensive	150
diktieren	150
widerstands	150
zertrümmern	150
verwehren	150
belegte	150
aktiver	150
schranken	150
gabeln	150
Malaysia	150
roz	150
burrell	150
zahlenmäßig	150
drogenbesitz	150
beunruhigung	150
hingehalten	150
didn	150
linderman	150
urplötzlich	150
stammzellen	150
ausgestreckt	150
pres	150
Visitenkarten	150
unbewohnt	150
chas	150
unterkommen	150
kelsey	150
jeanine	150
flüchtlingslager	150
spielzeit	150
glückstreffer	150
aya	150
geisteskrankheit	150
muessen	150
gewünschten	150
roswell	150
ausspricht	150
aufzusetzen	150
Konservatorium	150
dima	150
alastair	150
lia	150
Likör	150
pinot	150
Romulus	150
nicholson	150
ninh	150
geraumer	150
Fratze	150
broderick	150
cabo	150
aufzubewahren	150
bequeme	150
staunst	150
beifahrer	150
verweigerte	150
Mietete	150
befragte	150
haarig	150
überbringer	150
sicherheitsmann	150
analysiere	150
abendkleid	150
Phantasien	150
gegenseite	150
keene	150
umdreht	150
Grönland	150
zimmergenossen	150
Wendest	150
Ina	150
bedauernswert	150
herumzulaufen	150
leanne	150
Gottlieb	150
zerstritten	150
gladstone	150
scouts	150
mögliches	150
patientinnen	150
bezaubernden	150
römischer	150
yuko	150
beug	150
rätselhafte	150
lästigen	150
Dorothea	150
quäle	150
fensterläden	150
Checkpoint	150
Improvisation	150
Gräueltaten	150
bettzeug	150
peinlicher	150
smythe	150
lai	150
gehäutet	150
noora	150
abgesandter	150
weltlichen	150
anzulocken	150
cale	150
hirnschaden	150
geschätzter	150
schlaftablette	150
fraglichen	150
Telemach	150
gewandelt	150
sonnenstrahl	150
rausholt	150
Jod	150
tatiana	150
britt	150
Blauer	149
Rasiert	149
Steigst	149
Beziehen	149
Schaufel	149
Braunen	149
Bestechen	149
Verärgern	149
Management	149
Schiffen	149
Passte	149
späher	149
taucher	149
entwürfe	149
Quadrat	149
Gebühr	149
spezial	149
profite	149
schmerzes	149
teer	149
schlüsseln	149
ausrotten	149
nachforschen	149
möbeln	149
ausrufen	149
Fiedler	149
umsichtig	149
momentanen	149
Udssr	149
Warzen	149
Berühmtheiten	149
erkältest	149
aufständischen	149
Matthäus	149
kongressabgeordneten	149
lyndon	149
beschwerte	149
kackt	149
aufnahmeprüfung	149
Winzling	149
Frakturen	149
aki	149
Handelten	149
chronische	149
reece	149
valide	149
familienunternehmen	149
rosig	149
riskier	149
übertreibung	149
glaubtest	149
benachrichtige	149
teo	149
einzugestehen	149
cheech	149
betreuerin	149
knights	149
mitbringst	149
wirtschaftskrise	149
tankstellen	149
sichtbaren	149
waffenschein	149
kunstgeschichte	149
Schwachpunkt	149
fabelhaften	149
jie	149
heiklen	149
rikers	149
laufpass	149
versteigerung	149
abkriegen	149
entwickle	149
Auskünfte	149
grendel	149
hühnersuppe	149
Bibliothekar	149
Blackbox	149
gastfreundlich	149
sonntagabend	149
shalom	149
bevorzugst	149
Physiotherapie	149
imaginäre	149
besorgten	149
sprecherin	149
myrna	149
dodger	149
shots	149
Kennedys	149
packungen	149
zeichnest	149
auszutricksen	149
abholung	149
wisteria	149
chestnut	149
quest	149
kathi	149
Fittiche	149
tigh	149
benjy	149
zulässig	149
liefe	149
many	149
tracker	149
jämmerliche	149
irgendeines	149
schutzraum	149
zerrt	149
formulierung	149
geass	149
ausgecheckt	149
Kalkutta	149
fassungslos	149
extrapunkte	149
plätschert	149
mitbrachte	149
höhnisch	149
erfülltes	149
effie	149
wunderhübsch	149
racine	149
hergerissen	149
skies	149
Vittorio	149
gänseblümchen	149
maskenball	149
mordet	149
Algorithmen	149
rockwell	149
ausgehändigt	149
familienleben	149
aufenthaltsraum	149
gottseidank	149
Faulheit	149
durchführung	149
beibringt	149
übersicht	149
independence	149
vibrieren	149
heat	149
durchlöchert	149
verbeugt	149
Stoppschild	149
Urgroßmutter	149
blasse	149
übergriff	149
bettdecke	149
Mali	149
Chefs	148
Physik	148
Dosen	148
Porno	148
Absoluter	148
Stadion	148
Streben	148
Durchstehen	148
Tipps	148
Hinsehen	148
Starte	148
Liefere	148
Gutmachen	148
krähe	148
knüppel	148
arterie	148
Reim	148
Stachel	148
Brut	148
Abenteurer	148
bleiche	148
abenden	148
ganges	148
gerätst	148
rennens	148
trockenes	148
überbieten	148
goldes	148
bettes	148
impfen	148
leerem	148
sozialer	148
vermählen	148
deckst	148
wascht	148
wickel	148
biere	148
beaufsichtigen	148
weihen	148
austeilen	148
standards	148
wickelt	148
andres	148
beabsichtigen	148
löschte	148
Jessicas	148
bespreche	148
voraussehen	148
blutkreislauf	148
tack	148
dede	148
raffinierte	148
delilah	148
flotter	148
zutreffend	148
sprechenden	148
inhuman	148
Harpune	148
übersprungen	148
Aphrodite	148
benötigst	148
siu	148
olli	148
triumphale	148
strahlenden	148
blutgerinnsel	148
Gully	148
geeigneter	148
Renate	148
steuergelder	148
Dominik	148
impfung	148
seinesgleichen	148
Nostradamus	148
blunt	148
Zitate	148
heuchlerin	148
Heidenangst	148
banana	148
gefaltet	148
verankert	148
Vitrine	148
Ikone	148
geheimgang	148
intelligence	148
gefährdung	148
dougal	148
Pflock	148
neely	148
menschenblut	148
rahl	148
wiederzukommen	148
Vollstrecker	148
xindi	148
sutherland	148
Homos	148
mado	148
Softball	148
verreise	148
sets	148
kriegsbeil	148
schallplatten	148
med	148
boxkampf	148
cocoa	148
lebenswichtig	148
bandenkrieg	148
trafst	148
Flausen	148
mylords	148
Fühler	148
muttermilch	148
beliebigen	148
bohrinsel	148
fielding	148
Striptease	148
hayward	148
Bosnien	148
Pompeji	148
kampflaute	148
arschtritt	148
Reinkarnation	148
holman	148
mammi	148
pheebs	148
bestätigten	148
Sedan	148
luftballons	148
hieltest	148
Jahrtausend	148
gayle	148
befrage	148
Barrikaden	148
gaeta	148
glückszahl	148
chez	148
aufgekauft	148
identische	148
Luchs	148
hodor	148
haien	148
friedliches	148
Turners	148
Ewald	148
fahrschein	148
müllabfuhr	148
würze	148
ersatzschlüssel	148
Hummel	148
einbricht	148
fernsehsendung	148
sentimentalen	148
Tumore	148
Adele	147
Lehrte	147
Seide	147
Leichten	147
Pistolen	147
Klatschen	147
Städten	147
Feinen	147
Gönnen	147
zement	147
nachwuchs	147
Patent	147
Zusage	147
interessenten	147
kot	147
hüllen	147
entern	147
übern	147
formt	147
laternen	147
erntet	147
überbrücken	147
anleihen	147
soren	147
bemalt	147
verfüttert	147
befehlskette	147
anstiftung	147
schnauft	147
rohan	147
altersunterschied	147
oli	147
Integration	147
talkshow	147
jos	147
broyles	147
dunlop	147
Dezernat	147
vollgepumpt	147
Rivale	147
Juno	147
Indonesien	147
brathähnchen	147
zwitschert	147
bettruhe	147
figaro	147
mags	147
santana	147
intensiven	147
gleichungen	147
spaulding	147
gelinde	147
kimber	147
Atheist	147
schnellstraße	147
Spionen	147
augenlider	147
dienstzeit	147
Endeten	147
geschahen	147
Kotflügel	147
ehepartner	147
zugenäht	147
anlegst	147
erschufen	147
chirurgischen	147
beachtliche	147
fühltest	147
erregte	147
kommodore	147
rausfliegen	147
moralischer	147
Patronenhülsen	147
angesprungen	147
Soldier	147
absehen	147
Cassius	147
Ernstfall	147
handfläche	147
hochgezogen	147
unsichtbarer	147
bügeleisen	147
capitano	147
hervorgebracht	147
versetze	147
chaney	147
einzusammeln	147
zusammenpacken	147
Wangenknochen	147
erscheinungen	147
verwahrung	147
norwegischen	147
befindest	147
tagein	147
rt	147
dupont	147
sitzend	147
clear	147
flussaufwärts	147
konservativen	147
rettungsmission	147
beobachteten	147
tatorten	147
soundso	147
übelsten	147
loyale	147
unfällen	147
diablo	147
Vagabund	147
eiszeit	147
housewives	147
Giovanna	147
staune	147
verteidigungslinie	147
Filialen	147
bundesgefängnis	147
verdirb	147
ergreifung	147
erfüllst	147
makeup	147
hurtig	147
hauptrollen	147
traveler	147
zerhackt	147
cottage	147
initiiere	147
Gehörten	146
Ausflippen	146
Kehrte	146
Sonntags	146
Schluchzen	146
Bezeugen	146
Meldete	146
Ecken	146
Bedrohen	146
Tabak	146
tourist	146
titan	146
offensive	146
bewerber	146
bohrer	146
Gewerbe	146
sperrte	146
ergänzen	146
niederen	146
entreißen	146
konfiszieren	146
hypotheken	146
ausschlagen	146
erklimmen	146
verstauen	146
managen	146
drosseln	146
wehre	146
massagen	146
nichten	146
besuchern	146
zonen	146
dämmert	146
aufdrehen	146
gewogen	146
cuthbert	146
organischen	146
andrehen	146
Trampolin	146
jacksonville	146
frumfondel	146
schnittwunden	146
verkäufe	146
alarmsystem	146
anbehalten	146
gewohnten	146
fremont	146
krankengeschichte	146
akademischen	146
corn	146
monatsende	146
furchteinflößend	146
shooting	146
Benefizveranstaltung	146
ausbreitung	146
Installation	146
arrivederci	146
bluthund	146
ricks	146
Feinheiten	146
redlich	146
zudecken	146
bears	146
Jahrtausenden	146
Toskana	146
beweglich	146
zuvorkommend	146
grundausbildung	146
ramse	146
Mechanik	146
begab	146
ungläubige	146
zulasse	146
Umkreist	146
Texaner	146
hinknien	146
bayou	146
Anprobe	146
vieleicht	146
halluziniert	146
Fasan	146
Zitadelle	146
dazwischengekommen	146
soames	146
überkam	146
offenkundig	146
brimmer	146
allergische	146
autokino	146
kohlenhydrate	146
Bambus	146
aufgeregte	146
rina	146
verkürzt	146
fernandez	146
carries	146
Vereinte	146
fuzzy	146
tagaus	146
Dalai	146
holzbein	146
rogue	146
Eskimo	146
Mt	146
Komponente	146
Mandela	146
erfrischungen	146
einkaufsliste	146
Anwar	146
verpfuscht	146
leitartikel	146
goldlöckchen	146
Bretagne	146
aufmischen	146
verfrachtet	146
trügt	146
roslin	146
mahone	146
abzusehen	146
flussabwärts	146
busy	146
entlässt	146
sicherungskasten	146
zögerlich	146
halstuch	146
kleinkram	146
germaine	146
beschwörung	146
einfälle	146
abrams	146
brianna	146
wegstecken	146
ultimate	146
gleichstand	146
Bulgarien	146
wütet	146
percival	146
allmächtig	146
stinky	146
Libyen	146
gase	146
beep	146
bryson	146
dicky	146
kwai	146
Skalp	146
geatmet	146
erhaltung	146
fließendes	146
zusammengeführt	146
Südkorea	146
keinster	146
farik	146
elternabend	146
sissy	146
jahrhundertelang	146
dawes	146
widerwillig	146
Fahrlässigkeit	146
einzigste	146
Albino	146
störrisch	146
mitgeben	146
Geistern	145
Schonen	145
Verantworten	145
Zurückbekommen	145
Anrufst	145
Inseln	145
Trennt	145
insekt	145
parasit	145
loge	145
Strolch	145
anzweifeln	145
vorab	145
getränkt	145
polier	145
wiederholst	145
heuschrecken	145
orientieren	145
suspendieren	145
ulkig	145
reinzuwaschen	145
hinwegzukommen	145
versagerin	145
spaßbremse	145
glich	145
Komplikation	145
Spaten	145
kredithai	145
entfernter	145
verweigere	145
hofes	145
einschüchterung	145
kriegspfad	145
dichtgemacht	145
ungeborenen	145
wackelig	145
chapo	145
vorschlaghammer	145
Peinlichkeit	145
sachlich	145
bekanntmachung	145
zerbrochenen	145
auweia	145
feindlicher	145
Vietnamesen	145
iceman	145
ordentlicher	145
unsrer	145
arbeitslager	145
heath	145
Gulasch	145
frauenzimmer	145
arnaud	145
rumänisch	145
eleganter	145
berauschend	145
murat	145
eingraviert	145
werkzeugkasten	145
vorbestimmt	145
sit	145
nim	145
erfindest	145
ogami	145
haynes	145
gungellan	145
stromnetz	145
hartman	145
trainerin	145
funktionierende	145
unverbesserlich	145
schneiderin	145
Serbien	145
krasser	145
Gynäkologe	145
experimentelle	145
grinch	145
feuerleiter	145
visuellen	145
kobe	145
überfuhr	145
Krauts	145
supernatural	145
kontostand	145
axe	145
beharrlich	145
spirit	145
bemüh	145
überlastung	145
Barrel	145
vorzulesen	145
zurückzurufen	145
norrell	145
queenie	145
maximus	145
Lear	145
Ikarus	145
Turban	145
calhoun	145
drogenproblem	145
Bäuche	145
mehrerer	145
gekühlt	145
türklingeln	145
reinkommst	145
lösten	145
abgesprungen	145
Weiblichkeit	145
sonderbare	145
holbrook	145
Umschweife	145
defense	145
kühlhaus	145
Callgirl	145
heibt	145
roan	145
schlechtere	145
autowerkstatt	145
bestattung	145
murphys	145
schwangerschaftstest	145
nighthorse	145
Transplantat	145
commandant	145
gesandte	145
graut	145
erfanden	145
gezaubert	145
lomax	145
reade	145
drehort	145
luz	145
ew	145
strafrechtlich	145
wirtschaftlichen	145
zweitbeste	145
höfliche	145
Gebildet	144
Rast	144
Ausweise	144
Lenkt	144
Durchdrehen	144
Verständigen	144
tomate	144
Füller	144
Pinkel	144
Gemach	144
Rasierer	144
klubs	144
scheuen	144
atome	144
einschränken	144
algen	144
hinschauen	144
zerschmettern	144
extremer	144
spürten	144
achtern	144
auslegen	144
schmalen	144
haften	144
hindeuten	144
durchschlagen	144
blum	144
gesprächs	144
schluckte	144
schnauben	144
abfallen	144
andersen	144
bungalow	144
schotte	144
schwerem	144
streikt	144
besuchs	144
chat	144
trauernden	144
schürzenjäger	144
eisig	144
berät	144
friedensrichter	144
Rekonstruktion	144
gluck	144
Pfannen	144
rojas	144
yael	144
rhetorische	144
vorhandenen	144
weltherrschaft	144
hundehütte	144
denton	144
beklagte	144
dany	144
Quickie	144
ga	144
qin	144
fallschirme	144
Krücke	144
Haschisch	144
abriegelung	144
Chopper	144
Schmorbraten	144
Fatima	144
verschwendete	144
masterson	144
wasserloch	144
nomad	144
hieraus	144
knightley	144
laverne	144
ewings	144
gillis	144
preisverleihung	144
peanutbutter	144
told	144
Waggons	144
unzulässig	144
mitreißen	144
Grafschaft	144
erkundige	144
mörderische	144
zwanghaft	144
hagrid	144
schniedel	144
bestmögliche	144
gebremst	144
rumpel	144
muad	144
sen	144
auszufüllen	144
eggs	144
Abstrich	144
runterbringen	144
suu	144
gedealt	144
weitesten	144
fabelhafter	144
vorzeitige	144
gebührend	144
Pünktchen	144
forderten	144
überschwemmung	144
erfundene	144
hingegeben	144
Kotzbrocken	144
Rosamund	144
Salzburg	144
brennendes	144
gürtellinie	144
bagwell	144
gcpd	144
gesegneten	144
maskiert	144
vorzuschlagen	144
onn	144
Supernova	144
subraum	144
pulaski	144
alton	144
partridge	144
anzugträger	144
gypsy	144
Munsters	144
Wissenschaften	144
kolleginnen	144
mitschuldig	144
ungenau	144
entfesselt	144
baseballspieler	144
Stethoskop	144
karina	144
mechanischen	144
Lepra	144
glasklar	144
vermassel	144
magengeschwür	144
Prohibition	144
verbleibenden	144
Peaks	144
abreist	144
Charisma	144
Taifun	144
cubs	144
geigenmusik	144
geschmückt	144
schrecklichste	144
Germanen	144
Zynismus	144
tricia	144
minos	144
gringos	144
Nairobi	144
massenmord	144
übte	144
zoidberg	144
behaupteten	144
Schleppen	143
Erfassen	143
Warteten	143
Verbrechens	143
Elender	143
Sound	143
Begleichen	143
Benachrichtigen	143
Automatik	143
Flegel	143
Schornstein	143
Inventur	143
Reflex	143
schräger	143
platzte	143
pilzen	143
flirte	143
klebte	143
nutz	143
stolzes	143
allgemeines	143
nährt	143
ausspannen	143
range	143
pieps	143
besiegeln	143
raumes	143
gläsern	143
felle	143
seriöse	143
mutmaßlichen	143
deluxe	143
wagenheber	143
Nichtstun	143
rafa	143
fagin	143
zuckerguss	143
führungskräfte	143
angespült	143
Drücker	143
Chamäleon	143
thawne	143
atomkrieg	143
Ems	143
Lasso	143
sicherheitskräfte	143
klitzekleines	143
Islands	143
angelaufen	143
Kondition	143
litten	143
carlitos	143
photonentorpedos	143
beschaffe	143
ermutige	143
schlüsselloch	143
flanders	143
Mischling	143
Filet	143
Beweggründe	143
Sameer	143
anthrax	143
Dramen	143
fähige	143
kroll	143
geständnisse	143
Kaffe	143
polk	143
versiehst	143
Hommage	143
diebesgut	143
mordverdacht	143
warwick	143
israelischen	143
markie	143
tschitti	143
rechtschreibung	143
Fraktion	143
ke	143
brandzeichen	143
perrin	143
cetera	143
logischen	143
einfältig	143
rückreise	143
prächtiger	143
besprechungen	143
anstrengende	143
conroy	143
aguilar	143
Lagune	143
colors	143
governor	143
blackstone	143
Petroleum	143
basierte	143
vorweisen	143
Ilse	143
zeitdruck	143
donnerstagabend	143
runtergeht	143
pressesprecher	143
Schamhaare	143
unüblich	143
unwiderruflich	143
klarkommt	143
versteinert	143
gewalteinwirkung	143
durchgeknallten	143
petes	143
oberkellner	143
navigieren	143
tapferes	143
kau	143
deans	143
Walross	143
beizuwohnen	143
unterarm	143
Relikt	143
sicherheitsrisiko	143
plötzlicher	143
Weigern	142
Angehörigen	142
Global	142
Warmen	142
Wahlen	142
Aufziehen	142
Bananen	142
Hüften	142
Aufwachsen	142
Ermöglichen	142
Karton	142
abteil	142
zirkel	142
Radikal	142
Fleischer	142
Zustände	142
Spritzer	142
Heiler	142
peitschen	142
vordringen	142
ausarbeiten	142
stampfen	142
bekehren	142
austreiben	142
ärgerst	142
zurückspulen	142
garantien	142
schwimmst	142
monitore	142
regenten	142
unterbrechungen	142
schussweite	142
Schlauberger	142
radfahren	142
ucla	142
backpage	142
airwolf	142
borgias	142
gettysburg	142
behind	142
Meerschweinchen	142
feindlich	142
schändlich	142
fillory	142
mumble	142
robbi	142
savoy	142
basislager	142
ihrs	142
fünfjährigen	142
Statisten	142
lakers	142
tablet	142
Transformation	142
donnell	142
euretwegen	142
Fata	142
ställen	142
tierischen	142
jiro	142
kinderstimmen	142
sharif	142
fallschirmspringer	142
energiefeld	142
dienstagabend	142
strategischen	142
cy	142
Napalm	142
csi	142
Aftershave	142
vorbeigebracht	142
Brahms	142
bildmaterial	142
externe	142
vortritt	142
kuß	142
muppets	142
Slums	142
maury	142
wegbeschreibung	142
reingeht	142
wiegst	142
caddy	142
unerfreulich	142
ingram	142
Maren	142
Dussel	142
auslöste	142
genauestens	142
Attentate	142
regulären	142
atemwege	142
hammelburg	142
kostspielig	142
pilgrim	142
bratva	142
joana	142
herkriegen	142
heruntergeladen	142
planmäßig	142
Ohrläppchen	142
winthrop	142
unbeaufsichtigt	142
gestiftet	142
Misere	142
anfasse	142
erdnuss	142
heulend	142
fußabdruck	142
bestrafst	142
Rute	142
voreilige	142
aufgeblasener	142
mas	142
zerdrückt	142
beer	142
hungriger	142
früheres	142
abzubauen	142
verschissene	142
akademische	142
davonzulaufen	142
fife	142
tetsuo	142
neugeborene	142
Minze	142
herauskam	142
luthors	142
Lyrik	142
spiegeleier	142
sexistisch	142
gerissene	142
Vietcong	142
gezuckt	142
kriegsgefangene	142
Schumann	142
Cookies	142
Raffinerie	142
testperson	142
unüberlegtes	142
festzulegen	142
angeschissen	142
auszustellen	142
quagmire	142
Skelette	142
wacker	142
Fußballer	142
Errichten	141
Stapel	141
Reste	141
Anliegen	141
Eliminieren	141
Verstärken	141
Adressen	141
Themen	141
Aufteilen	141
Hindernis	141
Solo	141
Schreck	141
Verrotten	141
Verwirren	141
rechner	141
säule	141
ertrag	141
moor	141
Regent	141
Format	141
Frust	141
Dampfer	141
Wonne	141
Modul	141
radios	141
fingers	141
gebrauchte	141
angelächelt	141
eingeloggt	141
bergmann	141
unterworfen	141
ausgemalt	141
rechtsbeistand	141
tannenbaum	141
angerannt	141
eingegriffen	141
hochrangigen	141
Silke	141
schwesternschaft	141
Krawall	141
kontrollfreak	141
Akkordeon	141
whitaker	141
beastmaster	141
riesenerfolg	141
bajoranische	141
vollkommener	141
verwechsle	141
weggeräumt	141
müllmann	141
Mäuler	141
eingangshalle	141
Lakritze	141
gegenständen	141
lupo	141
chavez	141
wertlosen	141
vogler	141
vorschlug	141
vordergrund	141
schrumpft	141
Winkler	141
synthetische	141
alvey	141
fahrwerk	141
feldman	141
schatzkarte	141
angesehene	141
gardiner	141
schaukelstuhl	141
junction	141
williamsburg	141
eiswasser	141
foot	141
Ingwer	141
großartigste	141
murdoc	141
zweitausend	141
getürmt	141
kaufleute	141
rayna	141
elya	141
einzelteile	141
ausgesaugt	141
seelische	141
Granada	141
plump	141
niedlichen	141
erschaffung	141
Spartaner	141
reagierten	141
volltanken	141
Serben	141
verwesung	141
xanax	141
liebeslied	141
bedeutendes	141
walnüsse	141
widerst	141
biggs	141
familienname	141
deko	141
Verschwörungstheorien	141
ausgefragt	141
elder	141
kobol	141
Göteborg	141
stadträtin	141
wohnhaft	141
wirkungsvoll	141
weltordnung	141
Untier	141
donahue	141
überprüften	141
schlaflied	141
reingefahren	141
Kommentator	141
gesprächspartner	141
erstklassiges	141
schramme	141
zeitungsartikel	141
empörend	141
übereifrig	141
ausgepeitscht	141
verirrte	141
sellers	141
mitbringe	141
bekloppten	141
Kreta	141
pictures	141
mitgefahren	141
egan	141
Westminster	141
antichrist	141
dragons	141
habib	141
zerriss	141
laber	141
prompt	141
hausnummer	141
frachtschiff	141
mitzuspielen	141
Bullet	141
Allgemeinen	140
Image	140
Zigarren	140
Nachgehen	140
Soziale	140
Vieler	140
Dastehen	140
Mengen	140
Silvester	140
Berufen	140
Tische	140
Wasche	140
Einhalten	140
Design	140
gurke	140
Stickstoff	140
Mathematiker	140
weichst	140
schwelgen	140
quartiere	140
stammst	140
beschießen	140
bürsten	140
patrouillieren	140
begrenzen	140
missfallen	140
geheißen	140
vize	140
johlen	140
afrikas	140
lieblings	140
boots	140
kapern	140
abzieht	140
pumpt	140
Talon	140
mentorin	140
manipulierte	140
aldrin	140
kellnerinnen	140
anhielt	140
vorgeschrieben	140
Brüderlichkeit	140
work	140
sentinel	140
Tupfer	140
herzmassage	140
bellick	140
übernatürliches	140
christlich	140
verteilte	140
interessierten	140
hunk	140
Gravitation	140
anson	140
dosierung	140
zugibst	140
wichsern	140
ungehobelt	140
weggekommen	140
papperlapapp	140
horch	140
verschmolzen	140
anzurühren	140
landeerlaubnis	140
Gespann	140
zündete	140
kürzlichen	140
Beisein	140
breakfast	140
kühlbox	140
abtrünnigen	140
klinischen	140
langdon	140
geltung	140
müllwagen	140
augenarzt	140
petrelli	140
versammlungen	140
schusswaffe	140
shooter	140
eilte	140
vorzuweisen	140
Revision	140
schularbeiten	140
drogenabhängig	140
unpässlich	140
unterhielt	140
entflohenen	140
peach	140
mathematische	140
fettig	140
akkie	140
cybermen	140
Bissspuren	140
Sentimentalität	140
monkeys	140
ehrbare	140
identifizierten	140
fessle	140
gutgeht	140
kline	140
begeisterte	140
Hazienda	140
arcy	140
Samstagmorgen	140
Fänger	140
Monopoly	140
Münder	140
Rivalität	140
Algier	140
Ergebenheit	140
flüssen	140
hingesehen	140
girard	140
keenan	140
grundstein	140
schützte	140
Sohle	140
kellerman	140
legitime	140
floki	140
umbrachten	140
treibsand	140
hinterland	140
erstsemester	140
komischerweise	140
wiederbekommen	140
Trojaner	140
Gebräu	140
salinger	140
abzureißen	140
Errungenschaften	140
Schicksale	140
madre	140
farah	140
skull	140
Phosphor	140
drover	140
Tunesien	140
hoffnungsvoll	140
hocke	140
satoshi	140
rehabilitiert	140
Euphorie	140
stürmte	140
Justus	140
abgewöhnen	140
Trio	140
elfi	140
beisteuern	140
wachsenden	140
weltmeisterschaft	140
forces	140
hausverbot	140
childs	140
shaka	140
Kreation	140
riesenproblem	140
umringt	140
unterbringung	140
geflucht	140
Schmeichler	140
benötigten	140
jaha	140
geschworener	140
ausgesorgt	140
Jüngeren	139
Immobilien	139
Industries	139
Strahlen	139
Business	139
Privates	139
Streiche	139
Wänden	139
Erwecken	139
Senken	139
Gucke	139
Abreißen	139
Hartes	139
Spart	139
Fahrzeuge	139
Beleg	139
Glieder	139
Gebiss	139
kneipen	139
tret	139
sturms	139
reformen	139
lagers	139
künstlern	139
ausfragen	139
offiziers	139
Abdullah	139
mayhew	139
fortschrittlich	139
Schweinereien	139
streitest	139
Premierministers	139
samcro	139
klitzekleine	139
nevins	139
Ostens	139
höllenfeuer	139
kaltgemacht	139
geohrfeigt	139
puppenhaus	139
Brezeln	139
behielten	139
maxie	139
schlichte	139
unterschiedlicher	139
Einhörner	139
besoffener	139
diesjährige	139
zusatzartikel	139
lobo	139
rassistische	139
vicente	139
schuldgefühl	139
Astronomie	139
lucio	139
gehangen	139
intimen	139
intellektueller	139
geschlechtskrankheit	139
katzenfutter	139
aufzufallen	139
wassermann	139
Perversion	139
Patentante	139
erbeutet	139
riza	139
landschaften	139
Äpfeln	139
brüll	139
Tourismus	139
hochrangige	139
Schnösel	139
Wrestler	139
zuzuschauen	139
rauszulassen	139
spielzimmer	139
lassiter	139
spezialeffekte	139
gollum	139
Gerber	139
reingehst	139
angestoßen	139
arlette	139
alls	139
neugeboren	139
äußerster	139
bjorn	139
überreiche	139
ablehnte	139
dyad	139
cruchot	139
zuhöre	139
ehrwürdiger	139
Hauptverdächtigen	139
zurückließ	139
vollendung	139
Sümpfe	139
stimmbänder	139
rehe	139
Brasilianer	139
hochinteressant	139
Rochefort	139
schiri	139
auktionshaus	139
geldverschwendung	139
Schampus	139
mulders	139
herschicken	139
genehmigungen	139
leyla	139
Makrele	139
kriegsgefangener	139
neumann	139
berufsrisiko	139
versprachst	139
fortgeschrittenen	139
kerbe	139
Boje	139
krankenzimmer	139
maskierten	139
quälte	139
Blazer	139
zwanglos	139
rückbank	139
Suffolk	139
Radon	139
künstlicher	139
drangekriegt	139
abraten	139
schadensersatz	139
Ibiza	139
weintrauben	139
verurteilst	139
befürchtungen	139
lupus	139
dugan	139
Zuständigkeitsbereich	139
beglückt	139
tts	139
laufschritt	139
hintergründe	139
dianne	139
frommen	139
sears	139
geborener	139
blutspur	139
Zähl	138
Strecken	138
Gegeneinander	138
Ausfüllen	138
Kapital	138
Anwenden	138
Direkten	138
Extreme	138
Einzeln	138
Aufwärmen	138
Stinken	138
Freiem	138
Zustoßen	138
Zerschlagen	138
abschuss	138
umsatz	138
quote	138
Putsch	138
geigen	138
vorbehalten	138
hirten	138
kliniken	138
absorbieren	138
rockt	138
zerschneiden	138
krabbeln	138
schmuggelt	138
mobilisieren	138
rentiere	138
vorbehalte	138
anschreiben	138
durchstellen	138
gleisen	138
nerve	138
ausladen	138
strebt	138
pelze	138
Lula	138
Timo	138
schmierigen	138
draufhast	138
wertloses	138
geschlechtskrankheiten	138
Vokabular	138
schwirrt	138
ssen	138
strategische	138
glamourös	138
Direktoren	138
public	138
Saboteur	138
buchhalterin	138
Somalia	138
Klapperschlange	138
Armageddon	138
harmonische	138
phoebes	138
bradford	138
Pep	138
Lilie	138
angedockt	138
ru	138
mtv	138
herausfanden	138
frannie	138
pidge	138
Erbse	138
verschmelzung	138
hakan	138
emmanuel	138
leuchtend	138
lis	138
republikanische	138
Slips	138
eisigen	138
materiellen	138
Belize	138
Zopf	138
Volker	138
sicherheitszone	138
erschlug	138
rancho	138
Sakrament	138
geschäftsessen	138
salud	138
teufelskreis	138
mile	138
Gazette	138
Grobian	138
liebenswerte	138
Suizid	138
fähiger	138
entmutigt	138
bücherregal	138
children	138
milk	138
Stoppuhr	138
röhrchen	138
social	138
knöpf	138
spuckst	138
langfristige	138
auswirkt	138
interessanteste	138
deena	138
unerklärliche	138
Fröhlichkeit	138
Iraner	138
rohen	138
saftigen	138
jussi	138
Däumchen	138
reservierungen	138
Wachsamkeit	138
rasierwasser	138
strahlender	138
Lindas	138
erinnerten	138
spasti	138
Kents	138
einfahren	138
goran	138
clea	138
schmerztabletten	138
verwendest	138
Teenagern	138
stryker	138
anzukommen	138
carnegie	138
schwerverbrecher	138
brennholz	138
schmuggelware	138
unhörbar	138
verwunderlich	138
gue	138
unsereins	138
geisterstadt	138
megumi	138
abgestempelt	138
eingebrannt	138
Oberstes	138
herbrachte	138
norwegische	138
übergriffe	138
Schichten	137
Kondome	137
Winde	137
Beck	137
Decker	137
Zeilen	137
Granate	137
krampf	137
verantwortliche	137
pfeilen	137
schlitze	137
ausleben	137
jaulen	137
auffangen	137
minimale	137
integrieren	137
flirt	137
verwickeln	137
fahrzeugen	137
rauen	137
rasiere	137
fahrten	137
regenerieren	137
dyke	137
Condor	137
Nuggets	137
Tilly	137
poststelle	137
nomine	137
schönheitsschlaf	137
esstisch	137
scorpius	137
Stäbe	137
einlädst	137
reiden	137
westchester	137
scheidungsanwalt	137
tierklinik	137
eingefügt	137
unattraktiv	137
Ruprecht	137
evi	137
aufführt	137
gagarin	137
gehandhabt	137
entsandt	137
konkreten	137
steuerhinterziehung	137
affenlaute	137
Quadrant	137
auseinandersetzungen	137
wilton	137
Pedal	137
rektorin	137
rausgeschickt	137
zugedeckt	137
Speere	137
rawlings	137
besonnen	137
Panthers	137
zahnärzte	137
stimmungsschwankungen	137
treuhandfonds	137
zauberkräfte	137
preisschild	137
bezauberndes	137
Hannover	137
gable	137
Cäsars	137
wegfuhr	137
grünzeug	137
Teamgeist	137
nördliche	137
schnürchen	137
franzi	137
comte	137
dowd	137
mexikanisch	137
ferngehalten	137
hochsicherheitstrakt	137
abgerechnet	137
ausgrabung	137
erblickte	137
schatzmeister	137
Befehlt	137
industriellen	137
Widersacher	137
jia	137
slick	137
zusammenzusetzen	137
wettlauf	137
hickey	137
Paragraf	137
erhellt	137
Prothese	137
tenoch	137
vollstes	137
Widder	137
Sprüchen	137
gefängnisdirektor	137
geblufft	137
baufirma	137
abgestoßen	137
Herangehensweise	137
erstickst	137
beteten	137
tahoe	137
liebesnest	137
nitro	137
leichtsinn	137
Plankton	137
sanftes	137
flüsterst	137
shui	137
alexej	137
tada	137
Jahrtausende	137
verdaut	137
Promi	137
Monas	137
Wermut	137
waschanlage	137
farnese	137
schenkten	137
egos	137
Stürmer	137
mittelgroß	137
margareta	137
gründlicher	137
Widersprüche	137
zusammenzuhalten	137
einkaufswagen	137
verkuppelt	137
bemerkenswerten	137
vollstreckt	137
galten	137
sanford	137
unterschlagung	137
Dulden	136
Anteile	136
Rauben	136
Allgemein	136
Blas	136
Inn	136
Becken	136
Jüngere	136
Sechsten	136
Reichte	136
Höhlen	136
dorn	136
nachtrag	136
göre	136
abwasch	136
taste	136
muskel	136
Linse	136
barts	136
sicherheits	136
abstoßen	136
schwinden	136
stottern	136
zurückblicken	136
meisterschaften	136
verdursten	136
golfen	136
feuerst	136
bescheren	136
ordens	136
schrägen	136
nachprüfen	136
platschen	136
beleben	136
abtauchen	136
dialoge	136
transferieren	136
koffern	136
simsen	136
reimen	136
schrill	136
radioaktiven	136
telefonrechnung	136
Victors	136
weigerung	136
prachtkerl	136
zugeschickt	136
überhitzt	136
hari	136
aufgeschoben	136
Schimpfwörter	136
kapitalverbrechen	136
hochgejagt	136
Schamane	136
bruchstücke	136
Flieder	136
inspirierte	136
entspannst	136
rammte	136
steppe	136
zumutung	136
Günter	136
Clip	136
tennisplatz	136
überkommt	136
erlaubten	136
kontrollierten	136
feindin	136
dunkelkammer	136
Anarchisten	136
jump	136
telepathische	136
intubieren	136
rüberbringen	136
Libido	136
hankmed	136
wöchentliche	136
Klauten	136
hanover	136
mikhail	136
verhaltensmuster	136
Attest	136
Batzen	136
rationale	136
potenziell	136
waffenhandel	136
croft	136
strukturelle	136
ove	136
mitreden	136
Crewmitglied	136
Königreiches	136
glühend	136
schießeisen	136
Angelas	136
wheels	136
landeanflug	136
foods	136
verstärkte	136
gütige	136
Fond	136
wentworth	136
trolljäger	136
warteraum	136
vadim	136
Schamgefühl	136
einsatzleiter	136
heimtückisch	136
runterspülen	136
Observatorium	136
verbarrikadiert	136
umwandlung	136
belastende	136
rhoades	136
cuchillo	136
flattert	136
dehnt	136
anything	136
collette	136
funny	136
toine	136
Korsika	136
befehligt	136
Mikrofone	136
überlebender	136
Schelm	136
Kundschafter	136
billardtisch	136
historisches	136
umwerfende	136
treffend	136
springbrunnen	136
Varus	136
rückzahlung	136
Schnuller	136
Simulationen	136
fischerboot	136
livingston	136
verne	136
milhouse	136
befrei	136
Pinzette	136
Bader	136
doughnuts	136
navarro	136
dena	136
Stämmen	136
bliss	136
menschenfreund	136
talking	136
süßesten	136
gewählten	136
sleep	136
Fetisch	136
grossman	136
ceren	136
Schnarchen	135
Angaben	135
Aussetzen	135
Säubern	135
Misstrauen	135
Minderheit	135
Violine	135
Schlachter	135
befürworten	135
abschaffen	135
abwimmeln	135
vorzeigen	135
kamele	135
stiere	135
stumpfen	135
komplexer	135
stumpfe	135
hackte	135
entrinnen	135
schnitzen	135
vereinfachen	135
krisen	135
frischem	135
hinauszögern	135
modifizieren	135
näherte	135
Mistelzweig	135
metaphorisch	135
grauenvolle	135
nos	135
abgekühlt	135
commissaire	135
betraut	135
versank	135
schwerwiegende	135
hauptfigur	135
konservative	135
außerirdisch	135
jud	135
bewältigt	135
morelli	135
lir	135
überführung	135
Gehilfe	135
königsfamilie	135
beehrt	135
dib	135
eisbergs	135
Feindschaft	135
rhythmisches	135
carrington	135
Harveys	135
tuco	135
Merlins	135
heutiger	135
weltkriegs	135
Krematorium	135
verhinderte	135
tam	135
greifbar	135
landleben	135
verfliegt	135
Konföderation	135
weeds	135
goldmedaille	135
Tanga	135
krankhaft	135
Demonstrationen	135
kima	135
Promenadendeck	135
bb	135
Sakko	135
Quallen	135
beschwipst	135
streichle	135
grundbesitz	135
gegönnt	135
degubrut	135
blutiges	135
sondermeldung	135
rosi	135
hotch	135
Kaiserreich	135
einfachere	135
vorrecht	135
geröstet	135
trouble	135
Schalom	135
trickster	135
Stiefsohn	135
bekir	135
angeschaltet	135
überwältigende	135
aufstehst	135
durchzuhalten	135
Pheromone	135
Grapefruit	135
tatorte	135
bewahrst	135
notfallplan	135
feminin	135
blutfluss	135
williamson	135
seelisch	135
südosten	135
spiritueller	135
verbleibende	135
tillman	135
pickles	135
Handicap	135
überraschenderweise	135
repräsentiere	135
enormer	135
Cato	135
jordy	135
mobilisiert	135
schwächsten	135
albin	135
Melancholie	135
grissom	135
snowden	135
tickende	135
abgefahrene	135
thornhill	135
einschlafe	135
bubbles	135
fiele	135
Untat	135
ausgezeichnetes	135
gerieben	135
reinzuziehen	135
Spezialitäten	135
nachtklub	135
fromme	135
meeresboden	135
oberstufe	135
geheuer	135
burgess	135
eispickel	135
singend	135
holzweg	135
abgemeldet	135
schwächste	135
Anhöhe	135
vergänglich	135
moni	135
übergebt	135
desertiert	135
holosuite	135
untersuchungsrichter	135
Federico	135
abhaben	135
takeda	135
jolene	135
krystal	135
Konkurrent	135
kundgebung	135
Unzufriedenheit	135
übernachtung	135
Hungern	134
Terror	134
Beugen	134
Falten	134
Saugen	134
Walden	134
Bohren	134
Versteckten	134
Gebäudes	134
Kippen	134
Gleicht	134
weber	134
gänse	134
funke	134
porzellan	134
abgeordnete	134
kante	134
Anstoß	134
Verstärker	134
capri	134
kastrieren	134
fünft	134
hinzuziehen	134
initiieren	134
feilschen	134
keime	134
tauch	134
umkreisen	134
konsultieren	134
hafer	134
kehlen	134
fernbleiben	134
überfalls	134
anzetteln	134
stoppe	134
opern	134
zier	134
Matisse	134
Alina	134
downing	134
rudd	134
einräumen	134
weiterentwickeln	134
Button	134
allseits	134
jarle	134
neuralen	134
lino	134
gennaro	134
untergeschoben	134
hinwollen	134
blow	134
halbnackt	134
mojo	134
enough	134
fandst	134
heldentat	134
fm	134
niederträchtig	134
yong	134
tatsächlichen	134
Hildegard	134
angehöriger	134
wiedereintritt	134
trisha	134
jase	134
umfangreiche	134
middleton	134
brieftaschen	134
Planke	134
Verfasser	134
abgesandten	134
staatlich	134
knopfdruck	134
gegrüßet	134
erfolgreiches	134
rana	134
Hämorrhoiden	134
pocht	134
Nepal	134
Tröpfchen	134
immerdar	134
zusammengetan	134
angebaut	134
zitternd	134
foggy	134
Nemesis	134
Vernissage	134
achtzig	134
spezifisch	134
larrys	134
frey	134
schwermütige	134
leda	134
Beißer	134
strafverteidiger	134
verdorbene	134
Asta	134
heimfahrt	134
alley	134
computerstimme	134
berührten	134
latif	134
Fragment	134
rumzusitzen	134
überlebenschance	134
raffinierter	134
bois	134
besprüht	134
hirntumor	134
fame	134
Elke	134
Nike	134
buona	134
Radieschen	134
umarmte	134
queue	134
auftischen	134
stadtverwaltung	134
scar	134
Schlummert	134
Gör	134
elis	134
hochzeitstorte	134
beknackt	134
gekochte	134
Genre	134
jessup	134
bisweilen	134
paranoide	134
erbte	134
handfeste	134
verdreifacht	134
scheußlichen	134
Frankensteins	134
netzwerke	134
Leone	134
vorurteil	134
Entzugsklinik	134
aufrichtiger	134
hitzewelle	134
leichtgläubig	134
judys	134
painted	134
Augusta	134
Scherereien	134
speist	134
weihnachtstag	134
belehrt	134
gluckst	134
undankbares	134
marchand	134
Konfuzius	134
Füllt	133
Zuschauen	133
Abstimmen	133
Deaktivieren	133
Rück	133
Begehrt	133
Gange	133
Bull	133
Jubelt	133
Beunruhigen	133
Scheren	133
Vollem	133
Blinder	133
Einsturz	133
Eidechse	133
Feger	133
verdien	133
salutieren	133
zuvorkommen	133
poppen	133
Theseus	133
Enrico	133
monatliche	133
Demetrius	133
Kollaps	133
Mango	133
assimiliert	133
sichtbare	133
rattenloch	133
Heroes	133
Earle	133
schriftlichen	133
zukünftiges	133
ese	133
nikolaj	133
Exkursion	133
telefongespräch	133
Praktiken	133
verdorbenen	133
Saxophon	133
Kieker	133
gestörten	133
gepennt	133
Klette	133
Niedergang	133
nervigen	133
xbox	133
yun	133
augenfarbe	133
Hieroglyphen	133
howards	133
todeszelle	133
anhänglich	133
anstreben	133
dito	133
wusst	133
verschifft	133
flugzeugträger	133
Kutte	133
albträumen	133
inger	133
sum	133
Helge	133
djinn	133
vergleichbares	133
elly	133
tagtäglich	133
hinging	133
adrianna	133
dienstnummer	133
cooke	133
Adelheid	133
Doku	133
Lotion	133
ausführt	133
durchgelesen	133
hiernach	133
hinterfragt	133
erwirkt	133
tanzenden	133
geglückt	133
panikattacken	133
atkins	133
eisschrank	133
Nelsons	133
kenichi	133
geflossen	133
hochwertige	133
bereist	133
wunschdenken	133
dukes	133
hysterische	133
zurücklässt	133
verstreichen	133
bundesgericht	133
winifred	133
thx	133
entlassungen	133
Genetik	133
bequemen	133
undeutliche	133
br	133
mcclane	133
vorstandssitzung	133
beam	133
ihretwillen	133
Frisuren	133
atomare	133
geerntet	133
hubots	133
regisseurin	133
zurückgehe	133
abgewehrt	133
Dressing	133
brook	133
einlud	133
verrücktesten	133
rosenkohl	133
tatsuya	133
niedliches	133
schachspiel	133
deportiert	133
moiiari	133
jämmerlicher	133
playstation	133
conte	133
blabla	133
Koordination	133
anbrüllen	133
Bärte	133
thackery	133
unvoreingenommen	133
masturbiert	133
karim	133
bruchlandung	133
Gockel	133
zusagt	133
Unmensch	133
nachrichtensprecher	133
Hage	133
bewerbe	133
Pathologe	133
Risotto	133
giulio	133
Abscheulichkeit	133
gewürdigt	133
bundys	133
blutspritzer	133
unbeholfen	133
annulliert	133
verkohlt	133
bußgeld	133
sichtung	133
goro	133
Orkan	133
freigenommen	133
blackie	133
Minna	133
luciano	133
Direkte	132
Auffliegen	132
Vormachen	132
Lehrt	132
Effektiv	132
Nord	132
Auskommen	132
Steinen	132
Andeuten	132
Anschein	132
Aufsteigen	132
Parks	132
Anstrengen	132
nachlass	132
dolmetscher	132
güter	132
gläubiger	132
mücke	132
Chemikalie	132
Schleimer	132
Schleuse	132
Übrige	132
Blinker	132
Schiene	132
Balg	132
elementen	132
buchte	132
ministers	132
wische	132
revolutionären	132
gesuchten	132
schärfe	132
stacheln	132
stilles	132
ausrücken	132
rülpsen	132
losschicken	132
lagert	132
tulpen	132
gedenkt	132
entmutigen	132
kommandieren	132
schmiert	132
erblicken	132
galopp	132
verleiten	132
skandale	132
sterns	132
ablenkt	132
ultra	132
begehst	132
abfährt	132
dagorcai	132
Kühnheit	132
Enzyklopädie	132
anfängerin	132
achtest	132
spielautomaten	132
elementary	132
Bulls	132
sheba	132
klargekommen	132
jackentasche	132
rumzulaufen	132
massiere	132
schiefe	132
gewalttätiger	132
gellar	132
Autismus	132
fahrgast	132
wegblasen	132
wohlhabenden	132
sozialdienst	132
leitungswasser	132
ackerman	132
krieche	132
Musicals	132
videoüberwachung	132
Gallonen	132
scheut	132
cinco	132
angereist	132
runtergegangen	132
mexikanischer	132
angekrochen	132
punch	132
rennie	132
Angelique	132
niles	132
renfield	132
enormes	132
angebetet	132
telefonleitung	132
dreibeiner	132
wehtust	132
übergibst	132
Stöcken	132
mutes	132
entschließt	132
fulcrum	132
viertelmillion	132
kräutertee	132
Elan	132
trugst	132
heda	132
müder	132
Sonden	132
vorzugeben	132
seitenstraße	132
Marino	132
Glasur	132
cabot	132
gesellschaftlich	132
ausgebeutet	132
verdeckter	132
Knöcheln	132
cleveres	132
essbar	132
warnschuss	132
leena	132
einflussreich	132
mitkriegt	132
soetwas	132
discovery	132
Drillinge	132
hierhergebracht	132
Zucchini	132
unterwürfig	132
goldmünzen	132
doing	132
bombardierung	132
beachtlich	132
scheinheilig	132
Täler	132
Pedale	132
ausgeflogen	132
huckepack	132
ausländischer	132
dm	132
saki	132
bisexuell	132
ohrstöpsel	132
nevers	132
beschädigten	132
aushalte	132
zerreiße	132
faruk	132
ungeklärt	132
verwirrten	132
lobe	132
gestreut	132
lich	132
domine	132
umkam	132
zufälligen	132
frederik	132
fortzufahren	132
stretch	132
Personalien	132
Unze	132
hochbringen	132
angeboren	132
eierstöcke	132
fleischwunde	132
sami	132
tanners	132
unersetzlich	132
stratton	132
Mönchen	132
anvisiert	132
verdroschen	132
lobt	132
jar	132
islamischen	132
senorita	132
zafer	132
seltsamste	132
genii	132
übertrug	132
Bindet	131
Alternativen	131
Schweben	131
Staunen	131
Lagern	131
Sinnen	131
Bremse	131
Mail	131
Bestell	131
Rande	131
Borgen	131
insider	131
buckel	131
Sippe	131
verfüttern	131
einfügen	131
gymnastik	131
serien	131
drohe	131
vertiefen	131
rekorde	131
provinzen	131
texten	131
galant	131
ammoniak	131
aufleben	131
wolsey	131
Blödmänner	131
Unterkünfte	131
tomatensaft	131
einerlei	131
verängstigte	131
verletzter	131
fettwanst	131
isn	131
ostfront	131
Parkinson	131
birds	131
familiengeschäft	131
elmo	131
orville	131
Amin	131
äußerte	131
quirke	131
unbedeutenden	131
hancock	131
bemitleide	131
verdankst	131
Tenor	131
eroberte	131
sibley	131
losgezogen	131
vorbeigeht	131
dünkt	131
Bowle	131
feiges	131
schadenersatz	131
richteten	131
Catherines	131
Gebrüder	131
kaji	131
nachzugeben	131
harlow	131
Geweih	131
monseigneur	131
amputiert	131
bingley	131
pennt	131
verursachten	131
simpler	131
soon	131
bedrohten	131
autobombe	131
recherchiere	131
Absätzen	131
outen	131
veruntreuung	131
fingernagel	131
nettesten	131
Transvestit	131
schüttelte	131
übertönt	131
Psychoanalyse	131
nebenjob	131
gegenwärtige	131
fernsehshow	131
Desdemona	131
sympathischer	131
lös	131
Runen	131
Beharrlichkeit	131
gepumpt	131
wakefield	131
schlampige	131
reparierte	131
betrittst	131
entsetzlichen	131
afrikanischer	131
umdrehe	131
zauberschule	131
Getöse	131
speiseröhre	131
hausaufgabe	131
geschäftsleitung	131
umgekehrte	131
vorsätzlichen	131
rothäute	131
einzureichen	131
übergegangen	131
ansprechbar	131
studierten	131
whittaker	131
Schwächlinge	131
ausgibst	131
Rittmeister	131
unerträgliche	131
erntedankfest	131
Maskerade	131
arbeitenden	131
erfreuliche	131
Yasmin	131
banknoten	131
naive	131
frittiert	131
anzukündigen	131
verdunkelt	131
gegensätze	131
Umwege	131
gäben	131
unsympathisch	131
Wollust	131
hellste	131
hinkriegst	131
hauptdarstellerin	131
Punks	131
hausbesitzer	131
Mangos	131
baldwins	131
baht	131
tussen	131
ausrottung	131
Koalition	131
vorteilhaft	131
auszubilden	131
verabrede	131
gefriertruhe	131
reibe	131
Buddhas	131
zaubertricks	131
ludovic	131
leihmutter	131
games	131
lehrerzimmer	131
cannon	131
fahrstühle	131
bekämpften	131
Zerreißen	130
Zeugnis	130
Produkte	130
Misch	130
Verdoppeln	130
Gewirkt	130
Reiben	130
Erziehen	130
Streife	130
Volles	130
designer	130
physiker	130
Laub	130
glätten	130
extras	130
röhren	130
feierte	130
lichten	130
scharen	130
hinhauen	130
robben	130
völkern	130
seitens	130
festmachen	130
blaubeeren	130
genji	130
betrachtung	130
riva	130
mittelalterliche	130
grell	130
herzleiden	130
sehnst	130
straßenlärm	130
krueger	130
hineingeraten	130
Phrasen	130
mahal	130
strigoi	130
egg	130
smoke	130
indra	130
umeinander	130
hochsicherheitsgefängnis	130
Pergament	130
traumwelt	130
darrell	130
erschaffe	130
Faible	130
siegerin	130
Scheideweg	130
vorfreude	130
luger	130
Heiligenschein	130
Tschechoslowakei	130
mitzureden	130
gleichschritt	130
großtante	130
sensiblen	130
horizon	130
tugendhaft	130
vorbilder	130
Sehnsüchte	130
brace	130
abtrünnige	130
Aufrührer	130
Bizeps	130
baines	130
steigerung	130
Crusoe	130
grundlegend	130
beeindruckendes	130
auszuhandeln	130
Events	130
manuelo	130
Rindvieh	130
familiennamen	130
carlin	130
Erdling	130
Dill	130
dänisch	130
versieht	130
Fruchtbarkeit	130
insassinnen	130
entscheidender	130
üppig	130
zusehe	130
ahornsirup	130
Zwietracht	130
Nationalität	130
etabliert	130
beseitige	130
zimmerman	130
eds	130
völligen	130
Bologna	130
schultzie	130
stinkig	130
seifenoper	130
plains	130
durchzudrehen	130
geheimagenten	130
geisteskranke	130
waynes	130
josey	130
paro	130
Paarung	130
einweihung	130
supermodel	130
ftl	130
edouard	130
benoit	130
Gemächern	130
Adria	130
mollys	130
ekliges	130
hoffnungslose	130
vitalwerte	130
alisons	130
gesandter	130
Enzym	130
Fesselte	130
sprungbrett	130
geburtsrecht	130
indischer	130
heimatplaneten	130
grischa	130
Stuck	130
sprengladungen	130
Majors	130
hud	130
mcneil	130
Pampa	130
Brüller	130
rebel	130
fortzuführen	130
engstirnig	130
berührungen	130
vergünstigungen	130
Peseten	130
entzückendes	130
hackett	130
zeitalters	130
ausübt	130
royale	130
michi	130
traumhaus	130
jähzornig	130
Vaterunser	130
betrauern	130
schh	130
maserati	130
dazustehen	130
gee	130
liddy	130
dienstgrad	130
assistant	130
berechtigung	130
lichtschwert	130
traumjob	130
prinzipiell	130
change	130
interessenkonflikt	130
Polanski	130
taugst	130
heruntergekommen	130
Räumlichkeiten	130
grauenhafte	130
Alans	130
solveig	130
neurale	130
Tabu	129
Erweitern	129
Banks	129
Astronauten	129
Ziegen	129
Autoren	129
vertrieb	129
schräge	129
besteck	129
abbild	129
maniküre	129
weihnacht	129
abbruch	129
zertreten	129
stillschweigen	129
frisieren	129
trainings	129
sparst	129
erliegen	129
rapide	129
komplexen	129
herausgeben	129
blinkt	129
positiver	129
nachschlag	129
kühles	129
Halbfinale	129
hops	129
teelöffel	129
Nabel	129
dreiviertel	129
verdreckt	129
wildesten	129
plädiert	129
rundum	129
malachi	129
hors	129
gesprächsthema	129
marigold	129
übelste	129
grundlegenden	129
Argus	129
chao	129
kovacs	129
coopers	129
Methan	129
körperkontakt	129
ausnahmezustand	129
relaxen	129
bri	129
ny	129
Androide	129
Jehovas	129
marlow	129
knows	129
schottische	129
umleitung	129
felsbrocken	129
mighty	129
Biographie	129
anzutreffen	129
Mokka	129
rückschläge	129
Auster	129
momentchen	129
naina	129
zersplittert	129
uptown	129
hurt	129
gestrige	129
Laien	129
wg	129
verbring	129
nanni	129
rave	129
Inhalator	129
umzustimmen	129
hochzeitsfeier	129
kartenspielen	129
Pforten	129
Rosmarin	129
jubelrufe	129
süßkartoffeln	129
tiefstes	129
angemessenes	129
breck	129
petja	129
kunstform	129
Errungenschaft	129
colonna	129
lesbischen	129
Prospekt	129
leut	129
sorgsam	129
Logis	129
Gehilfen	129
ostsee	129
schlachtschiff	129
abfangkurs	129
mattias	129
Würdenträger	129
Unzurechnungsfähigkeit	129
Avatare	129
rausgefallen	129
belmont	129
hauptgang	129
ergänzung	129
Mafioso	129
schlachtet	129
stundenplan	129
whale	129
Rollie	129
Hiob	129
staatsbürgerschaft	129
rebelliert	129
henny	129
exakten	129
telefonleitungen	129
bisserl	129
unmissverständlich	129
maclaren	129
pensionierter	129
Bluffst	129
probefahrt	129
begräbt	129
stromrechnung	129
atomkraftwerk	129
entwaffnet	129
griechischer	129
Chrysler	129
fähigen	129
Pantomime	129
platzierte	129
Golem	129
eriksson	129
beleidigte	129
mccluskey	129
taubstumm	129
nostalgisch	129
satellitentelefon	129
häuslich	129
amal	129
bloßzustellen	129
Meningitis	129
mongo	129
sediert	129
lace	129
ärztlichen	129
ostflügel	129
kendal	129
Attacken	129
pongo	129
Medea	129
Kirmes	129
mündliche	129
besoffene	129
nährstoffe	129
wehmütige	129
verwurzelt	129
laborergebnisse	129
edge	129
rumgefahren	129
externen	129
koreanische	129
pawel	129
Kemal	129
Konfetti	129
unabsichtlich	129
munkelt	129
ladegerät	129
begebe	129
chalmers	129
wegzurennen	129
bleichmittel	129
Auflösen	128
Verschonen	128
Backe	128
Losfahren	128
Nadeln	128
Wärmer	128
Groll	128
abfluss	128
stillstand	128
nähte	128
schub	128
sims	128
reklame	128
Leim	128
Apostel	128
Atom	128
abtrocknen	128
rekorder	128
drein	128
negatives	128
fokussieren	128
auflagen	128
herfallen	128
kühlt	128
feuerten	128
hinziehen	128
buchten	128
senats	128
rollte	128
anstehen	128
vorsehen	128
küsten	128
rasseln	128
wehrst	128
annullieren	128
bohrt	128
erschweren	128
anal	128
kurieren	128
kipp	128
etiketten	128
erwirken	128
abhole	128
ausmalen	128
begründen	128
auflauf	128
pick	128
Nerz	128
häuslicher	128
Kebab	128
bettle	128
rührte	128
verschissenen	128
betriebssystem	128
Silben	128
indianische	128
coral	128
zusammengeflickt	128
oops	128
erstgeborenen	128
Pieper	128
Torheit	128
hershel	128
Schandfleck	128
widerlegt	128
Kimono	128
vorbeugen	128
hellraiser	128
krassen	128
Gesinnung	128
figueroa	128
Schmitz	128
königshaus	128
droide	128
jughead	128
erwürge	128
Mustangs	128
einsatzzentrale	128
Tendenzen	128
Gedichten	128
erneute	128
awards	128
Sigmund	128
geflickt	128
bluthochdruck	128
connelly	128
kriegsministerium	128
loswerde	128
Pasteten	128
sandoval	128
überschrift	128
Pionier	128
folsom	128
schützengraben	128
dulles	128
anmerkung	128
Aufsätze	128
unüberlegt	128
rauszubekommen	128
liberale	128
streichelt	128
frechen	128
corrigan	128
anzukämpfen	128
flughöhe	128
großonkel	128
Reservoir	128
doppelzimmer	128
Elektroschocker	128
wickie	128
zathras	128
sopranos	128
augenklappe	128
wharton	128
Pute	128
Trotter	128
erpresste	128
hausgemachte	128
frisco	128
crocker	128
eastern	128
raubüberfälle	128
wegläufst	128
Vollkommenheit	128
erkauft	128
Konventionen	128
seriennummern	128
niedergelassen	128
sunrise	128
Armada	128
kazuo	128
trail	128
taschenlampen	128
massakriert	128
pookie	128
rumgehangen	128
buongiorno	128
paine	128
Jochen	128
unterstützten	128
irgendwelches	128
entlocken	128
Anämie	128
gutaussehenden	128
schnickschnack	128
aufgezwungen	128
Eizellen	128
Skype	128
kinsey	128
Kommissariat	128
fündig	128
einreiben	128
organisch	128
tapetenwechsel	128
primären	128
kontroverse	128
kniescheibe	128
anzurichten	128
Kilian	128
Holle	128
achso	128
Begierden	128
belgische	128
Woodstock	128
verkörperung	128
voraussichtlich	128
women	128
Amputation	128
robyn	128
Triple	128
menschenkenntnis	128
Silo	128
Einfangen	127
Engen	127
Verantwortlichen	127
Mischt	127
Aufwachte	127
Abheben	127
Tippen	127
Fügen	127
Siebten	127
Well	127
Klicken	127
achse	127
zehner	127
getriebe	127
Kopierer	127
Kenner	127
Sachs	127
Motte	127
Bahre	127
stemmen	127
anhängern	127
abmachen	127
übertrage	127
zerfleischen	127
losmachen	127
flennen	127
computers	127
künstlers	127
kellnern	127
durchfahren	127
trockener	127
belauschen	127
einwohnern	127
pudern	127
früchten	127
auseinandersetzen	127
zielst	127
Hurenbock	127
ökosystem	127
Khans	127
herumkommandieren	127
aufrechter	127
Flanken	127
ausseht	127
Scharfrichter	127
mistding	127
vermißt	127
deej	127
mündung	127
Andacht	127
hochladen	127
unkonventionell	127
wortschatz	127
abbys	127
künstlerischen	127
traumatische	127
arbeitsstelle	127
vasek	127
capra	127
telefonierst	127
Azteken	127
Pizzas	127
gepaart	127
bare	127
malick	127
aufgewärmt	127
hoffnungslosen	127
ludlow	127
ivar	127
wiederkam	127
impfungen	127
minigolf	127
Empathie	127
Deserteure	127
eingekreist	127
pernille	127
Beliebtheit	127
verständige	127
holtz	127
Zebras	127
Kognak	127
informantin	127
Totschlags	127
Squaw	127
Satine	127
dürr	127
begeisterter	127
vermassle	127
verschwörungen	127
hoskins	127
kana	127
Tanger	127
pressemitteilung	127
mitzuhalten	127
satzung	127
vorbeigeschaut	127
druckwelle	127
Komplexität	127
Pools	127
weiterzuziehen	127
hatch	127
weggepustet	127
gaylord	127
anlässe	127
abkürzungen	127
weltreise	127
Keuschheit	127
notstand	127
kopfhaut	127
lauderdale	127
dezent	127
Stubenarrest	127
bow	127
kostenvoranschlag	127
magnetfeld	127
zeigs	127
garret	127
durchgeknallter	127
zweifelsfrei	127
Producer	127
pollo	127
vernebelt	127
kaye	127
Ferse	127
großmütig	127
verpfändet	127
naniten	127
sandkasten	127
rankommt	127
einzudämmen	127
liesl	127
biste	127
vertickt	127
nordsee	127
ishmael	127
mano	127
pussys	127
todesliste	127
profikiller	127
farr	127
Jagger	127
empfindlichen	127
Rühreier	127
sicherheitskamera	127
vorgetragen	127
ständiges	127
pelham	127
blutwurst	127
Merkmal	127
selbstbeherrschung	127
nuck	127
iranischen	127
olympische	127
padawan	127
schrilles	127
mmmh	127
ersatzmann	127
weihnachtsabend	127
Wilfried	127
sur	127
transferiert	127
ängstliche	127
weglocken	127
stamper	127
Südfrankreich	127
yoon	127
anzuzeigen	127
schadensbegrenzung	127
roach	127
Metz	127
hausarbeiten	127
ernannte	127
abgeblieben	127
einheimischer	127
tyrion	127
heimkommst	127
glänzender	127
blanca	127
ärmer	127
verdächtigungen	127
Indianapolis	127
wesson	127
lebensqualität	127
conlon	127
stafford	127
hausherr	127
massenweise	127
befreiten	127
Seins	126
Wiegen	126
Ausrauben	126
Zweier	126
Immun	126
Boulevard	126
Galgen	126
Verfügen	126
kran	126
mast	126
schränke	126
befund	126
Sensor	126
Dynamik	126
Hub	126
kapseln	126
attackieren	126
nörgeln	126
balls	126
fahnden	126
Massa	126
vorzug	126
empfängst	126
auserkoren	126
Polka	126
republikanischen	126
nachfolgerin	126
redakteurin	126
Zuschuss	126
tout	126
weekly	126
anfängerglück	126
rettungskapsel	126
musikalischen	126
Lindbergh	126
Leibesvisitation	126
rollbahn	126
hamish	126
fandet	126
zusammengehören	126
bwana	126
todesfalle	126
schmerzhafter	126
lachhaft	126
Mörser	126
shauna	126
dreikäsehoch	126
loses	126
yet	126
ramme	126
zurückzunehmen	126
schwindlerin	126
santini	126
barnaby	126
catch	126
anjali	126
drinsteht	126
purem	126
sauren	126
aufhebung	126
Mitspracherecht	126
kriegsverbrecher	126
onkelchen	126
gefährdete	126
Killern	126
emp	126
abgewickelt	126
trav	126
ferg	126
meinetwillen	126
lazlo	126
ce	126
Croissant	126
Apparate	126
anhabe	126
unvergleichlich	126
auswertung	126
drogenmissbrauch	126
hakim	126
amar	126
bestattungsinstitut	126
erdoberfläche	126
erachtet	126
Erschaffer	126
Einfachheit	126
deux	126
alphabetisch	126
nervenklinik	126
hauptbahnhof	126
Stuss	126
Szenarien	126
zurückweisung	126
Katrine	126
fruit	126
stürmische	126
teekanne	126
Autors	126
beherrschst	126
Gusto	126
handfestes	126
Dramatik	126
halsey	126
silberner	126
grabsteine	126
spendenaktion	126
mouse	126
idefix	126
Darts	126
mozzie	126
dorftrottel	126
gebrauchtwagen	126
Logistik	126
vu	126
gu	126
spezifische	126
hutmacher	126
pal	126
zeichensprache	126
beschneidung	126
pendleton	126
Alkoholikern	126
guinevere	126
sonderkommando	126
mildernde	126
klärchen	126
Kapitäne	126
angemalt	126
nachspioniert	126
Schwadron	126
Carls	126
verschärft	126
Janeiro	126
mirror	126
absurden	126
arch	126
augenweide	126
scheißtag	126
romantischste	126
bran	126
Betrügereien	126
canal	126
konsumiert	126
unschöne	126
Eskimos	126
unterkühlung	126
gesamtbild	126
koen	126
eheberatung	126
familienmensch	126
bauchmuskeln	126
zeitspanne	126
Erotik	126
veranstalte	126
loszulegen	126
entgegenkommend	126
laufsteg	126
korrumpiert	126
zusammenwohnen	126
einzuleiten	126
sandro	126
boggs	126
Raserei	126
katerina	126
verkrafte	126
mikrochip	126
Tätigkeiten	126
tarek	126
riesensache	126
Einberufen	125
Ablaufen	125
Zwecke	125
Lampen	125
Endes	125
Listen	125
Äußern	125
Biegen	125
Zurückverfolgen	125
Ausbrechen	125
Speisen	125
Verfallen	125
Gittern	125
journal	125
ritz	125
pfand	125
Erlass	125
Flipper	125
verlagern	125
raubte	125
fummeln	125
hinbiegen	125
imponieren	125
etikette	125
sterilisieren	125
lenden	125
desinfizieren	125
hecken	125
näheres	125
agenturen	125
zurückfliegen	125
marlin	125
aufsteigt	125
verbindungsmann	125
kohlenstoff	125
abtrünnig	125
miesepeter	125
Vibration	125
gruseliges	125
absturzstelle	125
montiert	125
goldgrube	125
topform	125
rücklicht	125
elkins	125
harv	125
nötiger	125
grodd	125
proust	125
Gloucester	125
einstudiert	125
geheimnisvolles	125
camaro	125
portia	125
Ungleichgewicht	125
Zeremonien	125
törichte	125
neuester	125
aushältst	125
muttersprache	125
umständlich	125
flachwichser	125
handflächen	125
bunk	125
hinzugezogen	125
stavros	125
dreihundert	125
Gedränge	125
wirbelsturm	125
speisewagen	125
piero	125
versicherungspolice	125
psychos	125
allererst	125
erwärmt	125
Mikroben	125
entpuppt	125
zeitlos	125
quan	125
getrocknete	125
mitschreiben	125
verpaßt	125
zeitschleife	125
scarraner	125
Prügeleien	125
geleugnet	125
landesweite	125
verrenkt	125
odette	125
ablecken	125
versaue	125
besserem	125
weitergekommen	125
gesundheitsbehörde	125
ordnet	125
überbringt	125
Modifikationen	125
Radiologie	125
flugangst	125
anlässlich	125
abner	125
beseitigung	125
hausschlüssel	125
hulot	125
halbiert	125
tapferste	125
zuziehen	125
Marrakesch	125
Säue	125
sommertag	125
fegt	125
dim	125
norah	125
stuhlgang	125
thom	125
anrührst	125
sousa	125
Herumtreiber	125
bedingungslose	125
cane	125
unwahr	125
entführe	125
Quartett	125
Bequemlichkeit	125
Richfield	125
lautstark	125
Essay	125
arroganten	125
schummelst	125
vergreifen	125
daley	125
grandiose	125
deirdre	125
vollbringt	125
verschreibe	125
brass	125
abgeschottet	125
sigma	125
auges	125
ark	125
Schiffbruch	125
wilda	125
Phalanx	125
unternahm	125
duff	125
schulfreund	125
gefährdest	125
Krake	125
Fighter	125
hiram	125
runterkommt	125
Realitäten	125
medellin	125
ame	125
gescheiterten	125
phelan	125
cyborgs	125
Jordanien	125
footballteam	125
Däne	125
pocahontas	125
zusammenbrach	125
Gertie	125
gump	125
wake	125
Sturkopf	125
ausgedruckt	125
catweazle	125
mechanisches	125
Prozentsatz	125
lieblingsplatz	125
erfolgreichsten	125
skippy	125
marika	125
beizutragen	125
entwarnung	125
Kauen	124
Erwachen	124
Lichts	124
Packst	124
Standard	124
Auswählen	124
Kassieren	124
Totes	124
Drittes	124
Beheben	124
Lappen	124
Nutzte	124
flöhe	124
hersteller	124
Absprache	124
Spann	124
Geschoss	124
knebel	124
audio	124
parkte	124
bezirks	124
klammert	124
kuriere	124
infrarot	124
aufsammeln	124
klebe	124
schwirren	124
erahnen	124
einstellt	124
enttarnen	124
ablesen	124
tafeln	124
zerstreuen	124
weißte	124
besitzes	124
triumphieren	124
komponieren	124
liegenlassen	124
erleuchten	124
abarbeiten	124
observieren	124
foltert	124
stehn	124
bestellten	124
hissen	124
gruben	124
Geschirrspüler	124
entfernungen	124
mohamed	124
mouth	124
scudder	124
Harakiri	124
werdende	124
Friedhöfe	124
Thermostat	124
kampfbereit	124
gewaltanwendung	124
Duplikat	124
seufzend	124
speak	124
Malta	124
Renoir	124
mosca	124
undeutliches	124
Rodin	124
Gepard	124
Erfolges	124
datet	124
steinreich	124
sanjay	124
atemnot	124
sterbend	124
prächtiges	124
guzman	124
erzherzog	124
verdrahtet	124
quinlan	124
firefly	124
einschüchternd	124
Instabilität	124
zarkon	124
Papageien	124
vorgesungen	124
verwette	124
klarkommst	124
beauregard	124
lobenswert	124
derartigen	124
widersteht	124
demütigungen	124
brechstange	124
einfallsreichtum	124
angespannte	124
verschlossene	124
berate	124
allergrößte	124
Schmauchspuren	124
Revolverheld	124
kleinholz	124
wachmänner	124
Paella	124
gilroy	124
smee	124
verwest	124
deinetwillen	124
schmerzensschreie	124
making	124
birdy	124
Kontinente	124
Backup	124
Abschrift	124
gepäckträger	124
burning	124
danni	124
kleidungsstücke	124
backstage	124
unterhändler	124
mcginty	124
titelblatt	124
ethisch	124
marilla	124
Manila	124
tierärztin	124
vernichtete	124
knew	124
gupta	124
Grog	124
häufigsten	124
verleumdet	124
ungebildet	124
unnötiges	124
rye	124
parkuhr	124
Penizillin	124
serizawa	124
Sockel	124
cobblepot	124
Cathys	124
Fässern	124
konvertiert	124
reality	124
spanisches	124
intravenös	124
rothaut	124
Toole	124
pardaillan	124
bereisen	124
balthazar	124
nene	124
zersetzt	124
Sacks	124
melancholisch	124
Barrikade	124
fischstäbchen	124
fats	124
Schnauzbart	124
valdez	124
lukrativ	124
neck	124
xo	124
schlafstörungen	124
anschlägen	124
sicherheitspersonal	124
nuys	124
bergleute	124
Trichter	124
vorhängen	124
rechtschaffen	124
Indiz	124
schubkarre	124
anzuheuern	124
kazon	124
ehrenhafter	124
bezeichne	124
dreirad	124
Türken	123
Symbole	123
Reduzieren	123
Vermieten	123
Ausweichen	123
Leckt	123
Trittst	123
Einnahmen	123
Pumpen	123
Pfeile	123
Betrinken	123
brigade	123
leuchte	123
ausschnitt	123
arznei	123
Ebbe	123
ventile	123
handels	123
kutschen	123
blindes	123
erringen	123
ausdrucken	123
monsters	123
Garibaldi	123
handzeichen	123
sim	123
sät	123
seasons	123
abgestiegen	123
vorherrschaft	123
tennyson	123
gonzalez	123
bisherige	123
Razzien	123
steckbrief	123
suppenküche	123
averys	123
schaeffer	123
marktwert	123
Rhetorik	123
Gestell	123
weitergezogen	123
irv	123
rei	123
Entertainer	123
überschätzen	123
Hostess	123
melville	123
tanzende	123
bundesagent	123
pollock	123
voriges	123
esme	123
bestiehlt	123
Cumberland	123
Gecko	123
Vagabunden	123
alltäglichen	123
Kannibalismus	123
Bräutigams	123
gutenachtkuss	123
Skepsis	123
dämonischen	123
brennend	123
blaupausen	123
unvorstellbare	123
Script	123
entweiht	123
highland	123
preisgegeben	123
mittelschule	123
galahad	123
gleitmittel	123
milchkaffee	123
schönstes	123
sicherheitscode	123
motorboot	123
Sophies	123
hundchen	123
miserabler	123
kurzform	123
hinkriege	123
banzai	123
Negro	123
einsatzfähig	123
vodka	123
geistesgestört	123
ehrenmedaille	123
shinjuku	123
bedeutsam	123
tre	123
Mesdames	123
sportlehrer	123
horowitz	123
innenhof	123
hohlkopf	123
erschrecke	123
kennwort	123
farbiger	123
Asiate	123
Flamingo	123
crescent	123
unbarmherzig	123
verhindere	123
Gogol	123
tien	123
ando	123
Kroatien	123
Gulliver	123
whipple	123
kommunikationssystem	123
züchtet	123
sprengladung	123
peinliches	123
bratpfanne	123
fluffy	123
Ankara	123
hondo	123
Levin	123
separate	123
chien	123
werbeagentur	123
schlagstock	123
messala	123
reinholen	123
walzermusik	123
entwickelst	123
blutflecken	123
drag	123
kahless	123
herausnehmen	123
durchhält	123
durchbricht	123
zerbreche	123
Sanktionen	123
bebt	123
gegenstück	123
Parma	123
separat	123
Benz	123
registrierung	123
paletti	123
qualvollen	123
chappelle	123
adeline	123
schlüpft	123
Westentasche	123
flippst	123
nyssa	123
Nexus	123
umlegt	123
gestehst	123
milchmann	123
voicemail	123
tanzschule	123
befördere	123
rumgeschnüffelt	123
neuestes	123
groove	123
Jugoslawien	123
leckerer	123
veränderst	123
herrsche	123
überhört	123
understand	123
mistakes	123
Zhou	123
message	123
hockst	123
Paule	123
Verbiegen	123
achtgeben	123
Britannia	123
uralter	123
olly	123
boleyn	123
Reputation	123
oas	123
sümbül	123
Ernten	122
Erleichtern	122
Springs	122
Comics	122
Maximal	122
Gehirns	122
Spitzen	122
Poltern	122
Erfreuen	122
Kochst	122
Schülern	122
Darren	122
Gewehrt	122
schlitz	122
toleranz	122
register	122
bohne	122
Keil	122
Korrespondenz	122
zielte	122
auswechseln	122
überarbeiten	122
versklaven	122
kreuzigen	122
aufzählen	122
raums	122
paddeln	122
nelken	122
blubbern	122
byers	122
Bieter	122
vielseitig	122
meghan	122
geradeheraus	122
besteigt	122
pflegemutter	122
umarmst	122
auszupacken	122
vergriffen	122
Camus	122
Repertoire	122
kund	122
anlügt	122
damaja	122
Baudelaires	122
Öffentlichkeitsarbeit	122
tropische	122
grundwasser	122
cologne	122
unterzeichnete	122
Niagara	122
einsatzteam	122
engagiere	122
Befreier	122
means	122
Diktat	122
kartoffelchips	122
hakt	122
gym	122
sil	122
shut	122
Nachlässigkeit	122
Nachbesprechung	122
striker	122
Suff	122
searching	122
Mose	122
beschimpfungen	122
Nitroglyzerin	122
vorgedrungen	122
eingebildete	122
Kensington	122
Amazonen	122
Chicagoer	122
lymphknoten	122
rasgotra	122
Kraken	122
heilende	122
serenas	122
Camps	122
Remus	122
pedrosa	122
verlässliche	122
gefängniswärter	122
Wüstling	122
Thorax	122
ivanova	122
flügelmann	122
verpfeift	122
romulanischen	122
Sari	122
Maiskolben	122
freiheitskämpfer	122
mittelfinger	122
Muli	122
eheprobleme	122
wasserversorgung	122
anzuführen	122
viertens	122
nachwirkungen	122
gesegnete	122
kommerziellen	122
Ehrwürden	122
observiert	122
Franziska	122
Debatten	122
jab	122
desperate	122
Horden	122
korrekten	122
suchmeldung	122
Pauli	122
yuma	122
ungläubiger	122
entgegentreten	122
terroristischen	122
ranmachen	122
unethisch	122
abgerutscht	122
inez	122
verachtest	122
geklauten	122
bizarren	122
leichenhaus	122
aram	122
anzeigt	122
bauchspeicheldrüse	122
computersystem	122
eichmann	122
toilettenspülung	122
Requisite	122
errol	122
noriko	122
weed	122
haarigen	122
familienbesitz	122
wittert	122
mitarbeiten	122
Lateinamerika	122
Labrador	122
Luken	122
Pächter	122
lebenslangen	122
glynn	122
Pokerface	122
associates	122
feuerwaffen	122
zwangsarbeit	122
runterladen	122
heidnischen	122
einmaligen	122
maze	122
Burgunder	122
midtown	122
gestunken	122
trennungen	122
ausrichtung	122
bijou	122
unis	122
knuddeln	122
Stefans	122
zensiert	122
bearbeitung	122
kaya	122
bluterguss	122
Memos	122
rumkriegen	122
stroud	122
Plazenta	122
erlernt	122
woraufhin	122
used	122
erstelle	122
truth	122
yamamoto	122
vaterschaftstest	122
touristin	122
lynchen	122
durchmachte	122
restliches	122
geburtstagskuchen	122
Spinnweben	122
vampirblut	122
lennie	122
Hirngespinste	122
Helsinki	122
Horror	121
Friedens	121
Tick	121
Kaisers	121
Schnelles	121
Durchbrechen	121
Grüner	121
Sekte	121
Nazi	121
Sende	121
Schiffs	121
umfang	121
kontext	121
bürste	121
Schott	121
Krabbe	121
ausreiten	121
richtern	121
durchwühlen	121
eingeweiden	121
knalle	121
flüssiges	121
plural	121
einwerfen	121
zurückerobern	121
hülsen	121
begnadigen	121
delegierten	121
kräutern	121
drangehen	121
syracuse	121
ruhestätte	121
chadwick	121
aufgemischt	121
weggeschnappt	121
zurückgenommen	121
fliehst	121
elli	121
rausgefahren	121
Individualität	121
wiedersehn	121
navigationssystem	121
Gebeine	121
augenzeugin	121
diosa	121
bösartiger	121
behaart	121
studentenwohnheim	121
fredericks	121
Zyklen	121
Hodscha	121
zusammenzustellen	121
fatale	121
kunsthändler	121
schwachsinnige	121
Limousinen	121
vasa	121
sämtlicher	121
haarspray	121
yup	121
Druide	121
jamison	121
stillstehen	121
Madagaskar	121
kunststücke	121
ablegt	121
flaherty	121
verkündete	121
vorionen	121
strohmann	121
mittelweg	121
seinfeld	121
verwegen	121
einsatzleitung	121
unentschuldbar	121
sigurd	121
ausgespannt	121
gesellig	121
femme	121
flanagan	121
Leonie	121
angeregt	121
Specht	121
mindestlohn	121
bewölkt	121
stepan	121
Supervisor	121
beweislage	121
Kathrin	121
laborbericht	121
aiko	121
ood	121
cenk	121
häuslichen	121
manno	121
fantasy	121
Tolstoi	121
schlürft	121
abfälle	121
weltklasse	121
rachsüchtig	121
faulkner	121
Masturbation	121
Gefolgschaft	121
years	121
Odyssee	121
colonels	121
ungesetzlich	121
ehrwürdigen	121
hinzukommen	121
diesseits	121
vorwürfen	121
hanzo	121
japanerin	121
übersehe	121
millicent	121
hinterrücks	121
veranlasse	121
Kajüte	121
fesselnd	121
jüdisches	121
sapiens	121
Words	121
trois	121
hergeflogen	121
eurotape	121
angstzustände	121
Eiszapfen	121
gibbler	121
feinfühlig	121
Sybille	121
cum	121
videoband	121
bieber	121
wuerde	121
verlogenes	121
vortrefflich	121
pilotin	121
hergerufen	121
volldampf	121
emerald	121
Tentakel	121
hauptsitz	121
faszinierenden	121
mäßig	121
Mafiosi	121
verkaufszahlen	121
rasierklingen	121
gestohlener	121
beziehe	121
niederzulassen	121
selbstmordgefährdet	121
Italienern	121
geschult	121
tankwart	121
hen	121
chibs	121
verblödet	121
tears	121
ravens	121
bogenschießen	121
Saum	121
prius	121
psychotisch	121
bereichert	121
Wahnvorstellung	121
nacho	121
scpd	121
bitterman	121
notice	121
Mägen	121
Input	121
versprechend	121
Gatter	121
giftgas	121
Transe	121
frommer	121
Sturheit	121
wahlrecht	121
Auftritten	121
projiziert	121
fleh	121
erbstück	121
köstliches	121
griswold	121
nutzloses	121
laufender	121
mitzugehen	121
guacamole	121
anstößig	121
verbal	121
colonial	121
Hologramme	121
waffengewalt	121
Krämer	121
bergbau	121
Waisen	120
Lachte	120
Enten	120
Entziehen	120
Schmuggeln	120
Motoren	120
rippe	120
schwimmer	120
anstieg	120
mappe	120
Seher	120
hypnotisieren	120
schätzte	120
tauschten	120
nachfolge	120
durchbohren	120
spreizen	120
hernehmen	120
schuldigern	120
rasier	120
entbinden	120
frühes	120
abruf	120
explosiv	120
ufern	120
schlichten	120
photo	120
bestreben	120
deckte	120
passierten	120
objekten	120
torten	120
nachschlagen	120
zerfetzen	120
ausbaden	120
parallelen	120
angelt	120
pump	120
einordnen	120
warden	120
verlassenes	120
priestern	120
vogels	120
hasses	120
auftauen	120
durchtrennen	120
ballantine	120
militärbasis	120
türöffner	120
Mutationen	120
wiederzuerkennen	120
zuverlässigen	120
Seppel	120
erkundung	120
stattlich	120
Kommunikator	120
Filialleiter	120
kiko	120
lobotomie	120
hao	120
abgekartetes	120
yip	120
blutbank	120
antue	120
erschießungskommando	120
ausgiebig	120
rausschicken	120
Kalzium	120
autorennen	120
mordanschlag	120
Enzyme	120
damalige	120
Sohlen	120
baujahr	120
moz	120
Uhrzeigersinn	120
minderwertig	120
byrne	120
regelmäßigen	120
Hämatom	120
virgin	120
exzellenten	120
ermüdet	120
hinfährst	120
nassar	120
rauchmelder	120
Dünen	120
heimgekehrt	120
niedlicher	120
jährigen	120
gebackene	120
zielstrebig	120
daves	120
entspringt	120
weggeschafft	120
sportart	120
unerheblich	120
weltgeschichte	120
seamus	120
befolgst	120
paulson	120
zielgruppe	120
halsschmerzen	120
kronprinzen	120
boynton	120
weinerlich	120
Barons	120
düsterer	120
chiana	120
Schlittschuhe	120
grogan	120
Avocado	120
rechtsanwälte	120
weathers	120
voldemort	120
Delphin	120
schlichen	120
abtreibungen	120
doyles	120
eingeschnappt	120
jenn	120
auffallend	120
schuftet	120
netterweise	120
vorahnungen	120
Breaker	120
Isaacs	120
Bezirke	120
patris	120
dazugelernt	120
Gitarrist	120
starrten	120
musikerin	120
sterbeurkunde	120
tragisches	120
mayor	120
groovy	120
Kannibale	120
dunne	120
Fön	120
räumte	120
notlandung	120
modernste	120
gehirnzellen	120
dating	120
vergießt	120
alors	120
Psalm	120
Kamillentee	120
alia	120
verheißt	120
breeze	120
unerklärlich	120
schnüffelst	120
rangemacht	120
Yokohama	120
verbandskasten	120
glover	120
Sphären	120
macpherson	120
hereinkommt	120
überzeug	120
rising	120
misstraut	120
Kanälen	120
abgrundtief	120
erblich	120
umstritten	120
Pulverfass	120
heißhunger	120
helfende	120
auffiel	120
delikat	120
woodbury	120
sway	120
stürmten	120
unterzeichnung	120
verabschiedung	120
Zyanid	120
einleuchtend	120
meat	120
Bosses	120
maulesel	120
eat	120
gasleitung	120
hilly	120
sisters	120
flag	120
ungenießbar	120
Ausfallen	119
Bakterien	119
Feindes	119
Improvisieren	119
Tanken	119
Einschüchtern	119
Berechnen	119
Befördern	119
Streicheln	119
Hinteren	119
Rollt	119
rentner	119
Abstieg	119
Parameter	119
Gletscher	119
sri	119
veralbern	119
hinweist	119
posieren	119
gefallene	119
logen	119
produktiv	119
arktis	119
umkippen	119
ergebener	119
verkörpern	119
neo	119
Amphetamine	119
fantasiert	119
feet	119
sheryl	119
scheißjob	119
hinzuweisen	119
Barbados	119
bengt	119
zusah	119
stadtgrenze	119
Miezen	119
schlafwandeln	119
verschiebung	119
mordfällen	119
rettungsschwimmer	119
gekifft	119
hervorragendes	119
bratwurst	119
Prozente	119
roark	119
vorzuführen	119
wohlgemerkt	119
warmherzig	119
Weisheiten	119
tollpatschig	119
blanc	119
emery	119
urgh	119
studienjahr	119
friseursalon	119
verschlucken	119
gator	119
vorderster	119
fixe	119
cheddar	119
lotta	119
Schimpfwort	119
tromaville	119
konzipiert	119
schriller	119
Gedeck	119
pornostar	119
alleinstehend	119
nationalpark	119
acid	119
leekie	119
niedrigsten	119
abzureisen	119
Mayas	119
unmittelbarer	119
widerstandskämpfer	119
vorsätzlicher	119
corwin	119
malerin	119
übergib	119
Yogi	119
Rhea	119
mäh	119
Leibwache	119
wütendes	119
knowles	119
drauflos	119
cream	119
mütterlicherseits	119
orks	119
abgeneigt	119
danger	119
frog	119
aufgetan	119
ismail	119
hinkt	119
Hänschen	119
Nachahmer	119
Besuches	119
durchzieht	119
belastend	119
woodhull	119
saroyan	119
Heia	119
zärtliche	119
brauchbare	119
schlüssig	119
beugte	119
Kicker	119
deinesgleichen	119
Schnorrer	119
herumgeführt	119
giuliano	119
besoffenen	119
eifersüchtigen	119
nordwest	119
schwertkampf	119
gregorio	119
verwirklicht	119
waffensystem	119
bücherwurm	119
Spieglein	119
rausreden	119
aufgetischt	119
rausgehe	119
charmaine	119
freikommen	119
zertrampelt	119
totgeschlagen	119
anguckt	119
eintrat	119
anführt	119
zimmergenossin	119
hinauswollen	119
reingeplatzt	119
pain	119
britisches	119
satterfield	119
abaddon	119
erbittet	119
tauri	119
höllischen	119
seward	119
schonend	119
erzeugte	119
rie	119
wiederzubekommen	119
arschficker	119
Durchschuss	119
desinfektionsmittel	119
sumner	119
aale	119
premierministerin	119
bällen	119
dit	119
cleveren	119
rockband	119
telepathisch	119
kühnen	119
flüstere	119
abzuschießen	119
hartmann	119
Schoßhündchen	119
begrabe	119
topeka	119
duluth	119
staatsfeind	119
übermacht	119
erstgeborene	119
physischer	119
daly	119
bösem	119
mutterleib	119
Bossen	119
Kasinos	119
cayman	119
zusammengefasst	119
gewiß	119
reiko	119
waschküche	119
Beamer	119
Fadenkreuz	119
Mietet	119
Balsam	119
Urinprobe	119
mala	119
Gehirne	118
Pfeffer	118
Nachgeben	118
Stau	118
Wiehern	118
Erkenntnis	118
Verschließen	118
Western	118
Lern	118
Solide	118
Schicksals	118
ader	118
kur	118
Aal	118
Auspuff	118
Pflaume	118
Türke	118
wunderte	118
thrones	118
diktiert	118
kabinen	118
entledigen	118
entschließen	118
bändern	118
zuhalten	118
erblühen	118
bereitstellen	118
postieren	118
bettelte	118
belange	118
exklusive	118
platin	118
quell	118
durchblick	118
kernschmelze	118
aufbrausend	118
drauben	118
came	118
überreagieren	118
kreator	118
eingefahren	118
Merlot	118
Skorpione	118
mittelstufe	118
lumpi	118
schockierende	118
enthauptung	118
ölung	118
vertigo	118
lexa	118
verblute	118
auffliegt	118
abstürzt	118
investierte	118
suis	118
une	118
seefahrer	118
armdrücken	118
verschaff	118
Kiemen	118
feuergefecht	118
größenordnung	118
psi	118
bewegungsmelder	118
storniert	118
Italiens	118
Idealist	118
erotischen	118
Teufeln	118
börsengang	118
genehm	118
chaka	118
göttliches	118
Geflüster	118
Pechvogel	118
makoto	118
respektierte	118
tropischen	118
schneeball	118
gesuchter	118
mausi	118
meatball	118
randvoll	118
Wachtel	118
überhören	118
cemal	118
einvernehmlich	118
morel	118
abmachungen	118
Professionalität	118
Sultans	118
rückblickend	118
vorbeiziehen	118
vos	118
shang	118
moechte	118
rollenspiele	118
fließband	118
lichtstrahl	118
Gallien	118
umfassend	118
Noahs	118
entfaltet	118
hee	118
ichi	118
smoothie	118
Schlepptau	118
ölwechsel	118
Monarchen	118
einzupacken	118
abzustellen	118
weihnachtskarte	118
ziegenbock	118
rattenfänger	118
kurzzeitig	118
Einkünfte	118
iosava	118
landing	118
wildkatze	118
Geschwüre	118
operiere	118
smiths	118
Unannehmlichkeit	118
gemeindezentrum	118
tricky	118
Sahib	118
anrührt	118
gespeist	118
bewußt	118
vollgekotzt	118
saukomisch	118
nasses	118
Safes	118
finney	118
kurzgeschichten	118
Gucci	118
Diadem	118
ablehnst	118
abzudecken	118
Mähne	118
marshak	118
sterilisiert	118
deckmantel	118
beizustehen	118
gibs	118
tiefsinnig	118
synchronisiert	118
rausgeschlichen	118
eismann	118
Afroamerikaner	118
secretary	118
wilgul	118
naoki	118
liebenswerter	118
erlag	118
barr	118
Standet	118
zugeständnisse	118
nachvollziehbar	118
Lautsprechern	118
vollpfosten	118
nami	118
hearts	118
evas	118
verschiedensten	118
dice	118
untertassen	118
sexualstraftäter	118
Gräuel	118
mccartney	118
geschimpft	118
Laure	118
gehässig	118
Schwalbe	118
besitzergreifend	118
hinfällig	118
zurückzuschlagen	118
sonntagsschule	118
herausziehen	118
Filmmusik	118
fresh	118
einigten	118
peeta	118
Astoria	118
hegte	118
fiepen	118
überfällen	118
nachbildung	118
perfektioniert	118
terrace	118
schussverletzung	118
mutmaßliche	118
aktuelles	118
feierlichen	118
erteilte	118
körperliches	118
gewahrt	118
gescheiterte	118
Scheiben	117
Schleifen	117
Buchen	117
Leiste	117
Kurzes	117
Angebote	117
Anfange	117
Kick	117
Dankt	117
Armeen	117
abitur	117
Dirigent	117
Praktikant	117
Spirale	117
Keim	117
zurückkaufen	117
korrekturen	117
wanderst	117
ausstechen	117
anfeuern	117
briefes	117
habens	117
labore	117
bermudas	117
versagten	117
hinbringt	117
zusammengebaut	117
eigenständig	117
kaffeehaus	117
wandlung	117
Episoden	117
Vormundschaft	117
einschusslöcher	117
begegnest	117
dienlich	117
raushelfen	117
erhabenen	117
weiterhilft	117
eriksen	117
ri	117
shaws	117
follower	117
Mittlerer	117
männersache	117
wallung	117
Repräsentant	117
gerty	117
cleary	117
verschlüsselten	117
aufspielen	117
Verräters	117
Nester	117
istjetzt	117
Kontinuum	117
georgette	117
durand	117
unnahbar	117
kränker	117
Agamemnon	117
atmosphärische	117
Faulenzer	117
geschneit	117
geschäftswelt	117
leavenworth	117
sandsack	117
miracle	117
taktischer	117
Mausefalle	117
maester	117
baja	117
sadako	117
Leckereien	117
formelle	117
spieldose	117
elektromagnetischen	117
kurzschließen	117
manion	117
lustigste	117
fertigstellung	117
versüßen	117
Mätzchen	117
ruderboot	117
gemogelt	117
ausgingen	117
gesundheitszustand	117
lohnerhöhung	117
zögerte	117
gefegt	117
grabstätte	117
finanzieller	117
aufopferung	117
gelangten	117
originelle	117
ungestüm	117
deanie	117
sprunghaft	117
sancti	117
festlich	117
sixpack	117
mancini	117
kenya	117
wölfin	117
briefpapier	117
Atropin	117
künstlername	117
heimisch	117
agathe	117
brüllst	117
called	117
hauptziel	117
zugeordnet	117
gutierrez	117
kühne	117
gehüllt	117
Heathrow	117
idiotischer	117
schlachtplan	117
Hebräer	117
Territorien	117
einzelfall	117
Genua	117
Möchtegern	117
unterseite	117
negromanus	117
gierigen	117
ehegelübde	117
Dogen	117
Dreistigkeit	117
Porträts	117
rostigen	117
lackiert	117
angebrannt	117
ausschlaggebend	117
ausgebe	117
osgood	117
aufhielt	117
isle	117
mitmischen	117
Motiven	117
aktualisiert	117
ramsay	117
Fragerei	117
kochkünste	117
christlicher	117
abgebe	117
anschleichen	117
eiswagen	117
fünfundzwanzig	117
tallahassee	117
railly	117
pacquiao	117
handgreiflich	117
zurückgehst	117
Southampton	117
drastische	117
verrichtet	117
Return	117
ausgrabungen	117
Alfa	117
cristo	117
Pfandleiher	117
aleikum	117
geklont	117
lips	117
durham	117
Elm	117
Langsame	116
Abdrücken	116
Lokale	116
Glaubens	116
Strafen	116
Gehorsam	116
Ski	116
hirte	116
türme	116
rost	116
ausdrücke	116
elektronik	116
revolutionär	116
ziegel	116
Athlet	116
Rentier	116
Ausfall	116
exekutieren	116
beglückwünschen	116
saug	116
nachstellen	116
verstandes	116
detonieren	116
appellieren	116
arbeitslosen	116
verwüsten	116
korallen	116
museums	116
roma	116
trunk	116
baumes	116
direktem	116
ballern	116
zapfen	116
auftanken	116
bewerkstelligen	116
sprengte	116
zanken	116
minderheiten	116
tilgen	116
wittern	116
spinn	116
synchron	116
einlauf	116
prägen	116
bezwecken	116
verabscheuen	116
spülmaschine	116
durchchecken	116
lüftung	116
corleone	116
farley	116
schlagloch	116
thefaceofboe	116
mays	116
gebietet	116
maulkorb	116
bankschließfach	116
Angelika	116
tiefster	116
testete	116
Ramadan	116
eastside	116
sirena	116
egozentrisch	116
adlon	116
Geborgenheit	116
Toulon	116
Mordechai	116
leiblicher	116
fifi	116
aussucht	116
heard	116
nuttig	116
wegs	116
soft	116
personalakten	116
vorhalten	116
rammer	116
stalken	116
mittäter	116
anfühlte	116
spontanen	116
Graces	116
merrin	116
antiquitätenhändler	116
profitabel	116
midway	116
Reliquie	116
ausgab	116
flagranti	116
Corso	116
Alexanders	116
befällt	116
montoya	116
verlauten	116
Mayflower	116
feurig	116
Walkman	116
Rancher	116
hitzig	116
Heiterkeit	116
leichtesten	116
erhole	116
tano	116
tati	116
dürftig	116
follow	116
geldtransporter	116
unbewacht	116
tellerwäscher	116
Antibiotikum	116
Dienerschaft	116
überweise	116
südlicher	116
westlicher	116
Dung	116
materielle	116
langston	116
Lombardo	116
sportarten	116
vertrittst	116
Ariadne	116
Squash	116
genehmige	116
kaputtgegangen	116
weggeschlossen	116
filii	116
handtaschen	116
radiosprecher	116
gemütliches	116
untersten	116
ehrenhaften	116
cabal	116
nierenversagen	116
westside	116
fürchterliches	116
ists	116
kinsella	116
höherem	116
abschaffung	116
ständchen	116
spottet	116
Saudi	116
Barone	116
Mutprobe	116
gags	116
unglaublichste	116
maschinendeck	116
ausgelaufen	116
marisol	116
vertrocknet	116
Sigrid	116
evening	116
eröffneten	116
tönt	116
achja	116
Neurologen	116
Obdach	116
ansteckende	116
wenngleich	116
Couscous	116
inning	116
irritierend	116
langford	116
Napoleons	116
haßt	116
whites	116
kringle	116
quid	116
vorliest	116
nervenbündel	116
ulli	116
gekapert	116
aufrichtigen	116
Ansturm	116
duras	116
bebe	116
familiären	116
rätst	116
beschreib	116
Gerümpel	116
Plato	116
large	116
rowland	116
sy	116
heiratsurkunde	116
Pestizide	116
astaire	116
Hässlichkeit	116
nichl	116
coy	116
verlagert	116
mysteriöses	116
beträge	116
übernachtest	116
hyatt	116
hornochse	116
nächtelang	116
neuzugang	116
faisal	116
manipulativ	116
wichtigster	116
entzückenden	116
annehmbar	116
gesegelt	116
brillenschlange	116
staatsstreich	116
abgewaschen	116
geladenen	116
Saras	116
michima	116
Beantragen	115
Muscheln	115
Texte	115
Willens	115
Bissen	115
Abbiegen	115
Fernen	115
Frühe	115
Rohre	115
Packte	115
Kleinsten	115
Initialen	115
Zahlte	115
Hintergehen	115
Abzeichen	115
Zielt	115
Gesamtes	115
klotz	115
kranz	115
ketzer	115
Untertan	115
Sense	115
Raster	115
Korsett	115
Dialyse	115
schmaler	115
verfaulen	115
sezieren	115
dämpfen	115
verunsichern	115
oral	115
abwickeln	115
lästern	115
durchlesen	115
verarzten	115
hinreißen	115
wiederkehr	115
schwertes	115
wandere	115
pfade	115
schnaufen	115
fungieren	115
spotten	115
lebensinhalt	115
nachgestellt	115
spectator	115
hines	115
khasinau	115
gehörig	115
Aphrodisiakum	115
brauchbar	115
zobelle	115
delikate	115
schubste	115
geschnarcht	115
Rudels	115
abzulassen	115
Eugen	115
totenkopf	115
pinkle	115
krankenakten	115
goldfische	115
Fuji	115
warpgeschwindigkeit	115
strömungen	115
bog	115
zerschossen	115
funktionstüchtig	115
Tatjana	115
diskutierten	115
geschwärmt	115
gegnerische	115
gesponsert	115
ptbs	115
standish	115
beherrschte	115
indisches	115
rausfand	115
gru	115
kindischen	115
prairie	115
ihrerseits	115
indisch	115
übernatürlich	115
Soziopathen	115
Brigadier	115
zhen	115
fotoalbum	115
trainingslager	115
einäugige	115
luftschacht	115
gleichberechtigt	115
überdauern	115
Sepp	115
Yeti	115
euphemia	115
funksprüche	115
gotteslästerung	115
tüchtige	115
aufmache	115
verständigung	115
verlogenen	115
empfingen	115
rachael	115
unterrichtest	115
stormy	115
sündige	115
chuckie	115
rausgehalten	115
kyles	115
ehrbaren	115
sehvermögen	115
luftfeuchtigkeit	115
Säcken	115
com	115
wahrzunehmen	115
helens	115
gebilligt	115
handgranaten	115
along	115
Schmalz	115
zweitbesetzung	115
hellsten	115
waschmittel	115
nachtdienst	115
verabschiedete	115
schlanker	115
haqqani	115
Monogamie	115
Disk	115
burritos	115
bewegende	115
danforth	115
sneakers	115
cyrano	115
abschlussjahr	115
loves	115
desselben	115
schwimmbecken	115
funkverkehr	115
braden	115
Unregelmäßigkeiten	115
gartenzwerg	115
sturzflug	115
sicherheitshalber	115
stoddard	115
Kubus	115
hoho	115
Medikation	115
Hospiz	115
verpetzt	115
türsummer	115
durchschaubar	115
Nymphomanin	115
gewalttätigkeit	115
zugegriffen	115
Saints	115
himmelherrgott	115
geblinzelt	115
zurechtzukommen	115
weggespült	115
sehnsüchtig	115
überquerte	115
gouverneurin	115
lucilla	115
abstrakt	115
Neuronen	115
meeks	115
eisbecher	115
herausgeholt	115
sehet	115
beame	115
schriftrollen	115
befasse	115
strafanstalt	115
permanente	115
gewagte	115
harke	115
kindliche	115
erschreckte	115
auszuhändigen	115
bewachst	115
meta	115
abgeschüttelt	115
durchleuchtet	115
festsetzen	115
pennywise	115
pda	115
hochgekommen	115
Rucksäcke	115
Patenkind	115
throat	115
individuelle	115
elodie	115
rausgestellt	115
handgelenken	115
holler	115
Fanta	115
Mongolei	115
coo	115
festgemacht	115
Hannahs	115
sinan	115
reserviere	115
fritzi	115
lerngruppe	115
weigerten	115
umweltverschmutzung	115
sicherheitssysteme	115
herc	115
unbeschädigt	115
backofen	115
streifschuss	115
rygel	115
weibsstück	115
fragwürdige	115
Moll	115
titelmelodie	115
unbeschwert	115
Ren	114
Kulturen	114
Anmelden	114
Kurse	114
Griffen	114
Ausstellen	114
Cowboys	114
Besuchst	114
puder	114
gutschein	114
kasper	114
ordner	114
tunte	114
label	114
Manifest	114
Quacksalber	114
Bände	114
Vene	114
riegeln	114
ausborgen	114
umwandeln	114
messers	114
aktualisieren	114
behüten	114
umhören	114
wüsten	114
einmarschieren	114
einwilligen	114
zicken	114
stricke	114
frontal	114
schmale	114
ritzen	114
reardon	114
vorverlegt	114
erkenn	114
beichtstuhl	114
bissig	114
lähmt	114
präsentierte	114
Empfangt	114
egoistisches	114
jobsuche	114
hansson	114
vorbeizuschauen	114
harmloses	114
spiegelei	114
Orgien	114
bauernhaus	114
mcpherson	114
shao	114
Sümpfen	114
vedek	114
fahrgestell	114
wilshire	114
sinnvoller	114
Astrologie	114
Zyniker	114
factory	114
überlebenskünstler	114
begrüß	114
prügle	114
drogensüchtig	114
eisige	114
micht	114
übersteigen	114
volksrepublik	114
dottore	114
nessi	114
autohaus	114
grabrede	114
Skeptiker	114
henriksen	114
sheri	114
Bestandteile	114
hieran	114
rammt	114
allahu	114
schriftzeichen	114
sis	114
adrienne	114
motorradfahrer	114
credit	114
übertragungen	114
footballspiel	114
fear	114
Rapport	114
zündschnur	114
teilnimmt	114
rotzlöffel	114
sauf	114
arschgeige	114
norwegisch	114
vorstrafe	114
beisetzung	114
filzläuse	114
bürogebäude	114
Gebell	114
Krautsalat	114
Kronos	114
uli	114
drehtag	114
davie	114
Schafott	114
kimball	114
Patience	114
sammelklage	114
zugesteckt	114
Norbert	114
westeros	114
Elster	114
holliday	114
Turin	114
außenstelle	114
psychotischen	114
Sätzen	114
Miezekatze	114
schaumbad	114
Videothek	114
Holding	114
Thymian	114
Vertrages	114
ausgetreten	114
aufgelauert	114
trügen	114
hurricane	114
veröffentliche	114
whip	114
regelung	114
hervorruft	114
torrance	114
zusammenbauen	114
australische	114
tischdecken	114
krabbelt	114
notbremse	114
knallharte	114
ahnten	114
zuzugreifen	114
killerin	114
trommelfell	114
Looks	114
hinzugeben	114
blamiere	114
manövrieren	114
ledige	114
eheliche	114
draufgeht	114
härtere	114
Pfandhaus	114
Lanka	114
shephard	114
sportplatz	114
soldatin	114
verberge	114
Weibsbild	114
lieblichen	114
ärmster	114
lexus	114
ungelöste	114
höllenschlund	114
kriegsgefangenen	114
Cherokee	114
Bazooka	114
ranken	114
Hartnäckigkeit	114
gillespie	114
Redlichkeit	114
rechtskräftig	114
Dopamin	114
identifiziere	114
ausgeschöpft	114
lachgas	114
überfluten	114
Trips	114
humanitäre	114
getöteten	114
landers	114
vatertag	114
brogan	114
unterbrichst	114
stillwell	114
draco	114
hinzusehen	114
bewarb	114
madden	114
eheversprechen	114
simples	114
theta	114
asha	114
verärgerte	114
todesanzeigen	114
fruchtbaren	114
zeitgleich	114
kath	114
Silhouette	114
keck	114
Trillerpfeife	114
sitzenlassen	114
schnalzt	114
ask	114
zurechnungsfähig	114
Segnen	113
Krallen	113
Ostern	113
Schmelzen	113
Erdbeeren	113
Koste	113
Drehten	113
Isolieren	113
zäune	113
umstand	113
strudel	113
fünfer	113
Hort	113
profile	113
buchs	113
empfängnis	113
terrorisieren	113
distanzieren	113
abservieren	113
leitern	113
hagel	113
verüben	113
deponieren	113
fixieren	113
gutscheine	113
entsenden	113
turnen	113
pflügen	113
blast	113
rösten	113
effektive	113
widmore	113
baseballspiel	113
erdrückend	113
kanonenrohr	113
Vaseline	113
Schnitzeljagd	113
lüftungsschacht	113
reisetasche	113
geschwitzt	113
ang	113
bemühst	113
dominguez	113
wohnort	113
auszahlung	113
chummy	113
kaminsims	113
friday	113
Sozialisten	113
zurückzutreten	113
einflüsse	113
dagwood	113
gower	113
Senders	113
afro	113
hana	113
Ravioli	113
sonnenklar	113
Arrangements	113
verblüffende	113
Trompeter	113
vizekönig	113
kühltruhe	113
anzubringen	113
joon	113
törnt	113
Einzelheit	113
realexkav	113
südpol	113
zusammenhalt	113
herausbringen	113
schutzgeld	113
fluglinie	113
einzulegen	113
wissentlich	113
briefumschlag	113
suresh	113
totenbett	113
heckenschützen	113
bloodberry	113
ehrenhafte	113
massenvernichtungswaffen	113
hölzernen	113
Leonid	113
watanabe	113
Altert	113
luftdruck	113
skaikru	113
takahashi	113
abzuknallen	113
probt	113
privateigentum	113
parkers	113
Logbücher	113
Ikea	113
dasteht	113
schlagmann	113
giftmüll	113
aurore	113
penne	113
steuereintreiber	113
kari	113
Steroiden	113
liebeserklärung	113
Kracher	113
Tschernobyl	113
googeln	113
wichtigem	113
ramone	113
imogene	113
pinkman	113
autobahnen	113
verklag	113
Haller	113
cod	113
grange	113
heimwerkerking	113
kohlendioxid	113
bezahlter	113
Reißzähne	113
soviele	113
baileys	113
boon	113
bunchy	113
Grausamkeiten	113
bück	113
bumse	113
site	113
schütz	113
Jordans	113
geschäftsbeziehung	113
Spazierengehen	113
Trakt	113
veranlagung	113
ringrichter	113
Heisenberg	113
frühstücksflocken	113
tschechisch	113
Steffen	113
seltsamsten	113
mila	113
daye	113
verliebter	113
beichtvater	113
schnipp	113
beginnend	113
Spelunke	113
denham	113
halluziniere	113
enterbt	113
rebecka	113
richterliche	113
brubaker	113
barmherziger	113
oona	113
ek	113
überdacht	113
Elektroden	113
Oboe	113
heimwerkerkönig	113
beschmiert	113
abhebt	113
überraschungsmoment	113
nebensächlich	113
aufhalte	113
tabitha	113
Zugänge	113
gefundenes	113
Avancen	113
enoch	113
laertes	113
glockenschlag	113
waere	113
klitzekleinen	113
mechanisch	113
ungehindert	113
verschließ	113
landezone	113
bardot	113
ruhelos	113
australischen	113
theatralisch	113
unterstellung	113
großpapa	113
Neulinge	113
hinterlistig	113
clumsy	113
ehrung	113
reaper	113
befiehlst	113
kriechst	113
großmutters	113
verständlicherweise	113
lucys	113
abschließt	113
vermuteten	113
befummelt	113
tino	113
Stimulation	113
boyer	113
werbekampagne	113
höllenloch	113
ponyo	113
trampen	113
enthüllungen	113
Ecuador	113
Anbruch	113
tomasz	113
indianerin	113
gesinnt	113
Normannen	113
katholikin	113
Irisblende	113
unangekündigt	113
Geschicklichkeit	113
weihnachtsessen	113
mariano	113
verunreinigt	113
bellas	113
ansahen	113
Studiums	113
Aufbewahren	112
Bewältigen	112
Davonlaufen	112
Klima	112
Befriedigen	112
Putzt	112
Kampfes	112
Grades	112
Würdigen	112
kollektiv	112
automobil	112
orgel	112
vitamin	112
brühe	112
diskette	112
Posaune	112
Umbau	112
Igel	112
Konkurs	112
durchgeben	112
kongresses	112
theaters	112
dünnem	112
hinschmeißen	112
wühlt	112
schätz	112
abwägen	112
rappen	112
etablieren	112
zurückgreifen	112
exklusiven	112
aufhebens	112
rittern	112
flechten	112
spritzte	112
dürren	112
mustern	112
dow	112
krebse	112
mailen	112
kaltem	112
stimulieren	112
gedenkst	112
paddel	112
panzern	112
geburten	112
abbrennen	112
prestige	112
anreden	112
windes	112
mobilen	112
trude	112
Zähneputzen	112
intuitiv	112
beaucoup	112
reinplatze	112
autorisierung	112
herzblatt	112
Bnd	112
Menelaos	112
gemeißelt	112
abgelassen	112
wonka	112
Peak	112
opera	112
vorstoß	112
fragebogen	112
vermisster	112
Ägyptens	112
Jux	112
parry	112
geldsorgen	112
älteres	112
kahlen	112
tagesablauf	112
capricorn	112
führungskraft	112
siamesische	112
Nielsen	112
Apfelmus	112
wortlaut	112
herausgegeben	112
geschäftsmänner	112
Sekretariat	112
Analysten	112
Saskia	112
Montmartre	112
Smaragd	112
polizeibehörde	112
spräche	112
fancy	112
ebba	112
blutend	112
mehrfache	112
zurückzieht	112
verschissen	112
ekliger	112
nyberg	112
rj	112
riskante	112
strikes	112
Unzen	112
bushrod	112
außenpolitik	112
dingfest	112
caulfield	112
angelockt	112
feldherr	112
ersetzte	112
caspere	112
Dominanz	112
piece	112
umentschieden	112
bestehend	112
verkleidete	112
heikles	112
ausführungen	112
quäl	112
Pfeifton	112
rüttelt	112
Korridore	112
sklavenhändler	112
goldjunge	112
though	112
harken	112
canary	112
akzeptier	112
Cabaret	112
wiedervereint	112
haarausfall	112
ethische	112
Paradoxon	112
Guineen	112
blutgeld	112
Metzgerei	112
goddard	112
kribbelt	112
Bertin	112
gedankenkontrolle	112
kollateralschäden	112
Misthaufen	112
jago	112
Lincolns	112
spenser	112
krankenkasse	112
masuka	112
moralisches	112
aeon	112
Reptil	112
resort	112
wahnhaft	112
einladend	112
erstach	112
verglich	112
blythe	112
atemzüge	112
beherrsch	112
pyjamaparty	112
erzwungen	112
menschenopfer	112
Würger	112
begehrenswert	112
strohhalme	112
schweinehunde	112
papiertüte	112
astra	112
mitgerissen	112
eroberungen	112
oberflächliche	112
rauszuschmeißen	112
altmann	112
amtierende	112
stürmischen	112
hosenträger	112
hathaway	112
gequetscht	112
unkontrollierbar	112
Rechtsstreit	112
credits	112
kirkland	112
unbezahlte	112
zeitzünder	112
chirurgisch	112
zurückzuerobern	112
predige	112
erblüht	112
belgischen	112
erneuten	112
zurückgeschlagen	112
dienstwaffe	112
squire	112
midland	112
parkbank	112
barstow	112
schülerzeitung	112
sexualleben	112
nid	112
Aufklärer	112
Dagmar	112
dharma	112
extravagant	112
nervösen	112
Warterei	112
vikram	112
Hähne	112
auszog	112
annapolis	112
nachdachte	112
meal	112
zurückbringe	112
Ephraim	112
Plattfuß	112
kneif	112
wahrnimmt	112
mieseste	112
abschreckung	112
coolsten	112
kleinkinder	112
mercia	112
vitalfunktionen	112
Trocknen	111
Hüpfen	111
Gerichts	111
Matrosen	111
Schnarcht	111
Antiquitäten	111
Wandert	111
Hormone	111
Brenne	111
Sticht	111
Zurückbleiben	111
muschel	111
effizienz	111
spanner	111
Symphonie	111
Tuberkulose	111
Löhne	111
Zusatz	111
gehänselt	111
fresst	111
julies	111
ausbeuten	111
durchkreuzen	111
zwölften	111
sektoren	111
simse	111
botschafters	111
aufrichten	111
aufzieht	111
früchtchen	111
schmierig	111
personalausweis	111
terje	111
inhaftierung	111
Minutes	111
beckham	111
opfergabe	111
ausländerin	111
improvisiere	111
verwandelten	111
stine	111
gilly	111
akron	111
Alberts	111
rockstars	111
ausbezahlt	111
blackwell	111
departments	111
weiterzuführen	111
aufgetaut	111
selbsthass	111
einzigartiger	111
wainwright	111
jiang	111
artur	111
halstead	111
kinderbett	111
drehbuchautor	111
Begehrst	111
Kontamination	111
hinterhältigen	111
Papaya	111
bucks	111
sternbild	111
toa	111
saßt	111
consuela	111
unpraktisch	111
bewusste	111
mardi	111
Nussknacker	111
trara	111
altmodischer	111
Mallorca	111
bussi	111
soong	111
forscht	111
bestattet	111
felice	111
blanke	111
Produktivität	111
nervtötend	111
visuell	111
mittelalterlichen	111
rettungsdienst	111
Barrieren	111
behandlungsraum	111
Fantasiewelt	111
rumtreibt	111
Meerwasser	111
zufriedener	111
pemberton	111
Vöglein	111
wohlhabender	111
banning	111
ene	111
theoretische	111
Angeberei	111
bootsfahrt	111
testpersonen	111
jurij	111
hogwarts	111
nachzukommen	111
überrede	111
Grauzone	111
zwielichtige	111
totalschaden	111
merton	111
liebesgeschichten	111
mitteilungen	111
verwirrter	111
Satin	111
starthilfe	111
Judo	111
User	111
abgeraten	111
betroffene	111
Kotelett	111
Hollywoods	111
flugfeld	111
thought	111
Terrier	111
eiserner	111
fremdgegangen	111
Macao	111
mclane	111
unerwünschte	111
Schweitzer	111
younger	111
vorwiegend	111
drogengeschäft	111
Sardellen	111
verarbeitung	111
anprobiert	111
kämpfend	111
innerstes	111
moines	111
shimada	111
marshmallow	111
ausgewählte	111
wöchentlichen	111
Stadien	111
inwieweit	111
Scherbe	111
cosby	111
wickle	111
kunstgalerie	111
Herodes	111
hässlichste	111
schätzungsweise	111
Exodus	111
geräumig	111
aufrechte	111
überlebenschancen	111
its	111
kao	111
Testaments	111
halsabschneider	111
drogenfahnder	111
danner	111
Seligkeit	111
einzugrenzen	111
sprechender	111
vollständiger	111
guide	111
bleibenden	111
geisteskranken	111
reguliert	111
leberfleck	111
überdreht	111
woolsey	111
Artemis	111
javadi	111
Annemarie	111
farbenblind	111
enttäusch	111
Kita	111
Panzerung	111
tariq	111
jacs	111
nobler	111
Annes	111
kreuzigung	111
sendezeit	111
fliegendes	111
Ansprüchen	111
Göran	111
trübt	111
subaru	111
fenton	111
dragonfly	111
Kabeljau	111
verwirkt	111
fragwürdigen	111
Stratege	111
besänftigt	111
geschäftsführung	111
Joch	111
surrey	111
pollack	111
lemmy	111
mutiges	111
jolie	111
poor	111
pinken	111
Traumata	111
birk	111
weitererzählen	111
larsson	111
beinarbeit	111
Geschissen	110
Schwelle	110
Kühlen	110
Angriffen	110
Zurückfahren	110
Besetzen	110
Kreuzen	110
Terrorismus	110
Unterrichte	110
Link	110
Schiefgehen	110
Erleiden	110
Reife	110
Staubsauger	110
Projekte	110
Kopieren	110
klammer	110
ethik	110
einstieg	110
trumpf	110
lack	110
Eingabe	110
zudrücken	110
defekte	110
einteilen	110
balkan	110
andromeda	110
kostümen	110
wirbeln	110
akkorde	110
schnuppern	110
tüchtiger	110
vandal	110
eisenwarenladen	110
muffy	110
Zecke	110
mondstein	110
wilfred	110
Rhodos	110
funkverbindung	110
heimzukommen	110
Kinderchen	110
vereidigt	110
Hornhaut	110
brustschmerzen	110
anatoly	110
angsthasen	110
ferngesteuert	110
interagieren	110
verstörende	110
Pavian	110
runner	110
beagle	110
fallschirmjäger	110
andorianer	110
ersatzreifen	110
tall	110
nimmerland	110
lain	110
later	110
suicide	110
längerem	110
quadratkilometer	110
nona	110
forstman	110
medford	110
andri	110
vizekanzler	110
begruben	110
spannenden	110
kitzlig	110
erwägt	110
Wettest	110
Mexikos	110
allererstes	110
produzierte	110
neolution	110
Schah	110
gemini	110
Brezel	110
ekelhaften	110
Belangt	110
ginsberg	110
Chevrolet	110
tte	110
masha	110
enthusiastisch	110
umdrehungen	110
öfteren	110
übermüdet	110
hinreißende	110
abschussliste	110
küsser	110
nachgelaufen	110
farrah	110
Hälse	110
Lokführer	110
maisie	110
hinsieht	110
dolce	110
Armani	110
Spielerei	110
perlenkette	110
engste	110
fantasieren	110
lächerliches	110
nagelneu	110
brennstoff	110
Schrot	110
volm	110
roe	110
klägerin	110
zulassungsstelle	110
erdrutsch	110
Kaugummis	110
Lyons	110
Rebeccas	110
Standby	110
flugobjekt	110
schüchterne	110
höllenhund	110
goss	110
odda	110
Galeere	110
hemmungslos	110
Accessoires	110
egoistischen	110
verteil	110
zurückkriegen	110
hinkriegt	110
Parmesan	110
panzerwagen	110
zeitsprung	110
fleißige	110
ländlichen	110
verhütung	110
strickland	110
Itaker	110
kreuzritter	110
fahrradfahren	110
chewie	110
generalstab	110
stränge	110
uniformierten	110
woodman	110
entsprungen	110
Keyboard	110
sonnenbrillen	110
herausschneiden	110
verwöhnst	110
guns	110
schiffshorn	110
Klee	110
redfern	110
Gerrit	110
befragten	110
stans	110
Arier	110
adliger	110
tar	110
führender	110
filmgeschäft	110
verkehrskameras	110
sparbuch	110
nachtleben	110
Irmgard	110
ungezogener	110
Mongolen	110
bag	110
beteilige	110
bekehrt	110
fahrzeugpapiere	110
treibend	110
persischen	110
duckt	110
gewappnet	110
prahlt	110
buenas	110
Konsumenten	110
rumtreiben	110
pendragon	110
bleichgesicht	110
Lund	110
Transmission	110
danes	110
verbissen	110
temps	110
eigenmächtig	110
Joplin	110
fahrersitz	110
Parodie	110
primo	110
tonbandgerät	110
cammie	110
Ministeriums	110
rahul	110
Imhotep	110
schwül	110
wynn	110
rafi	110
japoness	110
hauptgrund	110
bevölkert	110
Unters	109
Prüfe	109
Renne	109
Wegkommen	109
Verabreden	109
Späten	109
Argumente	109
Fehlern	109
Gutachten	109
Endlos	109
Klarmachen	109
Gummi	109
Fluchen	109
dichte	109
tausender	109
protein	109
pseudonym	109
rebell	109
amme	109
lehm	109
Spule	109
Schall	109
Abendmahl	109
Barsch	109
Grammatik	109
Schauer	109
systemen	109
plappern	109
konsum	109
dünnes	109
standorte	109
rebellieren	109
geradestehen	109
versteigern	109
ausruf	109
aussaugen	109
zurücksetzen	109
reproduzieren	109
kollabieren	109
fortschritts	109
hungert	109
dufte	109
Fiat	109
allerwenigsten	109
Java	109
Paraguay	109
roche	109
bedeuteten	109
bergsteigen	109
alessandra	109
Entlein	109
ohlsson	109
renaud	109
Symmetrie	109
eiskalten	109
kollisionskurs	109
löwenzahn	109
abendnachrichten	109
niedrigste	109
Trägheit	109
Lerche	109
restlos	109
Mistkäfer	109
abzufeuern	109
weltkrieges	109
iange	109
io	109
wanted	109
Spaniern	109
loyalen	109
Schmeichelei	109
tap	109
Flair	109
ofelia	109
wegwerfhandy	109
blaster	109
Begebenheit	109
kun	109
drazi	109
bewirbt	109
hauptgericht	109
nordmänner	109
vorsteher	109
Fc	109
teng	109
argos	109
Sony	109
dab	109
Leviten	109
mea	109
geschwungen	109
Prämien	109
gütigen	109
sozialversicherung	109
pflegefamilien	109
chorgesang	109
leona	109
reinwerfen	109
aufzuladen	109
saturday	109
Julienne	109
reingehe	109
sozialistischen	109
marleen	109
feurigen	109
einbrach	109
colson	109
einschränkung	109
üblicher	109
fane	109
Racheakt	109
glorreicher	109
rassistischen	109
Laudanum	109
klarkomme	109
remo	109
Säugetiere	109
milder	109
Coca	109
herzzerreißend	109
Poncho	109
mitchum	109
lateinischen	109
frye	109
kaylee	109
durchkreuzt	109
erwiderte	109
besenkammer	109
lyta	109
ranlassen	109
aang	109
sandsturm	109
verschmutzung	109
Rotznase	109
äußerungen	109
peggotty	109
erwarb	109
rodgers	109
Bolschewiken	109
smoak	109
alive	109
pap	109
damar	109
moralpredigt	109
unersättlich	109
huntley	109
Strychnin	109
Liedes	109
lol	109
unorthodox	109
gekko	109
nachgeschlagen	109
fortwährend	109
ausgeweidet	109
riesengroße	109
cassio	109
jungle	109
Kranich	109
Coupons	109
ungarische	109
familiensache	109
polin	109
anfänge	109
anerkennt	109
trina	109
awesome	109
schuhkarton	109
fehlendes	109
längerer	109
Kohldampf	109
Eunuch	109
angebrochen	109
unvergessliche	109
flüchteten	109
sitzordnung	109
thaddeus	109
unanständiges	109
gesicherten	109
Bedrängnis	109
janna	109
beschenkt	109
Victorias	109
signalisiert	109
nimmermehr	109
kratzte	109
nonstop	109
eingehend	109
Future	109
jut	109
rockige	109
Spezifikationen	109
versicherungsgesellschaft	109
Innovation	109
sinnliche	109
unternehmung	109
Katalysator	109
zugbrücke	109
kimmel	109
heimkomme	109
om	109
khaleesi	109
eisbär	109
äm	109
jeffersonian	109
Ausrufezeichen	109
zoes	109
auszuwischen	109
königsmund	109
erwischst	109
Maiden	109
Pontius	109
Katapult	109
boulogne	109
famos	109
Erzieher	109
bewunderst	109
kirchenglocke	109
Mexikanern	109
Boshaftigkeit	109
erschütterung	109
muck	109
starterlaubnis	109
schachfigur	109
hirntot	109
Christel	109
midori	109
Schwing	108
Brücken	108
Überschreiten	108
Versenken	108
Fördern	108
Beerdigen	108
Zoom	108
Brillante	108
Brachen	108
Spiels	108
Hinnehmen	108
Belegen	108
Schauspielern	108
Murmeln	108
umfrage	108
tastatur	108
marmor	108
knicks	108
hieb	108
lawine	108
Asphalt	108
Renner	108
Zensur	108
nachlaufen	108
düsen	108
betts	108
gebildete	108
stresst	108
verhängen	108
schaun	108
vereiteln	108
aussenden	108
ausbauen	108
dirigieren	108
rohren	108
schmier	108
überrumpeln	108
abstinenz	108
blöken	108
steppen	108
mindern	108
bannen	108
priesters	108
weinten	108
heilte	108
eichen	108
gelenke	108
blinken	108
bündeln	108
annähen	108
kleb	108
zutreffen	108
wachse	108
zermalmen	108
nano	108
arbeitskraft	108
straßenräuber	108
Staffelfinale	108
schlauste	108
törichten	108
baratheon	108
shall	108
stocksauer	108
wee	108
rackham	108
schüttete	108
hinfährt	108
Klans	108
abzocken	108
ethischen	108
schnellere	108
chloes	108
Transvestiten	108
hackman	108
fünftausend	108
Hosts	108
Titelseiten	108
leung	108
tierische	108
undankbaren	108
statusbericht	108
Pennern	108
knöpfchen	108
bluttransfusion	108
observierung	108
wegzufahren	108
Geigerzähler	108
necken	108
bemühte	108
hofmann	108
besserungsanstalt	108
lebenserhaltungssystem	108
Verfechter	108
ander	108
eingeengt	108
einschließt	108
homecoming	108
gegnerischen	108
teuflisches	108
Maschinerie	108
sonnenstrahlen	108
leibhaftig	108
Fried	108
spendier	108
carstairs	108
alcide	108
trojanisches	108
Streichelzoo	108
auslöschung	108
mouna	108
lieferservice	108
kostbarer	108
lions	108
Geheimnistuerei	108
hereinlassen	108
cates	108
evangelina	108
ungewollt	108
Helix	108
Honduras	108
misshandlungen	108
alexi	108
middle	108
teuflischer	108
apfelwein	108
redefreiheit	108
abgibst	108
blinzelt	108
herausgeschnitten	108
Foxtrott	108
angesammelt	108
Warze	108
lesley	108
Missbrauchte	108
Maggies	108
hüh	108
abgekratzt	108
kürzesten	108
Drückeberger	108
montagabend	108
Teddys	108
Strahlte	108
eintrafen	108
Richtigkeit	108
klatschnass	108
odie	108
acosta	108
untote	108
vorratskammer	108
Reproduktion	108
zuschüsse	108
vorzieht	108
fotografierte	108
tatum	108
Knutschfleck	108
familienangelegenheiten	108
schleimige	108
kooperiere	108
gierige	108
Bäuchlein	108
nates	108
abrücken	108
regierte	108
hernando	108
Anführers	108
Soziologie	108
leach	108
sammelpunkt	108
flugblatt	108
vanity	108
tic	108
Keksdose	108
alltägliche	108
Molekül	108
Demokrat	108
Burgund	108
tintin	108
schädeltrauma	108
versaute	108
beträchtlichen	108
reza	108
caution	108
Vespa	108
witzigen	108
rausgegeben	108
märchenprinz	108
übergewicht	108
herkamst	108
Stickerei	108
plastiksprengstoff	108
avengers	108
ostseite	108
scheußliches	108
Pullis	108
schuldirektor	108
doppelbett	108
kampfstationen	108
Webcam	108
Koteletts	108
Klaustrophobie	108
zerrte	108
monatlichen	108
problemchen	108
rawlins	108
Köhler	108
bereiteten	108
pragmatisch	108
vermache	108
unterbrach	108
zustimmst	108
Notizblock	108
drazen	108
Desserts	108
engl	108
vollzug	108
boise	108
ramm	108
Beschleuniger	108
keusch	108
pollard	108
armseliges	108
Goya	108
maik	108
Urknall	108
davonläuft	108
Templer	108
vernichtend	108
energreen	108
kassettenrekorder	108
Geizkragen	108
nous	108
Habseligkeiten	108
chemischer	108
Kaschmir	108
altstadt	108
überlegten	108
unterging	108
vorzufinden	108
lora	108
glitschig	108
neuland	108
Kleidern	107
Systems	107
Entschlüsseln	107
Double	107
Massen	107
Asien	107
Kopiert	107
Kauften	107
Fickst	107
Entfliehen	107
Klick	107
Demütigen	107
konzern	107
magnet	107
Faser	107
Programmierer	107
Magister	107
Akademiker	107
Gehäuse	107
schisser	107
sabbern	107
aufzwingen	107
dankte	107
zwergen	107
verwahren	107
währen	107
ärgerte	107
übertragenen	107
steuere	107
bescheidenes	107
geschlechter	107
untermauern	107
schmelze	107
gurte	107
gieße	107
tränken	107
verbarrikadieren	107
lehrten	107
verleihe	107
siebzig	107
momento	107
morgenstunden	107
Vorspeisen	107
Wächtern	107
ungeklärten	107
aufgehetzt	107
genehmigte	107
schulkinder	107
Botox	107
sona	107
Fertigkeiten	107
polizeipräsidenten	107
Äthiopien	107
hani	107
Sirius	107
schmerzensschrei	107
aktenschrank	107
weitgehend	107
meistgesuchten	107
nobu	107
schlichtweg	107
drogenbehörde	107
schneeflocke	107
philo	107
hays	107
handelskammer	107
läute	107
martinsson	107
cushing	107
nirvana	107
hull	107
penisse	107
ähnlichem	107
spielfilm	107
triftigen	107
Danzig	107
Flandern	107
abzutreten	107
production	107
dauerwelle	107
Divisionen	107
Wagon	107
größenwahn	107
tals	107
betsey	107
kee	107
fallschirmspringen	107
buon	107
Kasachstan	107
erzittern	107
Patronenhülse	107
jamaica	107
opernmusik	107
kneifst	107
bedeutendsten	107
namenlosen	107
achmed	107
spaltet	107
rausspringen	107
euern	107
Trostpreis	107
feststeht	107
strix	107
takumi	107
Stipendien	107
ehebrecher	107
sweetie	107
Schnepfe	107
spezialeinheiten	107
blumenkohl	107
plastischen	107
seitwärts	107
getilgt	107
liebesaffäre	107
sometimes	107
erkundet	107
ledoux	107
plattenvertrag	107
oxy	107
mordprozess	107
entwerfe	107
bildhübsch	107
beaufsichtigt	107
brotkrumen	107
wettervorhersage	107
maßstäbe	107
schränkt	107
Zampano	107
neugieriger	107
kontaktaufnahme	107
aufhörten	107
erhaltet	107
aufnimmst	107
teekessel	107
unverzichtbar	107
Legat	107
leonards	107
sten	107
taschenrechner	107
Hampelmann	107
zentralbank	107
Portale	107
staatsgrenze	107
Rowdy	107
jc	107
überträger	107
überraschungsangriff	107
hachi	107
Rotterdam	107
schützengräben	107
ewa	107
Indigo	107
irisch	107
schändliche	107
schsch	107
Respekts	107
teleportieren	107
miyuki	107
scheinchen	107
kaputtgehen	107
Konklave	107
davonkommt	107
Kamikaze	107
entließ	107
starrköpfig	107
rolltreppe	107
Odins	107
breitengrad	107
nebeneffekt	107
skylar	107
fouquet	107
Verführer	107
aung	107
deputies	107
unschätzbarem	107
umgehst	107
carm	107
schlanke	107
Laboratorium	107
tobe	107
herzschrittmacher	107
Plakette	107
Dumas	107
Soundtrack	107
Abgeschiedenheit	107
Horus	107
virgilia	107
Merlotte	107
Posen	107
beschädigung	107
hochging	107
abgeräumt	107
ausgefallenes	107
geary	107
pau	107
Grimassen	107
unverkäuflich	107
Fotoshooting	107
sprengsätze	107
zerbrochenes	107
jacoby	107
weiterlebt	107
Margit	107
betreffenden	107
heutiges	107
eight	107
emory	107
aussteigt	107
Würfe	107
verstrichen	107
Bekanntschaften	107
Truthähne	107
zugebracht	107
lanes	107
matts	107
anzuzweifeln	107
ernähre	107
revere	107
klagte	107
vorurteilen	107
Ruhms	107
kolumbianischen	107
zwielichtigen	107
Begebenheiten	107
vollstrecken	107
unbedeutender	107
aufspringen	107
verdampft	107
vordersitz	107
Aggressivität	107
wohlhabende	107
Chiropraktiker	107
drängst	107
rumkommandieren	107
Qualmt	107
Bunde	107
muskulös	107
argwöhnisch	107
uhrmacher	107
udon	107
scorpion	107
Teilte	106
Einleiten	106
Gelder	106
Demonstrieren	106
Vereinbaren	106
Tranken	106
Vatikan	106
Sausen	106
Schwitzt	106
Freiwilligen	106
Kreise	106
Entschärfen	106
fächer	106
fläche	106
tropf	106
prognose	106
inhaber	106
auflage	106
Diagramm	106
Ausstieg	106
Direktive	106
krönen	106
dielen	106
vermarkten	106
organen	106
verdachts	106
tisches	106
funkt	106
mangeln	106
schmusen	106
nachempfinden	106
spitzt	106
käfigen	106
harve	106
Prozession	106
bandbreite	106
reinzulassen	106
Elsbeth	106
einsatzkräfte	106
Freundeskreis	106
bellefleur	106
umsehe	106
Regeneration	106
bedauerst	106
finanzberater	106
Singularität	106
Konzil	106
gedächtnisschwund	106
erkrankungen	106
sündhaft	106
erinnerungsvermögen	106
epstein	106
kindische	106
nachthimmel	106
kühlwalda	106
kubanischen	106
schwachsinnigen	106
südstaaten	106
gegenschlag	106
närrisch	106
Nachahmungstäter	106
boaz	106
norad	106
Ausgeburt	106
shotgun	106
stinger	106
Sternenhimmel	106
Finte	106
beauchamp	106
geschrubbt	106
zurückfinden	106
nguyen	106
allgegenwärtig	106
romulanische	106
Nacktfotos	106
Pinkelst	106
racer	106
enttäuschte	106
Walküre	106
abgeführt	106
Neurologe	106
kleidungsstück	106
schwules	106
schlüsselbund	106
draufsetzen	106
Bulldogge	106
huste	106
festgefahren	106
sportliche	106
milf	106
Mösen	106
schuhladen	106
Jupp	106
Bräuten	106
Kalium	106
delacroix	106
pembroke	106
Trunkenbold	106
zusammenlegen	106
gebildeter	106
billigste	106
schnuppert	106
frier	106
abzudrücken	106
schmückt	106
ansprechpartner	106
kaminski	106
drogenabhängige	106
wiedererlangt	106
precious	106
nachtschatten	106
Instanz	106
indianischen	106
munch	106
herzschmerz	106
verschmäht	106
selby	106
pflichtgefühl	106
Funde	106
Torso	106
homosexueller	106
number	106
überwachungssystem	106
verwöhntes	106
Himalaya	106
fra	106
aufzuwärmen	106
gruppenführer	106
Pontiac	106
Geschichtenerzähler	106
verjährt	106
beaver	106
Tullius	106
freilässt	106
mene	106
Füßchen	106
above	106
buds	106
Hobbit	106
erfinderisch	106
Eber	106
verheddert	106
poughkeepsie	106
verhüllt	106
Croupier	106
hausdurchsuchung	106
Geheule	106
einwanderung	106
Möpsen	106
Biochemie	106
Schergen	106
laufburschen	106
calvert	106
geduldiger	106
eheleben	106
nachzuweisen	106
Uri	106
geschrottet	106
crickett	106
faszinierender	106
Charts	106
einstürzt	106
kille	106
gestattest	106
verspürte	106
sonstige	106
Echelon	106
brandneues	106
kühner	106
auffrisst	106
peacekeeper	106
sicherheitsprotokolle	106
eismaschine	106
prachtexemplar	106
verrostet	106
ministerpräsidenten	106
reinspazieren	106
robson	106
cosette	106
unzureichend	106
Missionar	106
heylia	106
zelig	106
schrittweise	106
Trapper	106
vornehmer	106
tobey	106
thorndyke	106
komtess	106
einzuweihen	106
zugebe	106
triumphiert	106
bemerkenswertes	106
müllsack	106
Besonderheit	106
auswischen	106
ronin	106
gesetzloser	106
modernsten	106
Wolfes	106
Armin	106
Quarks	106
mylene	106
hilfskraft	106
Spoiler	106
wirbt	106
minenarbeiter	106
Paddington	106
macleod	106
Wachteln	106
Malheur	106
selbstgerecht	106
imponiert	106
rasant	106
hofrat	106
schadest	106
arbeitsmoral	106
laborratte	106
entgegenzunehmen	106
verfehlte	106
rath	106
runterschlucken	106
Manne	106
Absinth	106
gordy	106
geringeres	106
vertrat	106
heldenhaften	106
überfordern	106
todesfällen	106
abgestattet	106
Jerrys	106
yeung	106
befangen	106
cochrane	106
Jachthafen	106
vilma	106
Claudine	106
platonisch	106
geilste	106
Fetzen	105
Blute	105
Notieren	105
Erwidern	105
Lokalisieren	105
Beschatten	105
Wohnten	105
Nachschauen	105
Verkleiden	105
Englands	105
Reparaturen	105
etikett	105
aktie	105
tratsch	105
bilanz	105
Karawane	105
Hohn	105
Galle	105
Fanfare	105
Immobilie	105
Weihe	105
röcheln	105
verfahrens	105
prallen	105
dschungels	105
streckte	105
einreißen	105
replizieren	105
staats	105
umbauen	105
defensiv	105
originalen	105
verzeichnis	105
schluckst	105
traums	105
abschieben	105
niederlegen	105
Ritas	105
Android	105
Konvent	105
lakewood	105
jippie	105
jacuzzi	105
Schwerelosigkeit	105
Schüchternheit	105
zuckerschlecken	105
unbeständig	105
Lanzen	105
Berserker	105
hinzuhalten	105
eventuelle	105
postleitzahl	105
brennender	105
studentenverbindung	105
peanuts	105
erfundenen	105
mündlich	105
desorientiert	105
gescheut	105
schmollst	105
kenshin	105
spürhund	105
Hepburn	105
command	105
getrost	105
Heimlichtuerei	105
hochtouren	105
everlasting	105
baustellen	105
zugeworfen	105
mcgregor	105
Sequenzen	105
vermögend	105
abgemurkst	105
befolgte	105
Primus	105
Phrase	105
zerknittert	105
prentice	105
wanja	105
kirkman	105
zielgebiet	105
Schadenfreude	105
ronaldo	105
blaulicht	105
abkommandiert	105
hammermäßig	105
arbeitsweise	105
gesänge	105
sad	105
bombendrohung	105
großaufnahme	105
thin	105
hallam	105
spab	105
Pentagramm	105
erschütternd	105
auswählt	105
verehrtes	105
vorantreiben	105
pint	105
zermalmt	105
zurückhält	105
raustragen	105
systolisch	105
Buddhismus	105
kränkt	105
mitansehen	105
Bostoner	105
Carsten	105
markierten	105
pipers	105
rausgesucht	105
messdiener	105
wertloser	105
abspritzen	105
Krakau	105
babygeschrei	105
wahltag	105
wichtigeren	105
Mohn	105
weitermache	105
Uganda	105
ungewissen	105
sogenannter	105
unterste	105
larrabee	105
arbeitsloser	105
derevko	105
Komik	105
glückskeks	105
Planetarium	105
punktestand	105
unabhängigkeitstag	105
matthieu	105
herumgelaufen	105
Sakrileg	105
cranston	105
shinji	105
erbracht	105
autoreifen	105
lanie	105
nachschenken	105
augenscheinlich	105
Salbei	105
südostasien	105
freuten	105
Regentschaft	105
krüge	105
quiche	105
handsome	105
Beständigkeit	105
Inhalte	105
Chirac	105
ungebunden	105
offenbarte	105
überstimmt	105
dosenöffner	105
hergelockt	105
staatssicherheit	105
öh	105
leberwurst	105
gefahndet	105
gogo	105
bestritten	105
ermittlerin	105
claim	105
Finanzierte	105
backpulver	105
krista	105
robot	105
mart	105
mate	105
eingesackt	105
körperflüssigkeiten	105
schätzungen	105
zugespielt	105
rusk	105
Geheimniskrämerei	105
bestünde	105
ausgefallene	105
essbares	105
Romulanern	105
ausnahmslos	105
hopes	105
seelenverwandten	105
strengstens	105
stutzig	105
veranlasste	105
forschungsabteilung	105
beängstigende	105
djs	105
canning	105
lydgate	105
halbblut	105
ito	105
doppelgängerin	105
shari	105
mondlandung	105
mittwochabend	105
cosgrove	105
notfällen	105
frosty	105
jimmie	105
zusammengelegt	105
callum	105
bodentruppen	105
mitgeholfen	105
Alkoholismus	105
selbstkontrolle	105
scarface	105
einzahlung	105
Muskete	105
miserable	105
ortungsgerät	105
zumeist	105
vernascht	105
weggelassen	105
befürchtung	105
Stuten	105
schnippisch	105
retrovirus	105
heilbar	105
gedatet	105
horseman	105
hirnschäden	105
Anger	105
meditiert	105
umgefahren	105
fluchtwagen	105
Nahaufnahmen	105
niedergestreckt	105
erträglicher	105
Beton	104
Ausreichen	104
Ballons	104
Wagens	104
Blutes	104
Trab	104
Hetero	104
Verlassenen	104
Trockenen	104
Gespenster	104
Dreien	104
Ichs	104
Fülle	104
Überholt	104
Platzieren	104
Parteien	104
Lindern	104
clique	104
kleber	104
ameise	104
zwiebel	104
rhein	104
sucher	104
schuster	104
blech	104
Hierarchie	104
Trampel	104
Pappe	104
wedeln	104
bikinis	104
archive	104
gemachte	104
wiederhol	104
beglücken	104
buddeln	104
tadel	104
ellens	104
minimieren	104
erbringen	104
eingriffe	104
robotern	104
lieferten	104
streiks	104
diskreditieren	104
nachfüllen	104
schärfen	104
glitzer	104
burgen	104
guthaben	104
filmten	104
achseln	104
drucke	104
lehrers	104
designs	104
nachdruck	104
befehligen	104
tuten	104
registriere	104
abhaue	104
maulwürfe	104
gets	104
anzumelden	104
bezwingt	104
sünderin	104
griggs	104
cecilie	104
aufwartung	104
lichtblick	104
Aubergine	104
Knorpel	104
rumzukriegen	104
eingeschlichen	104
zeitreisender	104
gigantischer	104
luftzug	104
geprahlt	104
cohn	104
fleischfresser	104
Auktionator	104
blutvergiftung	104
ashby	104
thompsons	104
masao	104
staatsgewalt	104
convention	104
langweilte	104
aufreißt	104
gard	104
turnbull	104
Gekicher	104
drogengeld	104
Aussetzer	104
wohltat	104
Erbauer	104
verarbeite	104
Hollander	104
dreitausend	104
schlüsselanhänger	104
each	104
giftstoffe	104
rausprügeln	104
schriebst	104
rückerstattung	104
eingebettet	104
ereilt	104
Thais	104
erbrochen	104
Bringer	104
gabt	104
Sägemehl	104
bellini	104
telefongespräche	104
einkaufszentren	104
kritisiere	104
keilriemen	104
majestic	104
dienstleistungen	104
Sorbonne	104
Projektil	104
vans	104
Krypta	104
thrace	104
schlaflosen	104
roys	104
infantin	104
Sofas	104
dietz	104
geknüpft	104
Eph	104
begrabt	104
tatorts	104
herrisch	104
jakey	104
beeinflussung	104
individuell	104
styles	104
weltbank	104
Kurator	104
maultiere	104
masaki	104
spitzenklasse	104
auftrat	104
nesbitt	104
schwellungen	104
kriegszeiten	104
atomaren	104
Mcdonalds	104
reguläre	104
Besitzers	104
unternehmungen	104
holländischen	104
lieutenants	104
daria	104
verheimliche	104
telefonzentrale	104
startest	104
Sohnemann	104
caris	104
tanny	104
epinephrin	104
todesstoß	104
Grete	104
dienstwagen	104
dauphin	104
Verputzt	104
ungewisse	104
dankbarer	104
Klassenbeste	104
newt	104
dominant	104
until	104
Späßchen	104
morbide	104
Kalbfleisch	104
gutsherr	104
Aufhänger	104
Konstellation	104
cindi	104
momentane	104
Theon	104
knochenbrüche	104
heintje	104
hoss	104
barmherzige	104
privatdetektive	104
landkreis	104
erstausgabe	104
Romanzen	104
vorgefahren	104
simcoe	104
victoire	104
eingeschläfert	104
zerreiß	104
wegzusperren	104
prozac	104
freigestellt	104
exeter	104
cube	104
ohnezahn	104
leugnest	104
erstanden	104
ereignisses	104
kreatives	104
aufnahmegerät	104
leann	104
apfelbaum	104
darein	104
Objektivität	104
sinnvolle	104
herumrennen	104
sorgfältiger	104
töle	104
muchachos	104
wutanfälle	104
frühstückt	104
harcourt	104
interessantesten	104
nervenheilanstalt	104
zusammengezogen	104
vorväter	104
ernennt	104
jip	104
übereilt	104
fen	104
seok	104
frigide	104
mutterschaft	104
Plappermaul	104
matschig	104
platzangst	104
rya	104
blumentopf	104
leblos	104
vielversprechende	104
notrufe	104
diskreter	104
cissy	104
zurueck	104
osbourne	104
Aufreißer	104
bruna	104
frühmorgens	104
cartier	104
viking	104
heldenhafte	104
Winkte	104
Hein	104
Simst	104
erfrischt	104
fluchtauto	104
herzprobleme	104
doppelschicht	104
umsetzung	104
zajac	104
wayward	104
bekloppter	104
Baguette	104
bilbo	104
Provence	104
Fäkalien	104
muffig	104
Tnt	104
schaltkreis	104
lattimer	104
telefonanrufe	104
Eunuchen	104
widersprich	104
Hinstellen	103
Entsprechen	103
Aufladen	103
Joghurt	103
Biologie	103
Ellbogen	103
Steckten	103
Steuert	103
Greife	103
Warnte	103
Wohler	103
Granaten	103
Franks	103
spott	103
raucher	103
lotterie	103
Karamell	103
Zucht	103
Brauerei	103
Unterstützer	103
Pfeiler	103
Asteroid	103
deute	103
stornieren	103
stech	103
explosive	103
kapitäns	103
konföderierten	103
trampeln	103
einbilden	103
näherkommen	103
verneigen	103
kreuzes	103
reales	103
rüsten	103
weilen	103
zwecken	103
festigen	103
brennst	103
investment	103
nachlesen	103
spazierte	103
lausche	103
nöten	103
realer	103
tanke	103
instituts	103
ausdehnen	103
Manie	103
flutwelle	103
kirschkuchen	103
dahl	103
snap	103
verleugnung	103
Tutor	103
gepredigt	103
Fondue	103
nimah	103
melli	103
verkneifen	103
versprochene	103
Bischöfe	103
Athene	103
muht	103
patrol	103
Alraune	103
Kämpfern	103
guapo	103
zusammengelebt	103
Stündchen	103
geistiges	103
lehrgang	103
abnehme	103
final	103
shoes	103
hintenrum	103
stingray	103
geschliffen	103
Spatzenhirn	103
suki	103
variable	103
Kristine	103
petz	103
janek	103
raees	103
Beitritt	103
fortzugehen	103
zurückkehrten	103
verspielen	103
geißel	103
oda	103
mungo	103
arrogantes	103
anspringt	103
aufnehme	103
verdrehten	103
reef	103
kriegsverbrechen	103
Homepage	103
platoon	103
verspielte	103
tapfersten	103
kritischer	103
blowjobs	103
draufdrücken	103
Inquisitor	103
Requiem	103
fordwick	103
gallenblase	103
spektakuläre	103
Sintflut	103
touchdowns	103
Freakshow	103
schlagartig	103
werds	103
aldous	103
forschungslabor	103
verbannte	103
royals	103
Valentines	103
osterhase	103
mead	103
col	103
fleißiger	103
Popularität	103
chipping	103
schallend	103
nachtruhe	103
beigestanden	103
reih	103
association	103
eierkopf	103
warriors	103
inoffizielle	103
Kolosseum	103
zugewandt	103
herausragende	103
betäubungsgewehr	103
lotti	103
Leibgericht	103
Anwerber	103
nd	103
langjährigen	103
autofahrt	103
Kontinenten	103
spuckte	103
verflixten	103
Smartphone	103
hauptgebäude	103
fitzpatrick	103
bleibende	103
nahem	103
alufolie	103
zarek	103
Realist	103
priest	103
überweisungen	103
amato	103
voranzutreiben	103
laufband	103
barmherzigen	103
Anekdote	103
entfremdet	103
Commonwealth	103
landminen	103
travolta	103
Anlasser	103
existierten	103
unermesslich	103
sicherheitsgurte	103
longmire	103
kristi	103
friendly	103
Fries	103
Geplauder	103
Menopause	103
nördlicher	103
crumb	103
beschwört	103
veum	103
restauriert	103
vertreibe	103
professionelles	103
ehepaare	103
Revolverhelden	103
sparkonto	103
eskortiert	103
fallend	103
Vietnamkrieg	103
unbegrenzten	103
Herzensbrecher	103
aufzuzeichnen	103
Mumps	103
pappa	103
spinal	103
mitstreiter	103
Sticker	103
conchita	103
Pet	103
pflanzte	103
büßt	103
funktionierenden	103
tilda	103
Tran	103
empfindung	103
kommts	103
standpauke	103
krankgeschrieben	103
dumpf	103
zurückverwandeln	103
sportunterricht	103
verräterische	103
konserviert	103
hay	103
Telemetrie	103
gieriger	103
weinende	103
halbach	103
Verstümmelung	103
auszulassen	103
teilung	103
beardsley	103
Guinness	103
schönster	103
Pfötchen	103
teleporter	103
waffenbesitz	103
tzu	103
brustbein	103
connection	103
brads	103
mitzwa	103
flughafens	103
Dinar	103
schnellzug	103
jour	103
res	103
sonnensystems	103
verlobungsparty	103
legends	103
mp	103
Affront	103
vergrault	103
durchschnittlicher	103
zs	103
Kompletten	102
Fenstern	102
Klammern	102
Beitragen	102
Plündern	102
Geklingelt	102
Betäuben	102
Ernster	102
Definieren	102
Ausüben	102
Verlängern	102
Getreide	102
Wissens	102
Zurücknehmen	102
Trommel	102
Bestelle	102
Vitamine	102
Faulen	102
kreuzer	102
diplomat	102
massiv	102
kompetenz	102
verfall	102
kirsche	102
Folie	102
Inbegriff	102
Konstante	102
moser	102
eigens	102
services	102
ekelt	102
aufrollen	102
projizieren	102
stoßt	102
urinieren	102
eindämmen	102
einsatzes	102
verstümmeln	102
kosmetik	102
ursprungs	102
knallte	102
bekanntgabe	102
jammerst	102
volumen	102
wanken	102
stutzen	102
fertige	102
titanen	102
strolche	102
wandten	102
gehustet	102
scheue	102
Olympus	102
außenseite	102
fortschrittliche	102
Dekret	102
myriam	102
mayweather	102
guam	102
Detektivarbeit	102
gerichtsmedizinerin	102
Dealern	102
morduntersuchung	102
erdenklichen	102
gesetzlichen	102
shades	102
fatma	102
lindberg	102
Pfunde	102
pfählen	102
tb	102
dümmsten	102
stranguliert	102
dobson	102
Sprotte	102
asami	102
auszuhelfen	102
siebenmal	102
Tornados	102
Ritterlichkeit	102
Widerworte	102
unternehmt	102
überhand	102
beklage	102
zimmerschlüssel	102
cardassianern	102
gebratenes	102
Zuspruch	102
zimmergenosse	102
Michelles	102
vorzuziehen	102
startkapital	102
rückhand	102
assistenzärztin	102
harbour	102
gönnst	102
Lilo	102
Cocktailparty	102
chlamydien	102
bekämpfte	102
Zehennägel	102
Aushängeschild	102
fallakten	102
abstellkammer	102
sasori	102
Rädchen	102
hinausgeht	102
logans	102
handgepäck	102
tragbare	102
religiöses	102
Cobain	102
eingehandelt	102
fachwissen	102
Nachspeise	102
tischtennis	102
ap	102
glasscherben	102
menschenfresser	102
hilfssheriffs	102
desinfiziert	102
carry	102
hbo	102
Anarchist	102
niro	102
tacoma	102
loverboy	102
verbrechensrate	102
classic	102
rannehmen	102
Auberginen	102
fudge	102
tarik	102
garys	102
subjektiv	102
Höflichkeiten	102
unnachgiebig	102
abhörung	102
bingham	102
zhu	102
untergräbt	102
pace	102
zauberbuch	102
rc	102
molina	102
Sternensystem	102
ungeklärte	102
bragg	102
hinausläuft	102
aufseherin	102
herausgeputzt	102
unbehelligt	102
freckles	102
umgangsformen	102
bewahr	102
reinsehen	102
Pisa	102
might	102
Larven	102
goin	102
havre	102
radiosendung	102
Paola	102
asiatin	102
loeb	102
notwendigerweise	102
ansel	102
verzerrung	102
unbekümmert	102
keefe	102
trapp	102
Ode	102
selige	102
sylvain	102
börge	102
geschlossener	102
Muskelprotz	102
Argumentation	102
Juana	102
andauert	102
verdächtigte	102
schlechthin	102
harmonisch	102
auseinandergenommen	102
helo	102
zeynep	102
receiver	102
bedürfen	102
crab	102
feuchter	102
minderwertige	102
Fundbüro	102
begünstigt	102
hur	102
morddrohungen	102
ausschaltet	102
magenverstimmung	102
schreiende	102
einflussreichen	102
Suggestion	102
besetzte	102
Herzenswunsch	102
abzuschütteln	102
stottlemeyer	102
blackbeard	102
Müllers	102
Latex	102
Proton	102
schwieg	102
bareil	102
interessanterweise	102
tayler	102
shockley	102
theory	102
etta	102
since	102
Zenturio	102
ranghöchste	102
anstandsdame	102
zusammenzuleben	102
hitch	102
brannigan	102
gefüllten	102
erforderlichen	102
enthülle	102
teilchenbeschleuniger	102
meisterhaft	102
Flügeln	101
Sperre	101
Abgeordneter	101
Kritisieren	101
Briefen	101
Gießen	101
Medikamenten	101
Fettes	101
Entwischen	101
Ringen	101
Barbaren	101
Rudern	101
Neigen	101
Blühen	101
Dünne	101
Hunderten	101
absage	101
Funker	101
Etappe	101
Barbar	101
Same	101
kreises	101
opferst	101
schwanken	101
zerstückeln	101
ausdrückt	101
besinnen	101
formeln	101
ertappen	101
heizt	101
rehabilitieren	101
defekten	101
solides	101
erstarren	101
toppen	101
schädigen	101
takte	101
kastanien	101
Oktopus	101
tweet	101
Vorfahrt	101
Nantes	101
umhüllt	101
iranische	101
Gt	101
Eskapaden	101
verwerflich	101
ehemaliges	101
pants	101
minderjähriger	101
malp	101
Irrgarten	101
mascara	101
hauptproblem	101
ziemt	101
Navajo	101
pinke	101
Ritualen	101
Salto	101
unbefugte	101
Flitzer	101
molekulare	101
velvet	101
beiläufig	101
brutales	101
einzubauen	101
dahinterstecken	101
rachid	101
vergnügungen	101
eiskalter	101
natuerlich	101
chaim	101
autohändler	101
Mentalität	101
saftiges	101
militärschule	101
bend	101
einzuspringen	101
Schlund	101
mahidevran	101
gargamel	101
Störenfried	101
harpo	101
rostiger	101
leihgabe	101
stubenrein	101
xin	101
Halo	101
unsicheren	101
hierbleibst	101
kenshiro	101
Kawasaki	101
majestätisch	101
gepachtet	101
ausschließt	101
haftet	101
Eton	101
steuerfrei	101
westflügel	101
Earls	101
jahresende	101
absalon	101
leichteste	101
Schoßhund	101
kilometerweit	101
glaubwürdige	101
beschriftet	101
Cervantes	101
loker	101
oralsex	101
streitwagen	101
einsatzbesprechung	101
aufblasen	101
rückmeldung	101
klavierklänge	101
caramba	101
Seelenheil	101
byrd	101
waiting	101
erschreckende	101
boulder	101
auswärtige	101
widersprüchlich	101
arlena	101
kolumbianische	101
tierverhalten	101
Ödland	101
Piranhas	101
Mohawk	101
eingegraben	101
esperanza	101
hortense	101
isch	101
Shrimp	101
aberdeen	101
Chronik	101
unpersönlich	101
tramp	101
gunderson	101
lehrmeister	101
dolmetscherin	101
legales	101
eigenartigen	101
markiere	101
zerstör	101
pang	101
northman	101
tamsin	101
rinaldo	101
tet	101
abstürzte	101
krantz	101
wievielte	101
durcheinandergebracht	101
justizvollzugsanstalt	101
jayne	101
heilerin	101
übersieht	101
Giraffen	101
esta	101
falschaussage	101
neubeginn	101
Nürnberg	101
sackgesicht	101
geschlechtsumwandlung	101
drinsteckt	101
entziehungskur	101
eustace	101
geknebelt	101
rübergekommen	101
Bodega	101
gemüsegarten	101
crewman	101
Watergate	101
Götterspeise	101
Faultier	101
wochentag	101
lp	101
fad	101
studiengebühren	101
kontoauszüge	101
bekämpfung	101
untauglich	101
gottlose	101
westwärts	101
pferdedieb	101
blinddarmentzündung	101
ausgeplaudert	101
Laos	101
zahnbürsten	101
schichtwechsel	101
ungarischen	101
francoise	101
biblischen	101
Abdomen	101
Hobart	101
loukauskis	101
vertrautes	101
parkman	101
wilkinson	101
rausgeputzt	101
mörderischer	101
reinpasst	101
Einblicke	101
tutet	101
kalifornische	101
angegossen	101
wirbelwind	101
Geplapper	101
vane	101
unerlaubtes	101
wiederzuhaben	101
ungeborenes	101
luck	101
stammgäste	101
Marienkäfer	101
Siesta	101
yousef	101
elspeth	101
Gerti	101
ansprach	101
gestützt	101
frittierte	101
abwasserkanal	101
Minsk	101
reichts	101
dry	101
